id,user_id,total_amount,discount_amount,final_amount,status,created_at
1,4,58.41,2.32,56.09,PAID,2024-05-08 10:45:44
2,4,294.76,47.44,247.32,PAID,2024-09-17 11:20:03
3,4,124.65,7.75,116.90,COMPLETED,2024-01-08 16:00:11
4,34,159.24,22.30,136.94,SHIPPING,2024-12-10 08:06:21
5,36,281.62,9.02,272.60,PAID,2024-01-02 01:04:00
6,17,164.67,11.46,153.21,SHIPPING,2024-03-16 07:53:24
7,29,99.23,13.63,85.60,PAID,2024-09-29 08:04:57
8,38,121.96,19.96,102.00,PACKING,2024-10-01 21:15:16
9,1,285.31,14.93,270.38,CREATED,2024-08-03 07:05:21
10,38,75.47,8.94,66.53,SHIPPING,2024-04-25 12:26:44
11,30,221.40,30.76,190.64,PACKING,2025-11-17 13:08:57
12,19,259.22,36.09,223.13,PAID,2024-05-26 07:16:08
13,15,261.97,57.23,204.74,SHIPPING,2024-08-29 08:18:34
14,40,319.66,32.89,286.77,PAID,2025-06-22 19:47:10
15,7,317.92,19.00,298.92,CREATED,2025-08-29 12:20:38
16,29,223.80,55.69,168.11,PACKING,2025-05-17 04:40:00
17,11,78.30,16.24,62.06,PAID,2024-09-26 23:43:56
18,33,267.82,53.88,213.94,SHIPPING,2025-12-31 02:09:24
19,47,269.66,32.64,237.02,PACKING,2025-10-13 19:11:14
20,30,315.85,34.06,281.79,CREATED,2025-08-22 13:08:39
21,19,69.55,2.02,67.53,COMPLETED,2024-03-04 08:45:24
22,37,162.91,40.45,122.46,COMPLETED,2025-05-21 00:03:45
23,30,94.22,1.56,92.66,PACKING,2024-10-01 04:07:54
24,40,85.38,12.70,72.68,COMPLETED,2025-01-18 09:19:28
25,29,239.57,53.39,186.18,CREATED,2024-03-23 23:34:08
26,30,27.32,3.91,23.41,PAID,2024-03-29 12:19:46
27,40,165.57,27.98,137.59,CREATED,2024-01-29 15:05:30
28,27,17.99,4.31,13.68,COMPLETED,2024-01-08 10:24:12
29,28,92.16,10.55,81.61,PAID,2025-02-11 06:52:23
30,43,284.67,51.69,232.98,PAID,2024-02-12 02:42:39
31,13,82.65,6.03,76.62,COMPLETED,2024-02-05 07:10:26
32,18,248.19,28.18,220.01,PACKING,2024-06-21 01:19:25
33,8,101.64,22.51,79.13,PAID,2025-10-24 12:54:14
34,28,17.69,2.50,15.19,CREATED,2024-08-07 06:04:02
35,8,192.37,17.58,174.79,COMPLETED,2026-01-07 02:53:42
36,20,301.16,56.95,244.21,PAID,2025-06-24 19:45:23
37,33,318.64,7.55,311.09,COMPLETED,2025-11-30 03:40:37
38,13,117.87,15.26,102.61,COMPLETED,2025-11-07 11:09:46
39,39,159.13,14.24,144.89,PAID,2024-08-08 18:00:34
40,33,65.89,8.21,57.68,PACKING,2024-03-21 11:38:32
41,31,104.27,20.60,83.67,COMPLETED,2025-09-09 08:09:52
42,23,212.49,20.21,192.28,SHIPPING,2024-08-17 21:12:13
43,6,64.71,3.43,61.28,CREATED,2024-10-26 16:11:23
44,28,178.93,23.94,154.99,SHIPPING,2024-06-14 22:00:56
45,32,80.45,15.70,64.75,PAID,2024-11-11 05:47:55
46,42,55.57,9.74,45.83,PAID,2024-05-01 12:05:01
47,23,237.98,8.96,229.02,PAID,2025-03-24 18:19:21
48,13,81.34,4.60,76.74,PACKING,2024-11-05 22:48:09
49,46,269.70,27.40,242.30,PACKING,2025-11-27 18:04:49
50,23,221.67,18.48,203.19,PAID,2025-08-11 14:19:55
51,39,141.72,34.26,107.46,PACKING,2024-10-06 08:02:25
52,19,49.29,10.46,38.83,COMPLETED,2026-01-03 04:54:28
53,30,220.86,50.10,170.76,CREATED,2024-02-11 01:35:38
54,30,169.60,34.40,135.20,COMPLETED,2024-04-02 12:57:40
55,19,241.89,7.47,234.42,SHIPPING,2024-08-27 20:27:01
56,32,179.09,24.41,154.68,PACKING,2025-02-27 04:13:58
57,50,162.85,4.06,158.79,CREATED,2024-07-19 12:54:40
58,35,337.46,5.18,332.28,SHIPPING,2025-07-13 22:29:43
59,20,19.71,1.14,18.57,COMPLETED,2025-08-16 04:41:07
60,30,219.28,16.93,202.35,PAID,2025-01-03 14:34:49
61,46,219.40,27.86,191.54,CREATED,2024-07-05 14:29:56
62,44,250.66,12.58,238.08,PACKING,2024-08-08 03:51:30
63,23,214.84,6.09,208.75,CREATED,2024-12-13 06:50:10
64,16,188.41,36.64,151.77,CREATED,2024-10-29 04:35:19
65,8,114.38,17.29,97.09,PACKING,2025-05-30 02:46:41
66,49,40.43,9.30,31.13,COMPLETED,2024-03-31 05:53:28
67,29,182.28,40.05,142.23,CREATED,2025-01-24 23:51:01
68,20,132.08,11.53,120.55,COMPLETED,2024-03-21 08:31:18
69,28,240.34,41.11,199.23,PAID,2025-02-25 14:16:34
70,44,62.48,13.88,48.60,PAID,2025-06-26 14:56:48
71,20,192.38,34.34,158.04,PACKING,2025-04-22 14:06:09
72,16,197.48,6.02,191.46,COMPLETED,2024-02-01 12:56:48
73,7,184.16,2.30,181.86,SHIPPING,2024-11-04 22:54:52
74,25,338.60,11.60,327.00,PACKING,2026-01-19 03:12:50
75,23,201.27,21.45,179.82,PACKING,2024-06-15 16:08:33
76,12,20.55,4.75,15.80,COMPLETED,2025-12-23 15:07:29
77,38,299.92,61.89,238.03,SHIPPING,2025-12-19 18:13:08
78,2,119.93,6.97,112.96,COMPLETED,2025-03-05 03:31:05
79,30,268.64,26.28,242.36,COMPLETED,2025-04-23 23:17:07
80,16,170.75,25.67,145.08,CREATED,2025-03-05 02:40:21
81,35,90.90,5.36,85.54,COMPLETED,2024-04-02 11:06:59
82,23,167.39,17.97,149.42,PACKING,2025-01-23 10:09:19
83,46,186.25,44.51,141.74,SHIPPING,2025-12-04 01:34:44
84,43,331.96,65.26,266.70,CREATED,2025-03-13 06:16:41
85,23,170.98,39.13,131.85,COMPLETED,2025-05-22 22:31:39
86,46,199.10,34.38,164.72,PACKING,2025-10-03 05:39:25
87,40,226.59,1.69,224.90,PAID,2025-03-26 04:30:02
88,19,221.90,51.91,169.99,SHIPPING,2024-08-15 02:30:44
89,41,230.42,8.02,222.40,SHIPPING,2025-05-23 14:10:28
90,45,36.84,3.06,33.78,CREATED,2025-06-29 11:16:59
91,17,187.38,13.39,173.99,SHIPPING,2024-12-22 14:49:57
92,18,315.56,43.69,271.87,SHIPPING,2025-07-22 10:36:21
93,44,214.99,45.58,169.41,COMPLETED,2025-10-29 20:45:33
94,25,279.24,12.95,266.29,CREATED,2025-11-19 18:06:15
95,39,147.27,17.91,129.36,COMPLETED,2025-06-04 01:14:36
96,1,36.21,2.15,34.06,PAID,2024-02-05 07:57:17
97,49,44.82,3.54,41.28,SHIPPING,2024-09-13 11:18:27
98,34,308.83,45.12,263.71,PACKING,2024-05-01 00:33:38
99,19,37.14,5.15,31.99,PACKING,2024-01-24 17:38:38
100,8,145.11,9.81,135.30,CREATED,2024-04-02 00:43:35
101,15,164.08,7.22,156.86,PAID,2025-10-01 14:17:52
102,37,239.50,6.17,233.33,PAID,2024-01-29 10:35:08
103,27,233.24,47.73,185.51,CREATED,2025-06-16 07:30:01
104,33,265.90,45.67,220.23,CREATED,2024-04-11 06:47:01
105,2,237.78,55.52,182.26,CREATED,2025-08-14 01:46:54
106,49,191.16,14.04,177.12,PAID,2025-03-02 09:30:53
107,25,211.69,22.23,189.46,PACKING,2024-01-20 14:27:50
108,23,43.52,9.61,33.91,SHIPPING,2025-02-12 04:45:51
109,35,200.00,17.29,182.71,PACKING,2024-10-15 13:00:47
110,31,30.33,1.39,28.94,PAID,2024-10-02 08:51:50
111,22,216.20,43.20,173.00,PACKING,2024-10-01 20:31:00
112,5,282.38,46.72,235.66,COMPLETED,2024-01-12 11:46:47
113,4,274.64,23.37,251.27,CREATED,2025-02-04 17:58:04
114,49,227.69,44.07,183.62,COMPLETED,2024-01-11 09:34:08
115,19,61.70,7.81,53.89,PACKING,2024-10-23 20:28:44
116,34,240.43,2.04,238.39,PACKING,2025-09-16 04:53:39
117,12,73.16,5.97,67.19,SHIPPING,2025-08-25 00:18:13
118,12,42.72,6.39,36.33,PAID,2024-03-12 00:03:15
119,13,246.79,35.58,211.21,CREATED,2024-09-20 18:04:59
120,5,78.12,6.28,71.84,COMPLETED,2024-03-07 06:20:37
121,46,13.77,3.35,10.42,COMPLETED,2025-12-06 22:28:17
122,1,302.70,53.26,249.44,PAID,2024-06-11 10:13:24
123,26,200.44,3.02,197.42,SHIPPING,2024-08-18 15:56:16
124,41,59.32,3.89,55.43,SHIPPING,2026-01-19 16:40:00
125,8,269.99,62.04,207.95,SHIPPING,2025-07-08 17:37:21
126,8,227.51,29.13,198.38,PACKING,2024-10-26 08:22:39
127,34,341.62,40.28,301.34,PAID,2024-12-29 07:32:58
128,8,136.84,18.86,117.98,PACKING,2025-03-09 21:07:21
129,35,344.39,72.12,272.27,SHIPPING,2025-07-03 10:45:49
130,5,166.15,15.56,150.59,PAID,2025-05-11 10:42:41
131,6,201.79,17.59,184.20,SHIPPING,2025-09-18 07:18:55
132,40,125.58,13.15,112.43,SHIPPING,2025-02-03 00:02:56
133,13,194.79,33.96,160.83,COMPLETED,2024-04-09 06:05:45
134,46,67.56,14.32,53.24,CREATED,2025-02-06 09:38:29
135,33,63.22,12.77,50.45,PACKING,2026-01-30 22:12:16
136,22,301.07,5.35,295.72,PACKING,2025-07-18 04:18:24
137,29,126.98,21.44,105.54,COMPLETED,2024-07-15 20:06:27
138,8,41.77,2.33,39.44,CREATED,2025-04-11 02:40:38
139,29,205.17,36.19,168.98,SHIPPING,2024-03-01 00:05:54
140,48,76.13,0.93,75.20,PACKING,2024-01-16 13:49:12
141,26,182.00,28.94,153.06,SHIPPING,2025-03-01 01:37:11
142,42,167.84,13.60,154.24,CREATED,2025-06-09 12:06:19
143,34,291.72,71.82,219.90,PAID,2025-08-04 04:55:08
144,2,301.32,44.69,256.63,COMPLETED,2025-11-02 16:13:22
145,14,98.84,7.07,91.77,PAID,2024-06-25 08:18:08
146,39,248.35,38.97,209.38,PAID,2025-08-15 04:35:20
147,22,157.84,9.33,148.51,PACKING,2024-08-21 10:30:13
148,28,176.12,29.58,146.54,COMPLETED,2024-02-24 04:23:45
149,39,232.35,7.65,224.70,COMPLETED,2025-03-26 15:27:05
150,21,28.50,3.97,24.53,PACKING,2024-02-18 05:29:28
151,34,120.19,2.76,117.43,PACKING,2025-04-07 11:22:14
152,2,24.08,5.42,18.66,PAID,2025-08-02 08:55:00
153,32,177.94,16.74,161.20,PACKING,2025-01-17 19:27:43
154,50,176.69,17.17,159.52,SHIPPING,2025-09-26 02:57:45
155,39,317.50,73.83,243.67,COMPLETED,2024-01-28 10:43:56
156,29,94.59,13.94,80.65,COMPLETED,2024-05-05 20:09:11
157,12,241.05,45.80,195.25,COMPLETED,2024-05-17 18:34:53
158,36,75.03,9.81,65.22,SHIPPING,2025-12-13 06:18:12
159,32,257.51,6.95,250.56,PACKING,2024-12-28 06:52:29
160,3,34.66,0.52,34.14,PACKING,2025-08-20 13:18:19
161,4,12.26,0.72,11.54,CREATED,2025-01-09 14:45:07
162,33,152.89,14.92,137.97,SHIPPING,2024-01-16 16:27:20
163,11,255.79,29.93,225.86,COMPLETED,2025-09-19 18:18:13
164,33,225.59,0.38,225.21,CREATED,2025-11-21 02:53:59
165,34,139.23,18.01,121.22,CREATED,2025-10-30 17:05:30
166,6,279.16,69.78,209.38,SHIPPING,2026-01-29 23:41:38
167,1,101.77,1.25,100.52,SHIPPING,2025-02-14 10:32:06
168,38,292.50,2.10,290.40,PACKING,2024-11-23 18:09:43
169,47,274.11,34.61,239.50,CREATED,2025-09-07 19:59:15
170,9,329.62,25.13,304.49,COMPLETED,2025-12-29 13:02:07
171,44,244.69,12.01,232.68,CREATED,2024-10-05 13:00:45
172,45,315.61,25.74,289.87,SHIPPING,2025-01-31 23:40:21
173,25,215.16,42.55,172.61,PAID,2024-11-28 18:41:57
174,17,138.16,29.85,108.31,COMPLETED,2025-05-13 12:08:02
175,33,57.61,2.78,54.83,COMPLETED,2024-01-11 10:44:42
176,33,46.87,1.62,45.25,PAID,2024-12-22 15:14:44
177,42,308.36,74.14,234.22,SHIPPING,2025-10-31 15:23:40
178,25,251.92,34.79,217.13,PACKING,2024-11-09 13:51:36
179,22,310.09,63.21,246.88,SHIPPING,2025-09-08 19:10:39
180,28,57.05,6.27,50.78,PACKING,2025-01-27 14:50:32
181,47,239.45,7.47,231.98,SHIPPING,2024-04-24 17:47:00
182,36,230.25,47.67,182.58,PACKING,2025-04-10 12:17:30
183,5,348.34,35.71,312.63,PACKING,2024-11-16 21:14:08
184,33,334.59,15.11,319.48,SHIPPING,2025-03-31 13:21:52
185,46,254.38,23.19,231.19,CREATED,2024-11-07 14:57:32
186,25,128.05,16.87,111.18,PACKING,2025-11-20 23:47:50
187,39,40.15,3.73,36.42,COMPLETED,2024-05-02 16:15:26
188,43,303.36,27.27,276.09,CREATED,2024-05-25 18:52:41
189,26,55.92,9.97,45.95,CREATED,2025-06-25 04:14:29
190,33,84.99,20.43,64.56,PACKING,2024-07-07 23:27:23
191,41,164.54,33.70,130.84,CREATED,2024-01-25 11:09:24
192,34,257.82,56.20,201.62,CREATED,2024-01-08 15:52:17
193,7,16.78,3.73,13.05,PACKING,2024-01-04 02:22:20
194,2,192.42,34.09,158.33,PAID,2025-04-02 02:38:35
195,32,153.29,9.04,144.25,PACKING,2026-01-11 16:33:06
196,8,216.95,10.84,206.11,PAID,2025-05-19 21:48:55
197,14,329.46,17.70,311.76,PACKING,2025-08-14 17:50:38
198,4,157.07,21.05,136.02,CREATED,2025-10-15 10:35:12
199,29,171.24,7.48,163.76,COMPLETED,2024-06-14 09:30:40
200,16,170.07,2.49,167.58,PACKING,2024-11-12 13:52:04
201,30,322.12,62.73,259.39,CREATED,2025-03-28 15:58:49
202,3,333.31,67.45,265.86,CREATED,2024-05-05 22:54:43
203,48,252.17,34.01,218.16,PACKING,2025-11-02 16:30:04
204,20,254.22,42.94,211.28,CREATED,2024-12-19 13:24:44
205,33,250.74,4.15,246.59,CREATED,2024-06-20 07:26:54
206,19,285.81,0.64,285.17,PAID,2024-04-02 12:13:44
207,41,96.34,14.32,82.02,COMPLETED,2025-02-17 14:22:51
208,35,229.77,18.95,210.82,CREATED,2024-06-26 10:57:20
209,31,261.35,16.89,244.46,COMPLETED,2024-04-27 00:10:33
210,33,235.52,22.87,212.65,PACKING,2024-03-27 01:55:12
211,50,123.64,14.13,109.51,PACKING,2024-10-12 10:11:22
212,47,72.90,14.51,58.39,CREATED,2025-03-27 00:21:49
213,20,327.39,41.04,286.35,PACKING,2024-01-01 01:18:48
214,42,107.34,8.81,98.53,PACKING,2024-11-17 06:29:38
215,21,287.11,27.67,259.44,PAID,2025-11-24 19:42:56
216,41,37.55,7.19,30.36,PACKING,2025-09-20 14:07:45
217,47,48.58,0.60,47.98,PACKING,2025-01-27 14:24:39
218,5,19.23,2.58,16.65,CREATED,2025-02-25 16:18:00
219,10,326.73,21.68,305.05,COMPLETED,2024-06-20 17:11:55
220,1,320.89,7.09,313.80,CREATED,2025-04-14 21:45:16
221,27,150.21,3.78,146.43,SHIPPING,2025-09-06 12:08:59
222,22,334.74,64.25,270.49,SHIPPING,2025-07-29 23:02:27
223,11,66.96,6.92,60.04,PAID,2026-01-01 05:51:00
224,22,191.77,19.34,172.43,SHIPPING,2024-11-20 01:23:06
225,34,61.66,5.84,55.82,PAID,2024-08-30 06:07:47
226,39,150.02,9.49,140.53,SHIPPING,2025-06-04 15:02:35
227,38,274.94,5.93,269.01,CREATED,2025-09-27 23:57:29
228,44,272.86,25.08,247.78,PAID,2025-03-25 00:00:09
229,40,305.73,21.84,283.89,CREATED,2026-01-17 11:10:57
230,34,136.21,24.92,111.29,SHIPPING,2025-02-20 04:11:56
231,32,306.25,51.73,254.52,CREATED,2024-05-22 07:07:29
232,42,138.87,18.19,120.68,CREATED,2024-01-22 00:42:03
233,8,21.64,4.09,17.55,PACKING,2024-09-27 10:48:27
234,6,116.59,8.00,108.59,CREATED,2024-06-08 06:39:48
235,7,225.70,25.06,200.64,SHIPPING,2024-06-21 01:26:12
236,24,31.16,6.56,24.60,COMPLETED,2024-03-01 00:49:32
237,23,277.72,66.72,211.00,PACKING,2025-06-12 22:26:09
238,43,76.12,16.42,59.70,COMPLETED,2025-01-28 13:28:10
239,40,222.39,22.88,199.51,SHIPPING,2025-11-21 21:41:24
240,32,331.56,40.96,290.60,COMPLETED,2025-06-21 07:38:29
241,38,249.96,16.07,233.89,COMPLETED,2025-08-18 07:47:25
242,39,80.49,4.34,76.15,PAID,2026-01-27 22:17:12
243,24,202.02,45.11,156.91,CREATED,2024-02-01 13:48:21
244,29,49.55,0.28,49.27,PACKING,2024-01-12 21:44:14
245,37,334.65,69.67,264.98,CREATED,2024-02-14 20:12:24
246,3,79.10,15.22,63.88,SHIPPING,2025-07-27 10:01:32
247,11,76.27,11.80,64.47,SHIPPING,2025-12-21 23:42:27
248,21,109.11,19.38,89.73,SHIPPING,2024-12-05 22:43:39
249,1,174.30,18.18,156.12,SHIPPING,2025-09-07 06:25:57
250,17,118.97,12.35,106.62,CREATED,2024-08-27 16:25:00
251,31,182.21,25.18,157.03,COMPLETED,2025-04-08 00:44:26
252,4,307.42,34.18,273.24,SHIPPING,2024-12-27 03:48:57
253,15,64.14,14.17,49.97,CREATED,2024-08-28 02:23:37
254,45,177.07,33.31,143.76,PACKING,2025-12-17 01:55:47
255,49,168.83,35.40,133.43,PAID,2025-10-15 12:51:49
256,6,213.94,21.08,192.86,PACKING,2026-01-14 06:52:02
257,50,259.66,50.40,209.26,COMPLETED,2024-08-06 04:48:41
258,11,334.59,30.47,304.12,PACKING,2024-09-27 21:00:57
259,44,23.89,2.36,21.53,PACKING,2025-10-07 08:42:11
260,47,43.71,3.49,40.22,COMPLETED,2025-09-01 07:00:40
261,28,55.13,0.96,54.17,PACKING,2025-07-28 15:59:57
262,34,287.43,53.62,233.81,CREATED,2025-07-07 07:32:04
263,9,278.68,43.74,234.94,CREATED,2025-09-17 15:23:30
264,5,27.17,1.50,25.67,PACKING,2025-07-15 01:39:26
265,40,142.83,10.31,132.52,CREATED,2025-04-25 21:45:10
266,33,191.29,8.69,182.60,PACKING,2025-01-17 11:36:36
267,48,172.86,13.29,159.57,CREATED,2025-11-29 14:10:54
268,34,18.60,1.48,17.12,PAID,2026-01-21 14:01:35
269,8,254.34,17.87,236.47,CREATED,2024-04-10 17:47:47
270,34,36.52,2.87,33.65,COMPLETED,2024-12-25 12:23:32
271,15,253.95,48.26,205.69,PAID,2025-10-12 08:23:30
272,14,171.01,19.52,151.49,COMPLETED,2024-10-09 19:20:04
273,44,12.03,0.97,11.06,SHIPPING,2024-11-20 05:38:01
274,22,339.98,80.94,259.04,SHIPPING,2024-10-20 21:48:45
275,37,194.44,33.01,161.43,COMPLETED,2024-04-26 05:41:12
276,13,293.64,17.29,276.35,COMPLETED,2025-03-08 00:47:53
277,27,288.31,45.34,242.97,COMPLETED,2026-02-01 23:02:50
278,19,120.45,2.25,118.20,PAID,2024-06-29 06:34:02
279,38,279.03,36.12,242.91,SHIPPING,2024-01-29 01:01:29
280,36,136.26,19.50,116.76,COMPLETED,2025-06-30 21:22:24
281,13,94.83,9.32,85.51,COMPLETED,2025-01-01 06:38:28
282,42,167.99,9.63,158.36,CREATED,2025-12-28 13:24:30
283,36,124.57,20.55,104.02,SHIPPING,2025-07-15 17:47:18
284,26,264.04,10.05,253.99,PACKING,2024-09-21 16:10:07
285,38,242.59,29.83,212.76,PACKING,2025-01-20 13:05:44
286,2,215.17,41.06,174.11,COMPLETED,2024-11-17 15:39:51
287,45,16.84,2.31,14.53,PACKING,2025-10-18 07:45:59
288,42,271.32,4.48,266.84,PAID,2024-05-18 20:54:49
289,44,129.51,19.72,109.79,SHIPPING,2025-11-29 09:44:42
290,1,134.14,4.88,129.26,COMPLETED,2025-08-13 04:41:05
291,16,225.33,44.11,181.22,PAID,2025-09-09 11:57:11
292,29,15.09,3.53,11.56,PACKING,2024-10-26 05:41:32
293,41,74.39,6.78,67.61,COMPLETED,2025-01-22 05:20:05
294,7,110.31,14.77,95.54,PACKING,2025-09-19 07:21:48
295,50,273.25,58.21,215.04,SHIPPING,2025-10-07 04:55:57
296,33,215.74,31.21,184.53,CREATED,2025-08-05 20:03:15
297,27,91.88,1.94,89.94,SHIPPING,2024-12-15 04:37:25
298,21,79.49,14.17,65.32,CREATED,2024-05-13 23:32:41
299,39,260.86,29.22,231.64,COMPLETED,2024-05-16 20:29:13
300,2,339.08,9.18,329.90,COMPLETED,2025-10-13 06:37:27
301,17,313.80,51.07,262.73,SHIPPING,2024-12-05 07:38:50
302,26,245.13,51.32,193.81,PACKING,2025-12-14 23:15:39
303,20,279.06,68.16,210.90,COMPLETED,2024-07-29 02:08:58
304,31,242.91,32.12,210.79,COMPLETED,2024-05-15 05:04:15
305,1,145.79,15.60,130.19,SHIPPING,2024-05-25 23:26:17
306,43,232.46,20.96,211.50,PACKING,2025-09-05 20:47:03
307,48,158.32,16.99,141.33,PAID,2024-02-04 04:00:39
308,22,48.62,6.13,42.49,CREATED,2024-09-03 08:11:14
309,34,316.02,70.14,245.88,SHIPPING,2025-08-31 23:12:26
310,2,39.20,6.09,33.11,CREATED,2025-03-19 21:15:13
311,26,273.65,3.62,270.03,PAID,2025-11-22 23:21:07
312,39,180.25,43.65,136.60,PAID,2025-08-28 14:50:24
313,13,147.42,17.10,130.32,PACKING,2024-10-03 02:09:36
314,49,66.37,8.99,57.38,COMPLETED,2024-11-21 05:59:15
315,19,216.49,33.92,182.57,PAID,2024-09-13 09:17:23
316,14,191.60,26.28,165.32,COMPLETED,2025-02-17 10:30:07
317,14,334.73,81.57,253.16,PACKING,2025-05-19 12:45:13
318,25,285.20,37.32,247.88,SHIPPING,2024-09-30 19:44:03
319,45,57.15,5.15,52.00,COMPLETED,2026-01-06 18:10:06
320,27,283.42,11.56,271.86,PACKING,2024-12-15 18:13:28
321,20,341.47,6.70,334.77,CREATED,2025-01-04 04:49:43
322,40,145.32,7.29,138.03,COMPLETED,2024-02-21 00:43:12
323,35,100.36,10.29,90.07,SHIPPING,2025-10-03 17:03:19
324,16,60.99,8.67,52.32,PACKING,2024-08-02 18:39:42
325,38,187.72,33.86,153.86,CREATED,2024-11-20 16:28:12
326,39,246.43,0.98,245.45,COMPLETED,2026-01-12 07:52:00
327,33,18.82,3.85,14.97,SHIPPING,2024-04-10 12:36:36
328,37,168.17,29.19,138.98,PACKING,2025-10-17 17:20:25
329,35,30.44,5.21,25.23,SHIPPING,2024-02-28 16:27:21
330,47,35.51,2.58,32.93,COMPLETED,2025-01-08 05:58:58
331,2,285.34,56.88,228.46,PAID,2024-12-28 03:10:24
332,33,313.04,50.10,262.94,CREATED,2024-05-11 12:48:07
333,31,272.10,56.45,215.65,COMPLETED,2025-02-02 06:32:00
334,38,286.53,52.56,233.97,SHIPPING,2024-03-14 10:29:59
335,8,138.53,2.83,135.70,CREATED,2026-01-05 10:25:47
336,49,75.01,16.58,58.43,PAID,2024-12-18 07:23:16
337,33,220.71,46.94,173.77,PAID,2024-09-27 18:40:05
338,44,331.16,28.34,302.82,COMPLETED,2025-11-20 14:10:40
339,42,325.83,59.28,266.55,SHIPPING,2024-07-14 09:52:31
340,6,332.05,1.49,330.56,CREATED,2024-04-21 20:10:48
341,2,169.95,27.21,142.74,CREATED,2025-12-27 21:04:54
342,34,78.15,4.53,73.62,COMPLETED,2024-10-31 00:03:57
343,31,156.51,3.03,153.48,PAID,2024-08-31 05:15:54
344,19,179.09,29.37,149.72,COMPLETED,2026-01-22 21:19:57
345,50,260.61,31.15,229.46,PAID,2024-02-10 07:45:55
346,18,229.55,1.09,228.46,SHIPPING,2025-03-08 18:23:24
347,19,11.65,2.01,9.64,SHIPPING,2024-08-23 00:11:20
348,32,277.51,2.68,274.83,CREATED,2024-11-28 03:48:56
349,8,189.52,4.46,185.06,PAID,2024-11-04 23:52:29
350,22,22.13,0.03,22.10,PAID,2026-01-21 00:29:45
351,19,306.76,27.11,279.65,PACKING,2025-07-14 10:09:05
352,47,67.15,12.65,54.50,CREATED,2024-09-26 15:17:25
353,45,237.57,44.79,192.78,CREATED,2025-05-14 03:47:06
354,28,96.14,8.67,87.47,SHIPPING,2024-07-21 08:12:16
355,10,318.93,70.11,248.82,PACKING,2025-03-05 16:19:30
356,5,80.31,11.24,69.07,PAID,2025-07-30 14:39:45
357,14,153.01,32.69,120.32,SHIPPING,2024-12-12 02:58:32
358,24,266.37,10.21,256.16,SHIPPING,2026-01-29 07:56:46
359,32,149.88,19.82,130.06,PACKING,2026-01-08 06:11:17
360,38,93.71,21.01,72.70,CREATED,2026-01-16 05:19:57
361,1,99.95,0.46,99.49,PACKING,2025-05-05 03:16:21
362,19,236.13,14.30,221.83,SHIPPING,2025-09-07 07:21:59
363,32,236.79,8.70,228.09,SHIPPING,2024-12-22 00:45:37
364,2,342.71,6.64,336.07,PAID,2025-08-06 11:47:36
365,21,91.29,0.84,90.45,CREATED,2025-06-07 22:20:37
366,15,312.43,9.33,303.10,SHIPPING,2024-05-06 04:34:12
367,42,95.79,16.37,79.42,PACKING,2024-12-13 14:29:43
368,5,78.83,2.87,75.96,CREATED,2024-04-01 12:15:40
369,26,263.04,17.05,245.99,SHIPPING,2025-10-02 02:44:22
370,20,79.49,11.22,68.27,PAID,2025-11-09 18:11:39
371,28,264.02,57.74,206.28,SHIPPING,2024-03-01 17:40:22
372,29,106.20,3.08,103.12,CREATED,2024-06-21 18:46:46
373,9,132.60,7.13,125.47,CREATED,2025-06-17 10:27:09
374,46,105.12,0.61,104.51,COMPLETED,2024-06-02 05:30:41
375,13,217.08,12.48,204.60,COMPLETED,2025-03-13 16:27:57
376,47,112.02,7.64,104.38,SHIPPING,2024-09-27 15:34:43
377,50,21.00,4.64,16.36,SHIPPING,2024-10-23 12:33:09
378,12,335.05,36.07,298.98,SHIPPING,2025-09-03 12:29:29
379,9,103.02,8.56,94.46,COMPLETED,2024-06-22 05:17:50
380,11,193.68,23.52,170.16,COMPLETED,2024-05-14 14:08:40
381,24,34.72,8.00,26.72,PACKING,2024-04-12 12:00:58
382,25,39.87,9.62,30.25,PAID,2025-09-05 14:55:12
383,26,31.12,0.20,30.92,SHIPPING,2024-04-01 17:58:54
384,19,169.69,18.06,151.63,PACKING,2025-03-12 14:57:15
385,19,156.22,21.06,135.16,SHIPPING,2025-06-29 23:34:41
386,6,215.62,34.14,181.48,PAID,2025-12-02 04:31:09
387,48,321.81,56.92,264.89,COMPLETED,2024-05-10 02:53:24
388,43,140.90,25.74,115.16,CREATED,2025-07-14 01:09:54
389,47,285.68,34.53,251.15,CREATED,2024-07-13 21:47:25
390,22,111.44,10.99,100.45,PAID,2025-08-11 11:10:05
391,10,301.28,72.29,228.99,COMPLETED,2024-05-15 04:50:22
392,43,264.51,16.15,248.36,PACKING,2024-12-10 00:53:14
393,14,80.87,1.94,78.93,SHIPPING,2025-04-01 00:11:28
394,19,249.70,1.59,248.11,SHIPPING,2025-03-22 08:42:19
395,24,302.18,17.10,285.08,SHIPPING,2024-11-05 15:08:05
396,46,169.61,37.54,132.07,PAID,2024-05-20 14:31:22
397,32,220.46,1.48,218.98,CREATED,2024-06-09 11:11:49
398,34,178.77,23.28,155.49,COMPLETED,2025-04-04 10:45:43
399,15,231.93,55.16,176.77,SHIPPING,2025-11-28 12:59:09
400,48,177.69,0.75,176.94,SHIPPING,2025-08-13 17:25:25
401,41,144.70,8.81,135.89,COMPLETED,2025-05-13 07:09:29
402,50,332.75,67.89,264.86,PACKING,2025-09-26 22:01:31
403,9,151.10,8.83,142.27,CREATED,2025-06-07 21:39:44
404,2,11.90,0.55,11.35,PACKING,2024-09-07 02:29:37
405,23,295.49,43.86,251.63,COMPLETED,2025-04-03 18:36:05
406,3,32.34,1.00,31.34,PAID,2024-01-16 02:34:07
407,23,296.49,28.84,267.65,COMPLETED,2024-09-15 14:31:51
408,2,220.05,34.92,185.13,PACKING,2025-04-07 01:24:52
409,9,96.74,17.40,79.34,PAID,2025-01-19 03:33:15
410,8,201.85,18.93,182.92,PACKING,2024-01-08 13:59:00
411,49,128.87,19.63,109.24,CREATED,2024-03-07 18:15:26
412,24,283.40,9.41,273.99,PACKING,2025-07-14 20:05:15
413,14,284.96,70.93,214.03,COMPLETED,2024-08-19 12:52:24
414,49,279.07,59.21,219.86,COMPLETED,2024-12-01 12:57:54
415,1,144.35,1.17,143.18,SHIPPING,2025-02-07 14:09:50
416,43,192.71,44.15,148.56,COMPLETED,2024-02-22 00:00:46
417,40,18.46,2.17,16.29,SHIPPING,2024-11-20 09:09:01
418,4,306.61,24.11,282.50,COMPLETED,2024-11-23 09:17:15
419,44,267.05,10.64,256.41,CREATED,2024-11-10 14:03:40
420,44,37.19,7.12,30.07,SHIPPING,2025-06-30 19:09:06
421,11,88.39,18.47,69.92,COMPLETED,2025-01-03 23:45:22
422,35,190.60,14.23,176.37,SHIPPING,2024-12-09 21:47:16
423,34,289.45,35.71,253.74,COMPLETED,2024-07-21 06:35:59
424,12,36.01,4.12,31.89,COMPLETED,2024-12-04 09:03:20
425,3,124.82,15.18,109.64,PAID,2024-05-18 21:00:54
426,11,327.41,50.75,276.66,SHIPPING,2025-10-25 19:12:44
427,28,229.00,2.70,226.30,SHIPPING,2024-12-10 02:40:41
428,6,205.47,24.50,180.97,PACKING,2024-10-16 04:03:19
429,27,340.65,27.81,312.84,SHIPPING,2024-11-04 03:59:13
430,4,76.57,6.20,70.37,COMPLETED,2025-07-20 20:17:22
431,32,217.02,17.82,199.20,PACKING,2026-01-03 11:06:09
432,12,206.55,15.09,191.46,COMPLETED,2024-09-16 17:04:29
433,4,164.97,3.21,161.76,SHIPPING,2024-12-28 00:25:59
434,2,178.88,29.77,149.11,CREATED,2025-06-09 15:35:02
435,14,279.72,16.03,263.69,CREATED,2025-04-16 17:23:10
436,18,226.27,0.51,225.76,CREATED,2024-09-12 17:10:54
437,9,343.14,45.79,297.35,CREATED,2025-06-17 11:41:22
438,39,293.23,13.79,279.44,PACKING,2024-12-12 16:08:20
439,5,238.82,46.98,191.84,PACKING,2024-06-28 02:51:52
440,7,303.63,35.30,268.33,PAID,2024-10-26 15:43:11
441,13,156.42,15.34,141.08,PAID,2024-12-03 03:10:45
442,10,213.60,38.17,175.43,COMPLETED,2024-06-11 07:56:47
443,6,223.01,48.56,174.45,PAID,2024-09-10 14:26:55
444,16,16.08,2.97,13.11,SHIPPING,2025-02-21 20:30:17
445,21,65.88,8.22,57.66,PACKING,2025-12-28 11:30:36
446,32,226.23,53.33,172.90,PAID,2025-09-22 20:49:08
447,27,181.49,15.40,166.09,COMPLETED,2025-01-26 16:31:38
448,8,340.14,81.04,259.10,COMPLETED,2025-03-12 06:13:56
449,44,44.35,6.87,37.48,COMPLETED,2024-07-01 17:39:19
450,3,45.66,0.78,44.88,CREATED,2024-10-06 21:44:23
451,33,44.00,10.42,33.58,SHIPPING,2026-01-15 16:01:41
452,47,209.24,4.16,205.08,PAID,2024-03-04 02:10:02
453,12,347.70,83.95,263.75,CREATED,2025-12-11 05:37:48
454,19,314.19,35.74,278.45,CREATED,2024-11-04 00:07:50
455,45,117.59,5.38,112.21,CREATED,2025-10-18 11:29:58
456,1,54.71,9.25,45.46,PACKING,2024-09-27 03:33:58
457,38,119.28,20.23,99.05,PAID,2025-09-23 12:16:50
458,48,293.50,67.04,226.46,PACKING,2024-04-02 04:57:46
459,10,284.53,8.30,276.23,PACKING,2024-07-06 11:38:43
460,27,247.83,10.05,237.78,CREATED,2024-02-26 14:16:21
461,21,118.39,21.73,96.66,PAID,2025-09-07 08:47:09
462,16,97.19,3.19,94.00,SHIPPING,2024-02-17 05:20:51
463,2,329.39,75.92,253.47,COMPLETED,2024-03-10 01:20:25
464,6,285.28,15.98,269.30,PACKING,2025-09-24 06:32:50
465,3,307.45,70.00,237.45,PACKING,2024-01-06 21:13:45
466,26,21.01,5.21,15.80,CREATED,2025-08-28 08:28:28
467,29,17.22,0.54,16.68,SHIPPING,2024-06-02 01:47:36
468,20,209.81,49.06,160.75,SHIPPING,2024-03-11 18:16:59
469,44,334.94,64.52,270.42,CREATED,2024-07-19 12:33:40
470,18,24.83,1.98,22.85,PACKING,2024-05-23 17:09:23
471,6,48.92,3.41,45.51,COMPLETED,2024-01-31 00:30:58
472,46,129.86,4.72,125.14,COMPLETED,2024-10-26 02:07:03
473,16,176.60,42.79,133.81,CREATED,2024-05-05 01:26:57
474,11,95.78,18.04,77.74,CREATED,2024-11-13 02:21:07
475,30,215.42,27.56,187.86,PAID,2025-11-25 21:52:21
476,18,250.41,25.35,225.06,COMPLETED,2024-04-09 12:06:47
477,18,84.21,3.27,80.94,CREATED,2025-10-07 01:59:40
478,47,300.08,44.50,255.58,PACKING,2025-10-20 20:59:38
479,8,264.76,27.01,237.75,CREATED,2024-04-27 00:58:32
480,18,166.11,15.24,150.87,COMPLETED,2025-05-21 11:12:37
481,23,25.23,0.33,24.90,PACKING,2024-03-17 10:15:18
482,1,334.33,83.30,251.03,PACKING,2025-04-22 10:08:58
483,8,158.16,3.58,154.58,SHIPPING,2025-01-13 06:18:59
484,30,307.39,16.66,290.73,SHIPPING,2025-04-19 18:33:28
485,29,262.28,40.62,221.66,SHIPPING,2024-03-20 09:58:58
486,36,109.33,12.07,97.26,PACKING,2025-07-29 06:23:21
487,44,84.77,12.03,72.74,PAID,2024-10-23 08:16:07
488,35,74.38,2.92,71.46,PACKING,2025-03-11 07:46:42
489,41,205.81,7.97,197.84,PAID,2025-10-26 11:33:27
490,6,67.82,3.75,64.07,SHIPPING,2025-03-25 18:25:24
491,29,181.01,21.41,159.60,COMPLETED,2024-04-03 22:32:10
492,42,305.81,46.36,259.45,SHIPPING,2025-03-15 06:34:05
493,35,201.86,9.96,191.90,COMPLETED,2025-06-12 02:04:06
494,35,237.17,42.19,194.98,CREATED,2025-08-03 16:16:12
495,20,25.83,3.95,21.88,CREATED,2025-07-29 19:24:37
496,14,113.96,14.00,99.96,SHIPPING,2024-05-25 22:17:09
497,38,277.23,7.77,269.46,PAID,2024-01-10 19:11:15
498,26,80.03,16.01,64.02,PACKING,2024-11-05 21:13:15
499,5,102.47,5.98,96.49,PAID,2025-07-07 23:27:29
500,44,198.30,8.60,189.70,COMPLETED,2025-04-26 17:36:03
501,12,227.71,9.20,218.51,COMPLETED,2024-02-12 19:00:38
502,30,346.75,22.73,324.02,CREATED,2024-04-07 11:51:44
503,13,93.31,21.29,72.02,PAID,2024-12-04 04:00:49
504,26,298.01,0.15,297.86,PAID,2025-03-31 20:53:44
505,33,97.67,8.32,89.35,CREATED,2025-06-02 14:02:24
506,41,69.60,9.54,60.06,SHIPPING,2025-05-20 01:45:14
507,43,51.11,9.46,41.65,COMPLETED,2025-03-11 20:59:33
508,24,239.91,21.48,218.43,CREATED,2024-03-07 01:09:06
509,26,71.28,8.56,62.72,PACKING,2025-02-08 08:41:02
510,44,294.78,30.55,264.23,SHIPPING,2024-01-22 14:20:08
511,41,265.60,30.83,234.77,CREATED,2024-09-14 22:30:23
512,25,150.06,2.12,147.94,PACKING,2024-12-12 18:05:03
513,32,115.35,24.92,90.43,CREATED,2025-04-03 03:09:05
514,29,276.99,49.51,227.48,SHIPPING,2025-03-24 12:50:39
515,1,196.01,45.24,150.77,SHIPPING,2024-03-02 16:00:14
516,23,132.25,15.33,116.92,PAID,2024-09-03 22:53:58
517,25,169.93,0.92,169.01,CREATED,2025-08-06 03:52:27
518,23,332.73,47.11,285.62,SHIPPING,2024-01-17 18:20:18
519,11,240.90,7.42,233.48,PAID,2025-09-03 13:49:41
520,44,229.21,45.75,183.46,PACKING,2025-09-29 22:07:56
521,32,84.85,14.90,69.95,PACKING,2024-12-14 14:53:18
522,10,139.44,20.98,118.46,PACKING,2024-06-01 20:01:19
523,40,125.44,6.26,119.18,PACKING,2024-01-18 22:42:22
524,7,265.92,57.52,208.40,PAID,2025-03-20 12:46:24
525,31,124.41,21.75,102.66,PAID,2024-07-08 00:41:44
526,4,69.68,12.63,57.05,COMPLETED,2025-08-02 05:01:36
527,19,121.72,25.58,96.14,CREATED,2025-12-28 15:10:03
528,13,336.26,56.02,280.24,PAID,2025-07-24 14:22:06
529,10,278.39,10.62,267.77,COMPLETED,2025-12-30 07:23:29
530,11,283.38,67.89,215.49,COMPLETED,2025-12-17 09:24:33
531,28,297.52,17.94,279.58,PAID,2025-10-07 10:21:11
532,2,282.65,63.43,219.22,PAID,2024-06-09 20:18:38
533,22,246.28,8.63,237.65,PACKING,2025-02-05 03:53:17
534,43,198.76,12.70,186.06,PAID,2025-08-22 17:43:09
535,7,228.69,22.66,206.03,CREATED,2025-10-06 16:43:26
536,10,220.09,49.84,170.25,PACKING,2025-11-14 02:49:09
537,37,160.83,34.69,126.14,PAID,2024-01-10 10:51:39
538,24,12.10,1.78,10.32,COMPLETED,2024-09-16 01:19:08
539,9,225.88,19.87,206.01,PAID,2025-02-04 20:21:20
540,24,29.29,3.41,25.88,CREATED,2025-10-13 01:02:02
541,19,69.73,8.14,61.59,SHIPPING,2024-01-10 09:46:54
542,43,275.92,18.32,257.60,PAID,2024-01-03 13:04:25
543,22,342.61,43.87,298.74,SHIPPING,2024-06-18 14:20:58
544,4,159.46,19.27,140.19,PAID,2024-04-09 02:45:32
545,15,101.22,6.32,94.90,CREATED,2025-06-14 03:56:43
546,21,107.07,16.04,91.03,SHIPPING,2025-06-15 03:23:44
547,44,255.52,40.63,214.89,SHIPPING,2024-07-01 17:29:25
548,22,278.52,19.72,258.80,PAID,2025-10-04 21:47:58
549,10,216.52,50.52,166.00,COMPLETED,2024-01-31 23:04:23
550,43,330.59,60.00,270.59,COMPLETED,2024-05-21 21:33:16
551,3,226.15,42.26,183.89,SHIPPING,2024-02-16 17:55:43
552,21,43.15,0.49,42.66,PAID,2024-12-23 12:58:20
553,44,14.26,0.46,13.80,COMPLETED,2025-12-22 23:11:59
554,17,314.73,4.75,309.98,COMPLETED,2024-03-15 21:35:14
555,14,319.10,29.10,290.00,CREATED,2025-12-17 11:09:28
556,43,112.07,20.15,91.92,PACKING,2024-03-17 06:45:03
557,36,162.09,36.19,125.90,COMPLETED,2025-04-12 07:54:11
558,12,113.19,8.72,104.47,CREATED,2025-05-28 00:51:43
559,29,147.04,9.09,137.95,CREATED,2024-08-16 01:33:05
560,43,315.52,43.43,272.09,PAID,2024-01-19 09:34:01
561,22,188.64,13.19,175.45,SHIPPING,2024-09-01 13:41:47
562,35,153.02,33.51,119.51,PAID,2024-06-13 10:12:02
563,45,256.01,27.58,228.43,PAID,2024-02-19 14:21:19
564,43,249.04,16.79,232.25,PAID,2024-07-03 08:57:29
565,29,318.00,16.61,301.39,COMPLETED,2024-12-26 21:05:37
566,19,332.14,47.47,284.67,COMPLETED,2024-11-08 05:31:44
567,9,97.69,18.70,78.99,SHIPPING,2024-04-09 03:14:30
568,31,71.44,16.55,54.89,COMPLETED,2025-12-09 21:53:18
569,1,191.95,26.80,165.15,CREATED,2024-07-18 21:53:59
570,14,155.74,22.67,133.07,COMPLETED,2025-03-02 01:23:59
571,19,199.47,8.00,191.47,CREATED,2024-09-22 18:30:06
572,39,262.41,28.06,234.35,COMPLETED,2024-09-24 01:31:13
573,12,41.30,3.88,37.42,CREATED,2026-01-11 09:05:38
574,20,167.34,31.29,136.05,SHIPPING,2025-04-18 07:06:57
575,13,203.15,14.91,188.24,PAID,2026-01-28 19:13:20
576,5,145.52,10.87,134.65,PAID,2025-03-29 00:21:24
577,46,162.23,31.41,130.82,COMPLETED,2024-04-06 14:12:00
578,26,92.72,9.58,83.14,COMPLETED,2025-10-16 12:14:02
579,41,234.53,23.13,211.40,PACKING,2025-07-19 17:04:10
580,36,330.79,20.46,310.33,SHIPPING,2025-06-05 20:45:49
581,6,205.41,19.59,185.82,COMPLETED,2024-06-21 10:59:28
582,32,349.02,10.42,338.60,PAID,2025-09-30 21:10:39
583,30,79.05,8.35,70.70,PAID,2026-01-07 11:05:16
584,3,342.99,21.13,321.86,PAID,2024-10-25 10:18:36
585,33,87.11,7.23,79.88,CREATED,2024-02-28 23:05:27
586,8,135.62,22.48,113.14,PAID,2025-10-20 22:43:36
587,30,340.64,17.05,323.59,CREATED,2025-11-27 23:45:56
588,9,123.51,28.08,95.43,COMPLETED,2024-09-29 13:14:43
589,28,39.32,3.23,36.09,PACKING,2025-04-17 13:59:37
590,34,258.27,23.00,235.27,PACKING,2025-05-27 08:03:27
591,30,151.93,23.14,128.79,PAID,2025-03-26 10:35:36
592,5,336.45,65.68,270.77,SHIPPING,2025-03-08 07:19:33
593,39,291.34,16.86,274.48,SHIPPING,2025-11-22 08:19:58
594,34,101.25,9.20,92.05,SHIPPING,2025-11-20 18:32:06
595,10,205.63,7.06,198.57,PACKING,2025-10-07 01:32:48
596,4,10.23,0.54,9.69,SHIPPING,2024-07-22 11:04:23
597,15,310.52,72.09,238.43,COMPLETED,2024-04-02 21:31:15
598,21,17.02,2.27,14.75,COMPLETED,2024-02-16 18:52:32
599,36,223.10,42.18,180.92,PAID,2025-03-29 04:20:08
600,29,197.94,47.01,150.93,PAID,2024-10-16 01:18:08
601,46,226.95,11.90,215.05,COMPLETED,2024-09-25 23:28:50
602,29,340.86,3.38,337.48,CREATED,2025-04-07 02:35:00
603,5,128.32,14.39,113.93,CREATED,2025-09-28 07:01:37
604,16,104.76,13.05,91.71,PACKING,2025-09-14 00:05:57
605,12,176.47,24.88,151.59,PAID,2024-11-11 13:20:52
606,32,223.91,36.57,187.34,CREATED,2026-01-26 07:23:40
607,37,103.61,23.05,80.56,COMPLETED,2025-12-09 04:30:23
608,13,345.79,75.22,270.57,COMPLETED,2026-01-13 08:43:13
609,39,129.49,4.82,124.67,COMPLETED,2024-08-12 08:26:43
610,20,283.12,7.43,275.69,SHIPPING,2024-09-12 00:17:22
611,17,243.06,5.78,237.28,COMPLETED,2024-10-12 01:15:08
612,48,79.40,0.01,79.39,SHIPPING,2024-11-18 12:51:21
613,37,72.28,14.24,58.04,SHIPPING,2025-09-15 20:29:46
614,11,308.17,5.83,302.34,COMPLETED,2024-04-25 19:15:56
615,7,262.19,19.72,242.47,SHIPPING,2024-06-20 12:52:51
616,27,280.27,3.92,276.35,COMPLETED,2025-11-09 07:10:54
617,37,11.46,2.33,9.13,PACKING,2024-08-07 16:16:29
618,31,28.61,1.73,26.88,SHIPPING,2025-10-23 17:02:36
619,36,275.02,37.59,237.43,COMPLETED,2025-04-12 16:34:50
620,1,167.22,29.79,137.43,COMPLETED,2024-11-28 13:50:27
621,39,91.97,21.38,70.59,PACKING,2024-04-01 00:59:57
622,19,201.46,45.45,156.01,PACKING,2024-08-29 11:33:36
623,32,308.64,44.14,264.50,PAID,2025-06-03 09:40:08
624,42,225.90,18.76,207.14,SHIPPING,2024-01-29 05:02:08
625,32,259.83,46.51,213.32,PAID,2025-04-22 09:45:14
626,49,243.87,48.34,195.53,CREATED,2025-11-01 00:09:56
627,43,157.86,5.09,152.77,PACKING,2024-04-07 14:08:01
628,50,246.11,54.09,192.02,PACKING,2024-01-20 10:43:44
629,23,180.76,12.43,168.33,COMPLETED,2025-03-29 03:24:18
630,1,43.31,3.86,39.45,CREATED,2025-11-12 13:55:37
631,7,183.45,35.09,148.36,PAID,2024-07-24 06:54:06
632,46,179.28,21.49,157.79,PAID,2025-07-12 07:25:54
633,33,304.31,9.44,294.87,PACKING,2024-03-05 20:06:19
634,28,54.50,4.37,50.13,PAID,2025-08-09 01:47:36
635,1,249.22,33.71,215.51,PAID,2025-09-27 02:13:43
636,27,297.13,15.05,282.08,SHIPPING,2025-11-26 02:29:32
637,21,188.62,37.79,150.83,SHIPPING,2024-03-30 14:02:17
638,27,18.92,0.18,18.74,PACKING,2025-08-08 06:53:14
639,2,28.11,3.05,25.06,PAID,2025-06-22 10:47:19
640,38,167.49,34.10,133.39,PAID,2024-07-05 00:13:07
641,14,38.46,3.96,34.50,CREATED,2024-01-24 22:37:49
642,41,288.47,61.92,226.55,PAID,2025-04-01 09:34:32
643,19,133.79,16.98,116.81,PAID,2025-05-10 09:39:26
644,19,267.75,18.81,248.94,CREATED,2024-09-15 08:50:33
645,39,30.78,4.34,26.44,SHIPPING,2024-02-04 00:19:14
646,50,83.29,20.81,62.48,PAID,2024-12-15 06:51:29
647,39,135.19,26.26,108.93,PACKING,2024-03-21 02:18:02
648,24,263.13,25.08,238.05,PACKING,2024-12-18 08:30:44
649,5,66.18,15.59,50.59,PACKING,2024-02-29 13:27:05
650,6,259.63,52.81,206.82,PACKING,2024-11-04 15:55:59
651,24,17.26,1.07,16.19,SHIPPING,2025-06-26 23:13:14
652,3,210.48,8.66,201.82,SHIPPING,2025-11-23 05:32:56
653,20,56.80,5.98,50.82,SHIPPING,2024-01-26 23:30:10
654,37,122.58,12.34,110.24,COMPLETED,2024-07-07 09:18:15
655,18,268.98,59.92,209.06,PAID,2024-04-04 16:23:12
656,22,295.68,53.22,242.46,CREATED,2026-01-02 18:04:15
657,14,182.13,38.36,143.77,PACKING,2025-10-08 07:35:34
658,43,139.52,11.50,128.02,SHIPPING,2025-06-06 19:40:57
659,27,58.53,12.10,46.43,COMPLETED,2024-07-25 07:09:29
660,50,14.21,2.87,11.34,CREATED,2024-01-26 12:24:18
661,33,306.19,25.47,280.72,COMPLETED,2025-10-12 11:54:56
662,9,160.55,30.56,129.99,SHIPPING,2025-09-25 16:27:09
663,9,132.08,19.00,113.08,CREATED,2025-07-16 01:19:13
664,21,179.08,7.50,171.58,PACKING,2025-03-08 20:54:51
665,47,36.23,1.33,34.90,PAID,2025-11-07 13:38:00
666,5,346.42,19.45,326.97,COMPLETED,2024-07-22 20:28:45
667,19,173.65,33.53,140.12,CREATED,2024-09-11 13:29:21
668,22,172.96,18.04,154.92,PACKING,2025-09-20 23:46:36
669,40,312.94,58.28,254.66,PACKING,2024-10-18 06:20:12
670,30,69.25,5.37,63.88,SHIPPING,2024-10-17 01:57:46
671,11,72.54,12.02,60.52,PACKING,2025-06-06 22:39:31
672,26,202.56,22.83,179.73,SHIPPING,2024-06-21 03:40:36
673,24,115.22,20.28,94.94,PAID,2024-05-07 19:47:59
674,31,213.50,39.36,174.14,CREATED,2025-02-24 15:22:34
675,27,234.86,42.42,192.44,CREATED,2024-12-20 22:33:15
676,14,216.57,27.74,188.83,PACKING,2025-01-12 11:00:59
677,12,246.78,45.03,201.75,CREATED,2024-09-17 15:27:00
678,43,231.91,0.95,230.96,COMPLETED,2025-02-13 05:46:11
679,11,53.52,12.55,40.97,PACKING,2025-05-18 14:36:16
680,25,289.98,8.62,281.36,CREATED,2025-08-08 07:05:48
681,25,255.24,37.16,218.08,PAID,2025-11-12 17:17:09
682,48,262.09,27.48,234.61,SHIPPING,2024-01-11 10:53:17
683,5,345.14,24.29,320.85,PAID,2024-06-04 10:49:16
684,44,280.34,24.95,255.39,CREATED,2024-09-19 10:47:00
685,28,290.92,49.83,241.09,CREATED,2025-11-21 01:57:44
686,14,158.45,32.21,126.24,PACKING,2025-01-02 09:49:34
687,7,68.56,12.65,55.91,PAID,2025-12-02 22:52:49
688,3,195.15,40.90,154.25,SHIPPING,2025-03-27 17:10:06
689,4,343.10,65.66,277.44,PACKING,2024-11-22 18:41:30
690,30,177.74,41.33,136.41,PACKING,2024-09-16 07:21:56
691,43,273.84,49.84,224.00,SHIPPING,2024-01-05 08:03:12
692,5,86.68,0.23,86.45,PACKING,2025-02-13 23:41:46
693,29,188.32,4.81,183.51,CREATED,2024-08-26 17:32:36
694,36,211.17,43.10,168.07,COMPLETED,2025-02-03 02:03:18
695,38,183.41,21.46,161.95,CREATED,2024-03-27 00:25:38
696,19,84.27,5.86,78.41,PAID,2024-02-08 11:16:10
697,39,289.99,12.45,277.54,CREATED,2025-04-11 07:07:04
698,14,337.24,53.71,283.53,PACKING,2024-01-07 20:18:25
699,47,155.06,16.97,138.09,COMPLETED,2025-04-15 15:30:14
700,15,241.00,41.78,199.22,PACKING,2024-05-14 16:09:48
701,42,239.16,46.05,193.11,CREATED,2024-12-09 03:31:36
702,7,282.70,54.85,227.85,COMPLETED,2024-04-24 09:56:01
703,28,29.03,5.60,23.43,CREATED,2025-12-19 19:12:14
704,17,210.05,25.64,184.41,CREATED,2024-03-23 08:10:37
705,21,281.11,19.08,262.03,PACKING,2024-11-05 11:10:06
706,24,93.15,8.18,84.97,PACKING,2024-11-25 10:06:35
707,36,289.52,58.17,231.35,SHIPPING,2025-10-15 09:04:47
708,8,168.76,41.05,127.71,CREATED,2025-07-04 08:48:36
709,7,63.20,0.50,62.70,PACKING,2024-09-14 16:09:51
710,22,54.98,6.44,48.54,SHIPPING,2025-09-18 23:16:04
711,1,77.93,17.20,60.73,COMPLETED,2025-01-30 10:12:56
712,27,302.97,72.58,230.39,CREATED,2024-07-13 05:56:04
713,10,312.31,34.01,278.30,CREATED,2025-01-05 15:16:58
714,42,334.05,47.79,286.26,CREATED,2024-03-17 20:40:10
715,29,104.84,1.10,103.74,COMPLETED,2024-07-21 23:52:00
716,4,254.18,14.36,239.82,SHIPPING,2024-06-12 17:55:44
717,22,23.06,4.27,18.79,COMPLETED,2024-12-23 05:20:41
718,48,161.93,27.05,134.88,PACKING,2025-04-06 19:53:34
719,34,61.59,5.72,55.87,PAID,2024-02-19 03:43:41
720,8,272.12,1.42,270.70,PACKING,2025-04-20 20:39:19
721,9,189.91,28.67,161.24,PAID,2025-05-21 10:13:57
722,40,251.00,25.33,225.67,SHIPPING,2025-04-21 12:15:30
723,34,91.94,21.70,70.24,PACKING,2024-07-15 07:01:19
724,40,221.74,7.08,214.66,PACKING,2025-07-14 13:37:01
725,36,269.22,20.80,248.42,COMPLETED,2024-11-12 23:27:15
726,8,42.39,5.35,37.04,PAID,2024-06-09 04:59:15
727,42,231.47,5.52,225.95,COMPLETED,2025-12-17 20:28:20
728,28,248.03,35.85,212.18,COMPLETED,2024-07-13 05:35:24
729,41,157.40,33.97,123.43,COMPLETED,2025-06-17 03:02:25
730,8,184.92,24.48,160.44,CREATED,2025-11-13 02:43:02
731,37,338.09,2.61,335.48,COMPLETED,2025-03-15 13:42:35
732,46,28.59,4.27,24.32,PAID,2025-10-01 05:48:29
733,31,31.50,7.60,23.90,PAID,2024-03-06 06:22:38
734,10,85.54,3.57,81.97,SHIPPING,2025-09-25 07:19:03
735,48,205.95,30.47,175.48,PACKING,2025-01-11 14:19:55
736,25,297.17,48.12,249.05,PACKING,2024-08-02 02:43:21
737,47,149.23,4.02,145.21,SHIPPING,2025-10-31 09:27:08
738,22,149.34,5.45,143.89,PAID,2025-05-28 17:27:41
739,1,53.59,3.71,49.88,SHIPPING,2024-03-12 07:00:51
740,20,254.63,55.98,198.65,COMPLETED,2024-01-25 13:56:09
741,20,126.57,16.06,110.51,COMPLETED,2024-11-11 09:46:41
742,22,113.23,17.27,95.96,PAID,2025-12-01 13:19:03
743,28,21.86,2.47,19.39,PAID,2025-01-31 08:28:27
744,34,304.31,21.88,282.43,PACKING,2024-06-01 08:58:44
745,41,158.97,25.51,133.46,SHIPPING,2026-01-08 00:37:45
746,47,259.20,36.20,223.00,PACKING,2025-05-17 08:25:08
747,43,27.58,4.03,23.55,CREATED,2025-02-17 17:50:17
748,22,218.44,43.47,174.97,CREATED,2025-02-22 01:03:20
749,31,266.33,33.38,232.95,PAID,2025-02-28 05:36:17
750,48,199.88,3.93,195.95,SHIPPING,2024-02-26 15:12:32
751,19,169.28,15.39,153.89,PAID,2024-06-03 19:49:55
752,4,178.05,34.94,143.11,PAID,2024-06-06 12:39:25
753,36,184.35,34.10,150.25,CREATED,2025-12-15 06:07:42
754,32,339.03,13.31,325.72,SHIPPING,2024-11-21 17:45:54
755,30,140.03,34.91,105.12,COMPLETED,2025-09-21 11:33:30
756,40,228.31,26.30,202.01,CREATED,2025-03-19 17:12:32
757,23,75.36,13.59,61.77,PACKING,2024-08-30 07:38:02
758,11,31.98,2.12,29.86,CREATED,2025-07-21 08:44:25
759,43,346.88,71.12,275.76,PACKING,2025-01-06 17:36:00
760,9,142.72,30.63,112.09,COMPLETED,2025-03-13 06:57:27
761,32,186.17,28.43,157.74,COMPLETED,2025-09-25 15:55:19
762,13,302.03,32.71,269.32,CREATED,2024-08-02 23:09:12
763,19,144.06,4.19,139.87,PAID,2025-04-15 11:40:38
764,8,188.53,17.30,171.23,COMPLETED,2024-07-30 09:10:30
765,24,326.66,38.35,288.31,COMPLETED,2025-07-17 18:05:24
766,9,332.45,57.60,274.85,PAID,2025-07-23 09:16:09
767,24,198.98,43.68,155.30,PAID,2025-07-22 21:05:03
768,47,33.84,3.01,30.83,COMPLETED,2025-11-18 03:38:58
769,35,19.51,1.30,18.21,CREATED,2024-02-13 13:27:39
770,31,236.93,40.33,196.60,PACKING,2024-07-02 17:13:27
771,4,75.09,17.41,57.68,CREATED,2024-02-20 09:14:20
772,49,131.99,16.00,115.99,COMPLETED,2024-04-08 07:43:19
773,43,323.90,12.85,311.05,SHIPPING,2024-09-05 21:51:17
774,5,308.12,44.99,263.13,CREATED,2026-01-14 20:06:24
775,49,119.02,11.71,107.31,PACKING,2024-11-12 17:14:41
776,16,301.39,70.36,231.03,PACKING,2024-11-28 00:27:10
777,25,214.71,23.43,191.28,PAID,2024-06-27 19:26:20
778,31,256.39,48.40,207.99,PACKING,2024-04-14 19:06:45
779,43,228.61,5.48,223.13,PAID,2025-10-07 09:30:31
780,27,122.63,13.90,108.73,SHIPPING,2026-01-15 21:49:50
781,35,340.79,31.71,309.08,SHIPPING,2025-12-27 17:41:13
782,46,193.84,38.05,155.79,COMPLETED,2024-09-25 06:08:45
783,48,218.76,31.99,186.77,PACKING,2025-05-19 05:06:37
784,24,299.17,26.75,272.42,COMPLETED,2025-10-05 06:43:41
785,41,26.11,5.58,20.53,SHIPPING,2025-12-06 04:59:10
786,36,28.11,2.70,25.41,COMPLETED,2024-02-16 07:39:29
787,17,272.01,8.98,263.03,COMPLETED,2024-08-06 22:07:55
788,24,189.58,23.04,166.54,PAID,2025-03-25 13:18:54
789,48,84.94,11.27,73.67,SHIPPING,2024-01-15 10:41:01
790,27,103.67,2.19,101.48,PAID,2025-06-04 05:24:29
791,15,205.43,22.08,183.35,PACKING,2024-05-29 14:58:58
792,24,326.50,26.96,299.54,COMPLETED,2025-08-11 00:19:20
793,25,214.18,40.45,173.73,COMPLETED,2025-09-27 19:11:41
794,50,259.12,31.41,227.71,PAID,2024-09-22 21:47:39
795,25,112.98,13.47,99.51,COMPLETED,2024-09-24 13:43:49
796,16,90.17,2.97,87.20,COMPLETED,2025-07-10 14:59:52
797,4,105.65,16.05,89.60,COMPLETED,2025-06-26 21:20:29
798,10,56.07,6.41,49.66,PACKING,2024-02-15 23:58:03
799,47,256.75,17.19,239.56,PACKING,2024-07-06 19:00:23
800,21,122.16,28.74,93.42,PACKING,2024-11-11 02:55:00
801,3,71.77,3.65,68.12,PACKING,2024-02-11 10:37:34
802,31,217.62,23.79,193.83,SHIPPING,2025-06-23 07:06:18
803,13,291.20,24.26,266.94,COMPLETED,2025-04-22 23:07:55
804,26,349.71,65.38,284.33,COMPLETED,2025-07-08 19:09:27
805,1,93.41,9.54,83.87,PACKING,2024-09-12 03:31:06
806,34,235.46,50.33,185.13,PAID,2025-10-25 09:28:37
807,35,309.74,56.76,252.98,CREATED,2026-01-02 05:33:40
808,14,220.14,43.87,176.27,PAID,2024-09-08 19:36:23
809,12,238.90,3.23,235.67,COMPLETED,2025-03-08 22:54:54
810,27,124.60,25.90,98.70,SHIPPING,2025-12-23 18:29:47
811,25,300.45,56.60,243.85,PACKING,2025-05-15 11:36:25
812,44,325.11,40.19,284.92,PAID,2024-06-27 00:41:40
813,42,39.25,5.47,33.78,PACKING,2024-12-16 15:11:23
814,48,144.82,3.51,141.31,PAID,2024-11-04 22:28:26
815,14,110.57,10.12,100.45,COMPLETED,2025-05-11 15:14:53
816,41,68.32,12.38,55.94,CREATED,2024-04-19 12:12:35
817,32,263.72,14.29,249.43,CREATED,2024-08-27 18:37:39
818,39,45.64,5.96,39.68,SHIPPING,2025-06-06 02:33:28
819,16,105.09,17.27,87.82,SHIPPING,2025-04-05 09:10:06
820,26,106.99,9.19,97.80,SHIPPING,2024-12-16 22:31:19
821,42,258.62,15.78,242.84,PAID,2025-10-30 14:26:47
822,32,319.59,61.25,258.34,PACKING,2025-07-10 16:05:57
823,47,26.51,0.13,26.38,CREATED,2024-03-15 21:48:47
824,34,264.81,39.80,225.01,SHIPPING,2024-01-25 14:11:12
825,39,242.48,41.37,201.11,CREATED,2024-04-11 11:18:02
826,29,114.19,26.80,87.39,SHIPPING,2025-07-13 02:18:38
827,44,49.29,2.45,46.84,COMPLETED,2024-05-06 10:10:39
828,21,215.90,24.05,191.85,PAID,2025-04-06 02:09:42
829,15,226.19,27.34,198.85,PAID,2025-03-31 22:36:53
830,10,247.82,0.47,247.35,CREATED,2024-10-29 02:28:20
831,43,68.65,6.64,62.01,SHIPPING,2024-11-06 09:57:11
832,4,258.98,42.44,216.54,SHIPPING,2024-02-08 23:30:27
833,18,252.48,62.16,190.32,PACKING,2024-12-08 19:00:48
834,16,282.44,23.84,258.60,SHIPPING,2025-11-13 14:04:24
835,4,306.12,39.77,266.35,PACKING,2025-10-07 20:49:18
836,48,312.37,67.16,245.21,PAID,2025-12-05 03:48:55
837,7,228.77,38.53,190.24,PAID,2024-09-07 04:35:34
838,43,109.22,20.72,88.50,PACKING,2025-05-03 22:45:21
839,6,305.38,15.54,289.84,PACKING,2025-04-07 21:17:48
840,21,330.78,33.28,297.50,COMPLETED,2025-02-12 17:26:56
841,14,264.75,6.05,258.70,PACKING,2026-01-02 07:44:16
842,25,313.88,37.60,276.28,CREATED,2025-04-18 18:10:44
843,47,130.47,6.48,123.99,CREATED,2025-05-09 13:21:53
844,16,123.49,7.72,115.77,COMPLETED,2024-01-17 18:51:26
845,37,298.46,6.00,292.46,CREATED,2025-11-26 00:09:57
846,17,318.95,49.04,269.91,COMPLETED,2025-03-13 03:43:15
847,10,186.26,19.45,166.81,COMPLETED,2025-04-14 01:48:55
848,20,282.63,34.05,248.58,COMPLETED,2024-03-17 02:56:17
849,25,118.90,23.83,95.07,SHIPPING,2024-07-18 16:35:13
850,19,229.31,0.48,228.83,COMPLETED,2025-09-14 19:24:21
851,15,51.14,10.31,40.83,COMPLETED,2024-12-18 07:27:36
852,7,251.29,3.30,247.99,PACKING,2024-11-03 20:40:25
853,28,176.86,22.13,154.73,COMPLETED,2024-07-10 09:11:07
854,24,212.33,22.55,189.78,SHIPPING,2025-02-02 20:34:44
855,6,295.96,14.38,281.58,COMPLETED,2024-08-31 18:18:30
856,5,236.05,32.32,203.73,PACKING,2025-02-28 15:18:38
857,24,191.47,1.88,189.59,PACKING,2025-07-23 16:33:40
858,47,193.78,28.86,164.92,COMPLETED,2025-02-12 15:31:42
859,40,149.24,24.69,124.55,COMPLETED,2024-08-17 17:44:47
860,3,318.70,17.93,300.77,CREATED,2025-08-17 15:55:16
861,14,207.95,17.25,190.70,COMPLETED,2025-06-15 01:12:32
862,43,154.33,24.49,129.84,COMPLETED,2024-10-25 09:21:17
863,27,311.67,18.51,293.16,SHIPPING,2025-02-18 07:45:26
864,25,247.03,41.46,205.57,PACKING,2024-02-10 16:01:58
865,18,225.67,56.12,169.55,CREATED,2025-07-25 10:04:51
866,24,78.54,9.85,68.69,COMPLETED,2024-11-08 20:28:34
867,2,228.94,32.20,196.74,PACKING,2024-12-23 14:21:18
868,46,339.68,34.37,305.31,CREATED,2025-10-20 19:56:08
869,22,30.96,3.67,27.29,PACKING,2025-07-09 16:32:06
870,48,225.86,53.44,172.42,SHIPPING,2025-02-23 12:01:00
871,18,245.37,14.04,231.33,COMPLETED,2025-09-14 21:27:50
872,34,319.38,53.80,265.58,COMPLETED,2025-01-12 00:05:13
873,44,158.93,8.40,150.53,PAID,2024-03-21 18:37:07
874,12,177.65,10.18,167.47,PACKING,2024-09-03 21:48:34
875,35,41.20,0.86,40.34,PAID,2024-04-08 21:34:16
876,3,149.98,0.63,149.35,COMPLETED,2025-09-15 10:58:16
877,33,108.14,9.84,98.30,CREATED,2024-04-22 21:58:54
878,27,235.55,28.21,207.34,COMPLETED,2024-12-24 14:57:02
879,20,195.10,14.88,180.22,COMPLETED,2024-03-16 06:48:27
880,27,152.93,37.50,115.43,PAID,2026-01-28 10:28:32
881,27,203.67,19.05,184.62,PAID,2024-10-05 00:56:18
882,8,226.94,22.85,204.09,SHIPPING,2025-03-10 07:10:33
883,36,347.58,40.01,307.57,PAID,2025-10-13 11:46:20
884,32,276.46,47.41,229.05,SHIPPING,2024-02-19 19:51:09
885,16,34.59,2.67,31.92,PACKING,2025-09-10 12:20:57
886,29,99.33,11.32,88.01,PACKING,2024-05-18 18:47:33
887,13,309.01,65.54,243.47,COMPLETED,2024-12-15 22:09:06
888,47,313.60,22.86,290.74,COMPLETED,2024-07-17 08:55:31
889,24,51.22,8.83,42.39,PAID,2025-04-07 04:22:48
890,7,150.38,14.34,136.04,CREATED,2026-01-27 03:09:02
891,6,232.88,7.92,224.96,COMPLETED,2024-06-11 03:48:35
892,29,245.57,19.88,225.69,CREATED,2025-06-06 13:50:37
893,35,226.48,43.98,182.50,PAID,2024-01-10 20:03:36
894,24,271.06,5.14,265.92,COMPLETED,2024-06-17 08:24:49
895,22,241.25,8.59,232.66,PACKING,2024-08-31 01:46:27
896,11,66.13,11.78,54.35,SHIPPING,2025-03-24 23:30:11
897,16,33.65,2.87,30.78,PAID,2024-10-21 20:32:41
898,15,189.49,13.57,175.92,COMPLETED,2024-07-22 10:22:01
899,24,21.04,1.56,19.48,CREATED,2025-05-21 00:22:41
900,2,79.22,12.90,66.32,PAID,2025-03-23 14:14:19
901,21,249.35,31.82,217.53,PACKING,2024-02-05 07:18:16
902,12,269.89,57.60,212.29,SHIPPING,2025-04-18 21:30:08
903,13,159.75,3.93,155.82,SHIPPING,2025-10-16 03:36:40
904,48,293.60,7.51,286.09,PAID,2025-09-07 16:14:55
905,27,185.88,4.55,181.33,PACKING,2025-05-24 19:08:49
906,19,270.84,50.42,220.42,PAID,2025-01-23 07:49:48
907,46,23.85,1.37,22.48,PACKING,2025-08-26 20:46:47
908,2,70.49,16.54,53.95,PACKING,2024-02-04 20:02:47
909,29,117.80,8.25,109.55,SHIPPING,2024-12-16 13:53:40
910,24,63.16,1.21,61.95,PACKING,2025-12-21 02:36:28
911,39,149.76,8.19,141.57,PAID,2025-10-25 23:45:36
912,21,104.36,6.61,97.75,SHIPPING,2024-03-13 16:14:53
913,34,294.93,10.62,284.31,SHIPPING,2025-09-25 23:24:13
914,47,136.57,20.44,116.13,PACKING,2024-06-18 00:23:44
915,31,219.52,12.51,207.01,SHIPPING,2024-04-19 22:46:29
916,1,214.59,9.15,205.44,CREATED,2024-01-26 06:51:44
917,15,281.21,62.90,218.31,SHIPPING,2025-08-16 00:24:11
918,34,173.18,7.90,165.28,PACKING,2025-06-27 13:31:55
919,45,35.69,6.06,29.63,SHIPPING,2024-05-28 08:47:33
920,17,169.32,2.75,166.57,PACKING,2025-12-27 23:09:16
921,1,201.26,8.10,193.16,PACKING,2024-09-25 09:40:45
922,46,139.41,0.67,138.74,SHIPPING,2025-06-25 06:22:17
923,46,241.26,1.36,239.90,PACKING,2025-09-09 00:17:19
924,31,235.21,7.35,227.86,CREATED,2025-01-15 03:03:20
925,19,308.14,11.82,296.32,PACKING,2025-12-11 17:25:06
926,37,225.55,7.12,218.43,COMPLETED,2024-05-14 14:58:17
927,11,86.34,1.36,84.98,CREATED,2026-01-08 19:53:13
928,46,69.74,2.33,67.41,PAID,2025-11-15 05:30:12
929,25,83.55,10.52,73.03,SHIPPING,2024-12-04 02:09:05
930,15,194.86,3.39,191.47,PAID,2024-02-05 23:45:21
931,40,213.26,11.30,201.96,PAID,2025-11-01 16:16:54
932,36,96.18,18.87,77.31,CREATED,2024-04-01 13:02:21
933,34,102.26,11.83,90.43,COMPLETED,2026-01-18 17:01:23
934,43,317.47,39.25,278.22,SHIPPING,2024-01-28 06:26:38
935,1,152.77,19.43,133.34,PAID,2024-05-01 13:15:57
936,6,183.58,27.51,156.07,SHIPPING,2025-01-05 20:09:02
937,27,88.24,17.85,70.39,PACKING,2025-10-31 07:02:13
938,13,251.80,44.42,207.38,COMPLETED,2024-04-20 13:49:42
939,50,101.91,17.49,84.42,SHIPPING,2025-07-19 19:09:08
940,43,43.76,4.40,39.36,COMPLETED,2025-10-19 06:42:58
941,21,192.34,17.11,175.23,CREATED,2024-02-18 12:39:21
942,47,270.42,2.66,267.76,PAID,2024-10-15 03:51:22
943,25,193.39,20.50,172.89,CREATED,2025-12-29 19:27:45
944,5,39.33,0.93,38.40,SHIPPING,2025-09-13 19:32:38
945,19,228.92,19.33,209.59,SHIPPING,2025-11-26 01:35:37
946,29,272.58,63.34,209.24,PACKING,2024-11-29 15:08:27
947,50,17.89,1.00,16.89,COMPLETED,2024-08-16 21:23:37
948,20,74.72,3.55,71.17,PAID,2025-01-12 06:59:17
949,16,255.99,44.01,211.98,COMPLETED,2025-11-20 18:11:21
950,18,193.02,40.76,152.26,PACKING,2025-08-29 08:39:40
951,8,346.97,58.55,288.42,CREATED,2024-11-11 15:28:03
952,40,111.19,25.68,85.51,PACKING,2024-12-31 15:34:13
953,1,207.76,25.55,182.21,PACKING,2024-08-29 09:11:18
954,3,300.85,56.72,244.13,CREATED,2025-12-10 23:00:02
955,27,14.53,1.76,12.77,CREATED,2025-09-17 16:26:41
956,5,342.39,85.42,256.97,COMPLETED,2025-04-24 02:19:31
957,17,138.18,15.94,122.24,SHIPPING,2024-07-19 07:33:05
958,14,191.54,37.61,153.93,SHIPPING,2025-11-05 22:47:28
959,5,253.55,28.45,225.10,COMPLETED,2026-01-20 10:36:19
960,31,163.46,13.12,150.34,PAID,2024-04-28 01:22:32
961,21,221.07,46.03,175.04,PAID,2024-06-01 17:27:31
962,37,41.66,10.10,31.56,COMPLETED,2025-10-17 13:33:41
963,35,108.77,13.12,95.65,PACKING,2025-09-17 16:27:52
964,37,206.60,16.04,190.56,PAID,2024-12-10 20:44:21
965,32,79.09,13.52,65.57,COMPLETED,2024-02-12 05:00:17
966,45,217.32,27.84,189.48,SHIPPING,2024-09-18 06:02:56
967,36,136.25,4.46,131.79,SHIPPING,2024-10-29 01:59:38
968,33,181.20,8.95,172.25,SHIPPING,2025-05-12 00:46:19
969,6,157.07,12.53,144.54,PACKING,2025-01-22 03:32:45
970,34,141.76,0.68,141.08,SHIPPING,2025-09-28 00:47:38
971,1,45.37,4.85,40.52,PACKING,2025-12-19 15:40:18
972,10,255.74,49.54,206.20,CREATED,2024-02-15 09:35:40
973,32,318.71,2.08,316.63,CREATED,2024-10-27 00:46:54
974,36,271.86,24.93,246.93,CREATED,2024-11-02 23:54:41
975,25,195.19,0.47,194.72,SHIPPING,2024-06-21 15:10:48
976,39,287.53,8.50,279.03,COMPLETED,2024-03-14 01:43:28
977,12,138.05,13.55,124.50,COMPLETED,2025-07-23 08:09:02
978,45,336.06,37.45,298.61,CREATED,2025-01-23 09:03:34
979,44,213.91,22.24,191.67,CREATED,2025-09-11 07:59:36
980,8,154.34,11.30,143.04,COMPLETED,2025-12-22 14:51:17
981,49,49.81,10.75,39.06,SHIPPING,2024-08-25 15:57:01
982,33,173.82,13.93,159.89,PACKING,2024-08-27 00:57:11
983,30,53.77,5.62,48.15,PACKING,2024-12-12 11:14:27
984,41,82.41,2.01,80.40,PAID,2024-05-15 22:01:08
985,25,205.51,44.24,161.27,PACKING,2024-04-29 11:01:04
986,44,235.60,21.40,214.20,PACKING,2024-08-01 14:19:27
987,11,131.70,0.68,131.02,PACKING,2025-10-15 22:09:31
988,31,342.01,33.86,308.15,COMPLETED,2024-07-18 11:27:26
989,50,245.89,28.62,217.27,COMPLETED,2025-09-30 07:33:57
990,19,29.51,4.67,24.84,PAID,2025-03-07 20:36:36
991,11,208.13,8.00,200.13,PACKING,2024-12-20 01:34:37
992,40,61.07,0.85,60.22,SHIPPING,2024-01-19 13:54:13
993,7,41.95,6.00,35.95,SHIPPING,2024-10-17 13:33:20
994,8,43.48,7.36,36.12,COMPLETED,2025-06-02 06:04:33
995,16,189.05,33.78,155.27,PACKING,2025-07-26 13:59:59
996,13,137.06,3.76,133.30,CREATED,2026-01-07 14:55:49
997,1,44.49,6.01,38.48,PAID,2025-12-24 04:08:11
998,4,239.53,13.22,226.31,COMPLETED,2025-09-14 22:43:49
999,16,175.91,36.67,139.24,SHIPPING,2025-10-30 16:10:06
1000,4,228.47,50.20,178.27,PACKING,2024-12-14 21:19:45
1001,18,270.31,26.66,243.65,COMPLETED,2024-03-10 23:40:37
1002,3,192.31,6.61,185.70,PACKING,2024-03-24 09:32:43
1003,16,210.39,24.21,186.18,CREATED,2024-01-19 19:31:29
1004,1,276.09,41.82,234.27,SHIPPING,2024-09-30 19:24:29
1005,20,216.95,43.55,173.40,CREATED,2025-05-27 10:19:53
1006,45,270.09,20.26,249.83,COMPLETED,2025-06-22 16:10:13
1007,24,324.44,41.30,283.14,COMPLETED,2025-03-19 07:54:22
1008,22,227.32,42.35,184.97,COMPLETED,2025-10-21 05:08:23
1009,1,312.16,74.81,237.35,SHIPPING,2025-08-05 16:06:09
1010,31,189.47,6.84,182.63,SHIPPING,2025-03-23 21:19:36
1011,21,69.88,10.45,59.43,COMPLETED,2025-11-04 11:45:48
1012,2,262.39,28.38,234.01,COMPLETED,2024-11-13 03:52:42
1013,46,217.09,34.73,182.36,CREATED,2024-04-28 03:38:58
1014,21,46.86,4.85,42.01,CREATED,2024-05-07 12:48:47
1015,43,46.85,0.51,46.34,COMPLETED,2025-08-31 05:28:39
1016,13,301.37,52.70,248.67,PACKING,2024-12-01 20:22:07
1017,23,237.28,41.47,195.81,PACKING,2025-02-15 11:31:23
1018,15,174.21,39.44,134.77,SHIPPING,2025-11-24 23:56:53
1019,25,77.79,12.63,65.16,COMPLETED,2024-08-01 18:11:48
1020,47,303.74,74.70,229.04,SHIPPING,2025-02-04 10:30:45
1021,45,40.35,2.05,38.30,CREATED,2024-09-21 01:13:56
1022,44,179.72,4.91,174.81,PAID,2025-07-20 06:01:05
1023,41,162.88,34.19,128.69,COMPLETED,2024-04-04 18:54:11
1024,33,147.33,7.65,139.68,PAID,2025-08-04 09:12:09
1025,17,128.23,3.37,124.86,PAID,2024-04-30 14:06:04
1026,7,50.44,8.65,41.79,COMPLETED,2024-09-17 02:18:02
1027,25,179.32,1.51,177.81,CREATED,2024-03-26 06:00:21
1028,14,272.49,39.07,233.42,CREATED,2025-05-27 08:00:44
1029,26,114.21,0.62,113.59,COMPLETED,2024-12-31 04:59:44
1030,36,29.28,0.87,28.41,SHIPPING,2024-07-16 13:03:25
1031,32,212.13,21.67,190.46,COMPLETED,2025-10-10 16:03:21
1032,40,216.21,16.14,200.07,SHIPPING,2024-03-09 18:47:20
1033,15,158.69,17.77,140.92,SHIPPING,2025-09-04 22:49:21
1034,50,192.66,34.55,158.11,COMPLETED,2024-05-11 23:29:41
1035,30,60.57,10.76,49.81,SHIPPING,2024-11-06 14:31:29
1036,49,276.43,49.31,227.12,PAID,2024-02-26 00:07:33
1037,47,62.79,10.07,52.72,COMPLETED,2025-06-04 23:41:56
1038,14,180.75,5.96,174.79,COMPLETED,2025-08-11 09:39:51
1039,20,137.51,30.47,107.04,COMPLETED,2025-07-21 17:04:39
1040,16,321.50,78.57,242.93,PACKING,2024-08-09 15:21:05
1041,34,179.55,23.89,155.66,PAID,2024-12-25 19:52:47
1042,42,230.23,48.91,181.32,PAID,2024-01-04 20:21:33
1043,36,345.79,71.63,274.16,PAID,2025-11-27 08:56:35
1044,26,316.53,47.47,269.06,SHIPPING,2025-08-30 15:27:46
1045,35,155.25,13.62,141.63,COMPLETED,2024-04-21 08:11:10
1046,23,307.94,40.75,267.19,SHIPPING,2025-01-23 21:01:51
1047,34,43.36,3.38,39.98,PAID,2024-07-23 19:59:15
1048,36,22.69,0.32,22.37,CREATED,2024-07-29 18:29:38
1049,15,340.87,38.02,302.85,SHIPPING,2025-06-13 18:10:04
1050,8,113.59,26.37,87.22,COMPLETED,2024-07-22 21:29:54
1051,33,141.98,34.57,107.41,PACKING,2025-02-08 07:49:55
1052,4,210.30,49.79,160.51,CREATED,2024-02-27 00:00:21
1053,4,162.41,34.86,127.55,COMPLETED,2025-08-14 07:44:37
1054,32,64.86,1.72,63.14,CREATED,2024-08-20 22:13:58
1055,33,156.86,17.28,139.58,SHIPPING,2024-08-18 13:52:15
1056,47,135.50,31.93,103.57,SHIPPING,2025-05-19 13:56:08
1057,26,144.32,17.96,126.36,COMPLETED,2025-02-11 18:44:03
1058,22,188.12,43.14,144.98,COMPLETED,2025-07-15 09:05:38
1059,29,174.95,29.73,145.22,SHIPPING,2024-04-19 18:11:49
1060,36,253.09,42.96,210.13,CREATED,2025-10-23 08:13:09
1061,37,133.44,25.52,107.92,PACKING,2024-09-04 02:15:43
1062,21,22.08,4.92,17.16,SHIPPING,2024-02-14 04:09:16
1063,1,205.55,9.38,196.17,CREATED,2024-07-07 12:36:56
1064,41,345.65,72.67,272.98,PACKING,2024-06-15 03:07:37
1065,15,215.35,35.24,180.11,COMPLETED,2025-11-07 07:45:23
1066,15,62.62,9.95,52.67,PAID,2025-06-26 08:05:03
1067,41,96.61,16.02,80.59,SHIPPING,2024-05-06 13:25:49
1068,48,245.85,59.43,186.42,PAID,2025-09-19 13:13:02
1069,28,79.86,14.54,65.32,PACKING,2025-03-23 19:32:26
1070,8,189.27,32.40,156.87,PAID,2025-01-18 17:32:46
1071,43,16.17,3.99,12.18,COMPLETED,2025-06-09 18:07:09
1072,15,148.96,24.67,124.29,CREATED,2024-04-11 10:15:24
1073,30,193.50,28.25,165.25,CREATED,2024-07-13 05:32:45
1074,19,324.95,77.80,247.15,PACKING,2024-02-21 09:43:55
1075,15,337.25,74.84,262.41,CREATED,2025-07-09 19:57:51
1076,11,289.20,72.06,217.14,PACKING,2025-07-31 01:55:50
1077,36,215.73,15.98,199.75,COMPLETED,2025-12-20 22:14:48
1078,50,333.00,14.05,318.95,PAID,2024-02-05 02:52:34
1079,30,28.26,0.74,27.52,SHIPPING,2025-06-02 14:39:48
1080,16,315.78,49.95,265.83,CREATED,2025-01-20 12:29:59
1081,26,57.07,13.27,43.80,CREATED,2024-12-13 09:22:45
1082,5,293.64,56.74,236.90,PACKING,2025-01-18 01:24:16
1083,6,107.24,19.62,87.62,CREATED,2025-11-15 16:56:18
1084,42,28.81,4.34,24.47,CREATED,2024-03-19 22:15:24
1085,37,305.51,50.16,255.35,SHIPPING,2025-07-08 01:40:29
1086,41,256.18,46.63,209.55,PAID,2025-12-13 23:35:07
1087,23,126.32,7.71,118.61,PACKING,2024-10-06 22:32:28
1088,30,54.90,4.91,49.99,PAID,2024-10-05 17:09:35
1089,17,340.87,71.45,269.42,SHIPPING,2024-06-12 21:35:50
1090,9,317.87,54.12,263.75,CREATED,2024-07-13 00:22:58
1091,30,229.91,39.55,190.36,COMPLETED,2025-07-29 05:53:33
1092,39,14.70,3.36,11.34,PAID,2024-03-03 23:50:51
1093,39,122.52,2.17,120.35,SHIPPING,2025-08-17 19:47:29
1094,15,156.61,8.64,147.97,PAID,2024-11-16 22:25:56
1095,43,38.06,1.65,36.41,PAID,2025-08-07 16:34:47
1096,37,252.10,23.70,228.40,PAID,2025-10-25 06:49:04
1097,1,60.79,1.55,59.24,CREATED,2024-04-06 18:32:00
1098,5,165.40,3.73,161.67,PACKING,2024-11-06 16:18:49
1099,45,270.97,67.09,203.88,PAID,2025-11-03 05:06:36
1100,38,51.51,10.52,40.99,PACKING,2025-07-04 15:54:31
1101,21,133.62,6.50,127.12,PAID,2026-02-01 16:56:30
1102,10,54.55,0.31,54.24,SHIPPING,2025-05-22 07:38:27
1103,17,309.10,54.87,254.23,CREATED,2024-04-25 23:34:46
1104,36,85.73,9.83,75.90,PACKING,2025-07-16 13:53:51
1105,39,345.30,79.77,265.53,PAID,2024-04-19 20:16:30
1106,9,163.13,11.43,151.70,PACKING,2024-11-04 23:28:38
1107,16,96.05,15.37,80.68,COMPLETED,2025-11-26 21:49:28
1108,40,95.74,23.18,72.56,SHIPPING,2025-08-27 03:19:08
1109,3,20.41,1.40,19.01,SHIPPING,2025-11-23 19:22:46
1110,50,241.14,54.85,186.29,CREATED,2024-10-07 14:14:26
1111,36,79.25,4.40,74.85,COMPLETED,2024-06-15 00:30:48
1112,34,170.55,37.01,133.54,CREATED,2025-08-12 13:53:49
1113,16,189.55,33.24,156.31,CREATED,2025-08-07 11:52:07
1114,16,220.73,9.62,211.11,SHIPPING,2024-09-24 01:20:57
1115,16,345.36,57.95,287.41,COMPLETED,2024-09-19 01:44:59
1116,31,36.93,0.42,36.51,PAID,2025-08-27 23:52:25
1117,3,205.49,21.75,183.74,PACKING,2024-09-23 02:08:30
1118,35,126.46,12.87,113.59,CREATED,2024-02-25 10:41:58
1119,20,117.53,24.18,93.35,PACKING,2024-09-09 23:35:44
1120,30,80.02,12.72,67.30,PAID,2025-02-01 03:16:56
1121,19,176.09,42.65,133.44,COMPLETED,2025-09-02 20:53:17
1122,39,39.15,0.80,38.35,CREATED,2024-01-01 13:55:18
1123,11,262.85,64.69,198.16,COMPLETED,2025-10-25 00:05:20
1124,19,96.03,8.50,87.53,COMPLETED,2025-04-29 07:33:07
1125,26,291.48,19.89,271.59,PACKING,2025-10-29 09:38:46
1126,18,70.18,8.12,62.06,CREATED,2024-07-02 07:35:37
1127,50,20.24,2.50,17.74,SHIPPING,2024-09-11 20:09:36
1128,38,255.57,45.24,210.33,COMPLETED,2025-04-27 17:27:54
1129,21,208.30,27.00,181.30,PACKING,2025-09-15 07:50:13
1130,41,204.77,27.28,177.49,PACKING,2025-10-25 20:40:06
1131,47,98.22,11.48,86.74,SHIPPING,2025-11-27 21:44:37
1132,24,326.07,0.00,326.07,PACKING,2024-10-28 21:14:36
1133,19,42.22,4.58,37.64,PAID,2024-04-28 03:04:19
1134,16,322.29,63.17,259.12,PACKING,2025-09-21 23:10:05
1135,33,140.72,0.01,140.71,PACKING,2024-08-30 00:10:37
1136,38,214.25,8.69,205.56,SHIPPING,2025-09-16 18:25:09
1137,31,347.15,47.35,299.80,SHIPPING,2024-01-16 12:19:40
1138,41,289.49,32.09,257.40,PACKING,2024-12-16 13:27:36
1139,10,167.66,7.66,160.00,PAID,2025-07-28 16:05:09
1140,5,69.03,5.29,63.74,CREATED,2024-11-05 13:08:26
1141,17,272.33,38.47,233.86,PACKING,2025-04-05 21:47:20
1142,16,145.51,18.81,126.70,CREATED,2025-10-07 18:38:36
1143,1,311.23,77.72,233.51,PAID,2025-06-25 07:08:25
1144,28,11.11,2.35,8.76,PAID,2025-03-11 12:02:54
1145,21,166.23,29.31,136.92,CREATED,2024-05-17 03:40:25
1146,42,277.38,31.30,246.08,CREATED,2024-07-31 00:27:02
1147,24,55.81,7.83,47.98,PACKING,2024-01-28 10:13:53
1148,7,210.54,7.16,203.38,COMPLETED,2024-02-14 03:02:47
1149,25,201.01,49.19,151.82,PACKING,2024-05-08 11:58:22
1150,1,178.02,26.91,151.11,COMPLETED,2025-10-22 08:33:09
1151,49,167.28,7.70,159.58,COMPLETED,2025-01-13 07:42:30
1152,17,211.21,10.62,200.59,SHIPPING,2024-05-22 11:54:41
1153,29,148.12,34.54,113.58,COMPLETED,2024-10-13 08:38:08
1154,25,73.94,2.51,71.43,PACKING,2025-05-12 19:12:54
1155,2,273.89,12.90,260.99,SHIPPING,2025-09-30 00:07:38
1156,10,183.37,16.08,167.29,COMPLETED,2024-01-16 04:36:09
1157,22,170.55,31.26,139.29,CREATED,2025-07-29 15:43:46
1158,1,20.21,2.47,17.74,CREATED,2024-11-06 21:35:22
1159,13,308.21,57.41,250.80,PAID,2025-04-30 13:06:45
1160,33,335.82,66.21,269.61,PACKING,2025-07-16 20:40:56
1161,41,35.02,6.12,28.90,SHIPPING,2024-06-02 02:29:17
1162,18,46.58,0.66,45.92,COMPLETED,2025-10-27 06:06:06
1163,20,87.69,8.53,79.16,PACKING,2025-06-05 09:07:34
1164,31,118.67,24.91,93.76,SHIPPING,2024-12-27 11:37:36
1165,24,179.49,18.94,160.55,SHIPPING,2024-01-26 04:18:28
1166,34,105.94,7.74,98.20,CREATED,2026-01-17 22:16:28
1167,19,126.72,24.86,101.86,SHIPPING,2024-05-30 11:17:22
1168,47,320.50,36.25,284.25,COMPLETED,2025-01-18 13:57:04
1169,23,24.87,0.95,23.92,SHIPPING,2025-07-28 13:49:13
1170,4,165.12,29.47,135.65,CREATED,2026-01-19 02:19:23
1171,35,93.91,7.76,86.15,SHIPPING,2024-09-24 03:54:22
1172,50,166.42,10.84,155.58,CREATED,2025-07-15 15:37:51
1173,25,227.28,10.78,216.50,PACKING,2024-09-23 17:45:40
1174,7,89.00,17.61,71.39,COMPLETED,2024-02-01 07:22:26
1175,38,203.44,14.61,188.83,CREATED,2025-10-04 04:24:10
1176,34,325.78,11.54,314.24,SHIPPING,2024-03-03 22:24:52
1177,13,225.39,21.18,204.21,COMPLETED,2025-09-14 12:42:23
1178,38,292.91,67.80,225.11,CREATED,2025-01-04 22:25:55
1179,16,223.79,52.41,171.38,COMPLETED,2025-06-27 04:15:28
1180,2,297.18,30.23,266.95,COMPLETED,2024-01-10 13:41:01
1181,7,187.38,20.32,167.06,CREATED,2024-10-02 12:02:00
1182,16,258.47,31.81,226.66,PAID,2024-11-05 06:04:34
1183,29,120.31,0.68,119.63,PACKING,2025-08-15 01:28:44
1184,4,182.02,12.65,169.37,COMPLETED,2024-07-17 15:19:04
1185,33,287.25,39.74,247.51,PAID,2024-11-19 14:14:37
1186,22,269.88,23.82,246.06,PACKING,2025-08-15 16:41:03
1187,45,133.23,29.01,104.22,PACKING,2025-03-23 19:55:03
1188,30,21.04,0.97,20.07,PACKING,2025-06-20 23:52:10
1189,47,234.51,14.14,220.37,PAID,2024-06-16 16:39:15
1190,4,67.18,2.58,64.60,SHIPPING,2025-05-17 00:34:52
1191,3,210.31,16.49,193.82,CREATED,2024-09-04 02:27:04
1192,29,64.28,4.95,59.33,PACKING,2024-11-29 17:16:51
1193,21,252.63,47.76,204.87,CREATED,2025-12-19 03:48:24
1194,44,30.06,2.15,27.91,CREATED,2025-06-07 00:31:08
1195,31,268.75,3.52,265.23,CREATED,2025-07-17 21:34:57
1196,30,91.74,20.40,71.34,CREATED,2024-12-17 13:23:26
1197,21,80.38,4.37,76.01,PAID,2024-07-07 04:48:36
1198,32,279.57,31.82,247.75,SHIPPING,2025-09-04 11:07:53
1199,26,24.30,1.88,22.42,COMPLETED,2025-06-29 17:01:38
1200,42,119.57,2.53,117.04,PAID,2024-09-22 13:39:39
1201,47,284.80,53.64,231.16,SHIPPING,2024-01-14 06:23:34
1202,18,319.53,79.56,239.97,CREATED,2025-06-11 20:40:45
1203,23,226.35,21.35,205.00,SHIPPING,2024-11-23 07:30:30
1204,14,214.76,33.03,181.73,CREATED,2025-05-02 04:03:05
1205,31,42.04,1.33,40.71,SHIPPING,2024-06-20 23:51:38
1206,24,142.79,4.51,138.28,SHIPPING,2024-03-01 02:33:14
1207,37,309.38,43.88,265.50,SHIPPING,2024-04-06 05:42:27
1208,22,252.17,41.16,211.01,SHIPPING,2025-01-08 15:39:10
1209,8,18.85,0.30,18.55,COMPLETED,2024-03-04 16:23:18
1210,4,185.44,8.48,176.96,CREATED,2024-12-13 14:13:01
1211,24,68.10,10.26,57.84,PAID,2024-10-11 13:18:22
1212,13,121.56,18.70,102.86,CREATED,2025-06-04 16:54:35
1213,50,82.06,1.23,80.83,COMPLETED,2024-04-06 07:39:39
1214,14,14.41,2.87,11.54,SHIPPING,2025-04-27 19:25:55
1215,8,39.41,2.93,36.48,SHIPPING,2024-05-25 12:49:00
1216,42,185.94,9.22,176.72,CREATED,2024-02-14 07:17:54
1217,31,325.17,25.95,299.22,PAID,2024-03-08 14:19:26
1218,27,166.99,6.49,160.50,CREATED,2024-01-19 23:27:25
1219,9,35.92,6.35,29.57,CREATED,2025-04-02 17:54:18
1220,40,271.62,50.55,221.07,PACKING,2025-02-10 00:26:35
1221,33,211.22,36.52,174.70,PACKING,2024-04-21 12:40:17
1222,21,238.38,1.76,236.62,COMPLETED,2024-01-18 07:00:32
1223,18,57.26,9.02,48.24,COMPLETED,2025-02-24 18:29:30
1224,10,39.81,5.30,34.51,CREATED,2024-08-21 00:38:55
1225,40,349.97,68.81,281.16,PACKING,2024-02-07 03:15:53
1226,26,202.93,15.44,187.49,CREATED,2025-06-24 17:22:10
1227,2,347.99,70.78,277.21,COMPLETED,2024-03-19 18:40:15
1228,32,344.64,46.25,298.39,PACKING,2024-03-26 15:23:00
1229,36,22.39,3.95,18.44,SHIPPING,2025-11-04 00:13:33
1230,44,314.70,4.36,310.34,COMPLETED,2024-01-26 12:40:48
1231,28,221.96,25.86,196.10,COMPLETED,2025-06-17 18:38:55
1232,40,201.74,30.59,171.15,CREATED,2024-05-10 04:54:13
1233,19,219.37,33.60,185.77,SHIPPING,2024-07-08 01:00:52
1234,23,74.09,3.87,70.22,COMPLETED,2024-01-20 23:23:13
1235,2,82.67,20.22,62.45,SHIPPING,2025-06-02 12:23:01
1236,35,286.32,57.92,228.40,COMPLETED,2024-07-01 10:37:21
1237,3,211.24,19.34,191.90,PAID,2025-06-18 16:05:12
1238,18,117.46,23.96,93.50,CREATED,2024-12-07 04:08:01
1239,22,10.69,0.61,10.08,CREATED,2025-05-02 07:08:25
1240,12,55.53,4.67,50.86,PACKING,2025-10-19 15:43:45
1241,30,190.94,35.88,155.06,SHIPPING,2026-01-11 04:38:07
1242,19,260.43,58.87,201.56,SHIPPING,2026-01-11 20:47:24
1243,12,47.78,6.58,41.20,PACKING,2026-01-08 02:41:18
1244,44,181.60,40.25,141.35,CREATED,2025-09-05 17:54:08
1245,20,149.01,33.85,115.16,SHIPPING,2025-07-25 02:48:17
1246,4,341.38,14.31,327.07,CREATED,2024-06-02 13:21:42
1247,20,210.30,51.26,159.04,SHIPPING,2026-01-22 04:26:49
1248,1,220.89,14.06,206.83,COMPLETED,2025-07-17 06:51:31
1249,30,12.95,0.83,12.12,COMPLETED,2025-04-21 00:02:24
1250,22,168.72,24.39,144.33,SHIPPING,2024-06-06 14:35:15
1251,28,284.33,49.20,235.13,COMPLETED,2024-11-11 12:51:32
1252,50,319.96,38.94,281.02,COMPLETED,2026-01-18 20:49:03
1253,33,145.11,27.76,117.35,CREATED,2025-10-07 00:19:03
1254,23,322.10,38.41,283.69,CREATED,2025-10-01 18:56:30
1255,21,163.35,25.76,137.59,COMPLETED,2025-09-18 18:47:16
1256,36,325.38,63.89,261.49,PACKING,2026-01-22 01:16:59
1257,18,274.07,16.61,257.46,PACKING,2025-11-04 06:41:09
1258,6,335.15,51.36,283.79,PAID,2025-02-22 07:31:52
1259,12,329.37,58.30,271.07,CREATED,2024-03-31 13:26:11
1260,6,144.37,25.79,118.58,PACKING,2024-04-02 07:48:58
1261,10,16.26,0.06,16.20,CREATED,2025-10-08 19:24:59
1262,47,130.97,26.65,104.32,SHIPPING,2024-05-28 22:00:53
1263,11,290.52,67.22,223.30,SHIPPING,2024-03-20 20:22:28
1264,30,188.32,12.12,176.20,PAID,2025-03-23 21:41:28
1265,33,150.74,19.79,130.95,COMPLETED,2025-10-25 01:35:07
1266,39,122.00,8.68,113.32,COMPLETED,2024-04-23 05:13:46
1267,43,269.41,52.31,217.10,PACKING,2025-12-25 11:34:22
1268,24,161.98,26.83,135.15,PACKING,2024-07-13 15:23:37
1269,41,248.66,39.11,209.55,COMPLETED,2025-12-03 13:16:06
1270,32,321.89,21.39,300.50,COMPLETED,2025-01-02 21:37:47
1271,19,177.04,14.06,162.98,PAID,2025-07-26 04:17:14
1272,41,258.08,26.46,231.62,CREATED,2025-01-01 05:30:27
1273,6,42.02,7.62,34.40,PAID,2024-08-17 13:25:05
1274,49,275.72,2.38,273.34,PAID,2024-11-16 20:28:04
1275,29,71.24,6.98,64.26,COMPLETED,2025-05-18 05:32:16
1276,16,332.00,71.43,260.57,PACKING,2024-01-21 17:58:35
1277,41,177.46,34.19,143.27,COMPLETED,2025-12-28 08:00:03
1278,43,126.12,1.51,124.61,CREATED,2025-02-28 02:52:00
1279,19,51.19,8.80,42.39,CREATED,2025-09-22 17:08:05
1280,11,305.74,66.86,238.88,CREATED,2024-08-18 03:53:45
1281,41,309.57,37.08,272.49,PACKING,2025-02-09 11:08:11
1282,26,136.92,20.71,116.21,SHIPPING,2024-09-20 03:23:51
1283,5,274.71,34.74,239.97,PAID,2025-08-28 19:39:27
1284,50,76.15,3.59,72.56,PAID,2024-07-16 23:34:43
1285,19,139.93,25.56,114.37,SHIPPING,2025-05-11 09:45:40
1286,50,192.72,11.65,181.07,SHIPPING,2024-12-07 21:27:57
1287,23,84.20,0.45,83.75,CREATED,2025-11-05 11:48:26
1288,47,54.86,11.97,42.89,CREATED,2024-10-31 20:53:37
1289,14,339.27,67.68,271.59,PAID,2025-03-21 17:50:43
1290,22,200.74,37.75,162.99,CREATED,2024-05-03 08:08:15
1291,17,317.36,63.03,254.33,PACKING,2025-09-17 12:27:57
1292,18,280.39,1.14,279.25,PAID,2024-05-03 10:53:20
1293,31,315.48,23.77,291.71,CREATED,2024-12-19 10:03:42
1294,49,86.51,8.48,78.03,PAID,2025-06-30 19:36:39
1295,50,289.65,10.39,279.26,SHIPPING,2025-10-26 11:24:26
1296,15,85.25,8.32,76.93,COMPLETED,2025-01-18 10:14:06
1297,31,270.61,32.37,238.24,COMPLETED,2025-09-10 18:09:30
1298,11,324.12,17.28,306.84,SHIPPING,2024-04-21 19:49:59
1299,22,45.73,0.73,45.00,PAID,2024-04-30 13:45:51
1300,5,62.38,13.75,48.63,PAID,2024-07-27 16:53:58
1301,8,220.98,11.29,209.69,COMPLETED,2025-08-28 11:58:53
1302,21,287.63,71.77,215.86,SHIPPING,2025-09-15 23:58:12
1303,35,35.42,6.26,29.16,CREATED,2024-04-25 22:41:12
1304,42,88.78,11.41,77.37,SHIPPING,2025-05-20 21:56:57
1305,36,288.03,70.15,217.88,COMPLETED,2024-10-11 11:11:18
1306,14,209.67,48.90,160.77,COMPLETED,2024-02-19 19:24:08
1307,12,16.00,3.81,12.19,SHIPPING,2025-01-22 22:43:50
1308,46,305.01,20.37,284.64,COMPLETED,2024-02-20 00:12:42
1309,3,301.32,72.70,228.62,PAID,2024-04-18 08:45:53
1310,22,258.15,55.44,202.71,PACKING,2024-08-28 06:37:15
1311,18,241.98,47.39,194.59,PACKING,2025-12-07 11:33:00
1312,31,225.74,21.45,204.29,COMPLETED,2025-06-20 12:29:17
1313,35,92.38,16.59,75.79,CREATED,2024-08-23 01:04:36
1314,28,49.95,4.31,45.64,PACKING,2024-08-27 11:11:00
1315,22,197.89,2.04,195.85,SHIPPING,2025-07-24 20:27:45
1316,36,16.62,1.59,15.03,SHIPPING,2025-07-28 12:18:18
1317,29,224.35,41.87,182.48,PACKING,2025-02-03 16:59:46
1318,35,65.94,5.18,60.76,CREATED,2025-03-01 03:20:39
1319,28,130.71,16.53,114.18,CREATED,2024-05-24 09:05:14
1320,11,123.36,3.87,119.49,COMPLETED,2025-12-24 12:44:09
1321,9,238.25,7.40,230.85,PACKING,2024-05-25 15:29:44
1322,12,151.69,31.67,120.02,COMPLETED,2024-10-26 17:16:28
1323,18,57.32,2.32,55.00,PACKING,2025-01-20 01:08:21
1324,28,23.57,5.25,18.32,COMPLETED,2025-12-06 21:51:54
1325,26,59.74,1.72,58.02,PACKING,2025-12-31 14:46:26
1326,23,296.89,4.19,292.70,COMPLETED,2025-11-13 22:31:31
1327,37,20.25,3.05,17.20,PAID,2024-01-24 08:19:21
1328,15,206.57,38.20,168.37,CREATED,2025-07-01 01:07:39
1329,4,314.17,55.30,258.87,COMPLETED,2024-04-01 12:09:56
1330,29,78.86,13.32,65.54,PAID,2024-05-13 16:43:37
1331,21,288.03,38.70,249.33,CREATED,2025-04-22 04:02:33
1332,9,63.26,9.69,53.57,COMPLETED,2025-01-26 11:18:25
1333,44,334.83,54.43,280.40,CREATED,2024-02-28 11:33:50
1334,36,276.38,37.02,239.36,PACKING,2025-07-11 14:05:31
1335,9,336.15,5.16,330.99,PACKING,2024-02-25 04:55:14
1336,18,97.65,11.89,85.76,PAID,2025-05-28 23:02:32
1337,47,269.67,10.60,259.07,CREATED,2024-07-29 10:10:18
1338,33,115.81,2.06,113.75,PAID,2025-07-23 14:32:19
1339,35,262.85,7.51,255.34,CREATED,2025-09-21 16:46:05
1340,20,65.32,1.77,63.55,PAID,2025-04-04 03:09:41
1341,28,325.58,63.31,262.27,CREATED,2025-06-09 15:50:52
1342,32,192.58,39.27,153.31,COMPLETED,2025-06-01 15:27:40
1343,17,211.04,33.84,177.20,COMPLETED,2024-12-12 00:19:27
1344,28,338.37,75.51,262.86,COMPLETED,2024-06-24 05:25:18
1345,43,160.33,33.92,126.41,SHIPPING,2024-12-10 05:41:26
1346,47,39.69,5.00,34.69,COMPLETED,2024-10-13 13:16:22
1347,16,334.06,82.89,251.17,CREATED,2024-06-15 20:16:28
1348,27,168.92,17.53,151.39,PACKING,2025-03-19 11:56:22
1349,38,179.68,22.09,157.59,SHIPPING,2024-09-28 02:09:03
1350,25,216.77,28.37,188.40,CREATED,2025-02-14 21:43:19
1351,41,300.20,44.49,255.71,CREATED,2024-04-22 19:18:12
1352,39,308.76,61.63,247.13,PAID,2025-10-05 19:45:36
1353,20,48.97,6.79,42.18,SHIPPING,2024-03-09 09:55:13
1354,45,323.98,56.17,267.81,COMPLETED,2025-04-19 10:44:24
1355,21,277.29,50.67,226.62,SHIPPING,2024-12-29 19:01:41
1356,22,341.14,76.04,265.10,CREATED,2024-06-05 15:01:35
1357,2,97.68,19.53,78.15,SHIPPING,2024-06-08 08:48:24
1358,5,345.78,83.58,262.20,CREATED,2025-10-08 06:03:39
1359,29,314.30,49.54,264.76,PAID,2025-02-04 09:55:55
1360,19,240.90,1.62,239.28,SHIPPING,2025-06-15 14:21:43
1361,5,27.42,1.48,25.94,SHIPPING,2024-10-29 01:10:03
1362,17,102.95,14.03,88.92,PAID,2024-02-28 11:24:38
1363,15,170.71,33.64,137.07,PACKING,2025-06-27 15:36:34
1364,45,68.73,15.68,53.05,PAID,2025-11-16 19:41:32
1365,36,147.28,32.48,114.80,PAID,2024-09-30 20:14:04
1366,40,55.70,9.58,46.12,SHIPPING,2024-01-03 18:16:36
1367,47,137.39,12.93,124.46,CREATED,2024-08-01 08:57:47
1368,33,217.70,26.29,191.41,PAID,2025-09-29 21:36:32
1369,4,102.37,6.34,96.03,CREATED,2025-03-26 03:03:52
1370,12,25.94,5.19,20.75,PAID,2024-04-25 12:00:13
1371,9,130.67,10.44,120.23,SHIPPING,2024-03-19 16:15:40
1372,35,101.85,5.63,96.22,PAID,2025-10-30 11:55:24
1373,34,30.67,5.07,25.60,COMPLETED,2025-09-12 21:38:06
1374,47,114.63,22.10,92.53,PAID,2025-10-23 07:34:26
1375,29,54.84,10.75,44.09,PAID,2024-08-27 15:39:27
1376,26,264.50,18.18,246.32,SHIPPING,2025-06-22 10:59:05
1377,4,173.78,9.96,163.82,COMPLETED,2024-06-01 08:44:49
1378,2,136.51,8.16,128.35,PACKING,2025-10-23 08:23:01
1379,35,250.70,0.05,250.65,SHIPPING,2024-01-31 15:02:52
1380,9,306.91,64.38,242.53,SHIPPING,2025-05-01 06:44:40
1381,48,66.75,3.11,63.64,SHIPPING,2025-07-13 08:54:29
1382,26,96.93,14.65,82.28,SHIPPING,2024-04-18 09:13:44
1383,28,273.85,35.52,238.33,CREATED,2025-09-11 00:37:20
1384,30,227.73,23.92,203.81,COMPLETED,2024-02-27 17:08:31
1385,26,349.23,81.24,267.99,COMPLETED,2024-05-06 09:23:18
1386,14,97.07,20.30,76.77,SHIPPING,2025-05-25 17:59:50
1387,11,56.37,1.30,55.07,SHIPPING,2025-09-17 19:42:59
1388,17,57.48,1.88,55.60,SHIPPING,2024-10-26 13:02:30
1389,16,135.18,18.81,116.37,PACKING,2024-12-11 05:48:31
1390,11,136.80,1.58,135.22,COMPLETED,2025-03-23 03:51:55
1391,13,194.81,27.94,166.87,PAID,2025-02-03 22:59:13
1392,34,114.68,20.51,94.17,CREATED,2024-10-24 05:58:04
1393,1,247.99,35.46,212.53,SHIPPING,2025-03-31 01:06:44
1394,31,322.99,51.51,271.48,COMPLETED,2024-01-13 20:06:10
1395,4,143.10,8.67,134.43,SHIPPING,2024-11-17 08:51:05
1396,18,240.19,23.33,216.86,PAID,2025-11-02 21:10:10
1397,1,336.38,8.49,327.89,PAID,2025-03-22 08:47:49
1398,39,308.64,47.27,261.37,COMPLETED,2024-07-05 21:14:51
1399,4,261.24,0.75,260.49,PACKING,2025-08-24 17:01:12
1400,31,102.13,7.77,94.36,PACKING,2025-02-28 03:18:15
1401,22,179.01,2.25,176.76,COMPLETED,2025-04-11 23:44:31
1402,27,267.97,48.89,219.08,PAID,2025-03-23 12:35:44
1403,32,166.67,34.72,131.95,PAID,2025-11-15 03:35:03
1404,11,310.45,55.65,254.80,PACKING,2024-10-02 13:33:30
1405,6,291.76,57.19,234.57,PAID,2024-11-14 12:52:14
1406,34,276.38,16.41,259.97,COMPLETED,2024-10-07 02:40:54
1407,37,59.32,4.40,54.92,PACKING,2025-05-11 09:26:18
1408,10,33.60,5.38,28.22,CREATED,2025-06-17 05:38:10
1409,47,332.49,74.74,257.75,PAID,2024-11-22 01:51:52
1410,1,174.82,22.01,152.81,CREATED,2026-01-09 03:12:40
1411,40,103.33,19.71,83.62,PACKING,2026-01-02 13:47:15
1412,44,318.18,59.47,258.71,CREATED,2025-01-15 07:16:06
1413,46,140.24,3.43,136.81,PACKING,2025-09-07 16:42:52
1414,6,58.45,5.55,52.90,COMPLETED,2024-01-02 14:39:24
1415,11,157.34,29.31,128.03,COMPLETED,2024-12-18 00:06:50
1416,4,140.18,32.31,107.87,PACKING,2025-04-17 22:07:59
1417,40,117.78,6.53,111.25,COMPLETED,2025-10-15 23:45:04
1418,14,292.18,44.77,247.41,CREATED,2025-06-20 04:22:06
1419,38,235.56,35.40,200.16,SHIPPING,2025-12-16 21:51:17
1420,17,70.46,7.85,62.61,PACKING,2025-11-20 14:23:21
1421,26,26.77,6.13,20.64,SHIPPING,2024-01-07 10:03:25
1422,44,221.82,32.76,189.06,COMPLETED,2025-08-17 08:39:15
1423,47,106.60,6.92,99.68,PACKING,2024-10-18 14:18:34
1424,8,341.04,72.55,268.49,SHIPPING,2024-10-16 07:51:51
1425,44,52.66,3.96,48.70,PACKING,2025-05-21 23:38:40
1426,1,210.47,21.88,188.59,SHIPPING,2024-07-28 21:44:09
1427,15,29.24,4.15,25.09,CREATED,2024-03-03 18:55:40
1428,15,305.41,32.80,272.61,COMPLETED,2025-01-21 13:35:10
1429,34,237.39,5.89,231.50,SHIPPING,2025-04-23 13:43:04
1430,47,254.84,0.34,254.50,CREATED,2024-04-19 05:53:00
1431,1,35.51,8.25,27.26,PAID,2025-04-26 10:56:08
1432,15,308.49,63.66,244.83,CREATED,2024-08-09 22:27:49
1433,3,225.51,2.71,222.80,PACKING,2024-09-11 19:25:01
1434,36,289.81,53.16,236.65,PAID,2024-02-22 05:26:36
1435,32,29.33,4.00,25.33,PAID,2024-04-28 13:46:24
1436,40,345.71,13.32,332.39,COMPLETED,2024-10-12 13:29:01
1437,8,139.32,27.99,111.33,SHIPPING,2025-12-18 18:18:26
1438,8,212.37,6.41,205.96,SHIPPING,2024-05-07 17:36:04
1439,17,199.67,27.87,171.80,COMPLETED,2024-09-15 08:39:57
1440,3,19.53,2.32,17.21,COMPLETED,2025-03-16 06:13:23
1441,6,241.88,1.97,239.91,SHIPPING,2025-03-31 19:14:23
1442,39,122.32,13.45,108.87,PACKING,2025-02-01 12:49:51
1443,16,149.24,14.40,134.84,SHIPPING,2025-10-29 22:48:55
1444,15,80.74,6.37,74.37,SHIPPING,2025-07-26 21:58:29
1445,41,321.62,6.71,314.91,PACKING,2025-09-01 22:43:19
1446,14,34.41,4.75,29.66,SHIPPING,2024-06-08 04:33:04
1447,13,316.72,45.57,271.15,SHIPPING,2025-04-16 17:52:10
1448,38,293.89,35.65,258.24,SHIPPING,2024-12-26 22:28:48
1449,12,29.84,5.46,24.38,PAID,2024-11-05 00:04:02
1450,16,221.25,43.04,178.21,COMPLETED,2024-01-29 23:05:18
1451,32,344.25,44.66,299.59,SHIPPING,2026-01-01 03:46:07
1452,47,66.67,11.10,55.57,COMPLETED,2025-12-28 16:32:46
1453,50,176.19,4.57,171.62,PAID,2025-02-12 11:31:58
1454,35,311.79,61.88,249.91,CREATED,2024-09-22 00:38:20
1455,7,224.66,15.96,208.70,PACKING,2025-10-05 07:54:37
1456,43,221.58,29.62,191.96,SHIPPING,2025-02-05 03:23:09
1457,6,266.96,7.11,259.85,CREATED,2024-01-27 02:39:11
1458,22,203.02,10.03,192.99,PAID,2025-12-27 02:54:32
1459,44,15.70,1.03,14.67,PAID,2025-06-16 23:31:41
1460,45,167.67,6.10,161.57,SHIPPING,2026-01-19 03:17:10
1461,7,144.35,8.43,135.92,COMPLETED,2025-12-23 10:04:28
1462,9,205.55,10.42,195.13,PAID,2025-07-13 04:30:08
1463,13,73.08,14.75,58.33,SHIPPING,2024-08-30 14:10:06
1464,47,207.10,19.91,187.19,CREATED,2025-03-23 11:30:49
1465,47,213.03,43.56,169.47,CREATED,2025-11-19 17:30:45
1466,19,169.53,29.86,139.67,PAID,2024-08-14 16:41:50
1467,8,284.42,64.96,219.46,PAID,2025-12-29 13:19:29
1468,30,48.23,0.18,48.05,PAID,2025-02-17 23:42:26
1469,19,39.05,8.37,30.68,SHIPPING,2025-06-06 13:47:39
1470,10,199.49,35.95,163.54,COMPLETED,2024-01-21 06:54:23
1471,47,232.80,52.45,180.35,COMPLETED,2024-08-21 00:11:00
1472,23,258.00,25.66,232.34,PAID,2025-09-15 17:33:58
1473,21,276.18,64.95,211.23,CREATED,2025-01-02 18:09:19
1474,34,45.38,3.20,42.18,COMPLETED,2025-04-15 20:04:11
1475,48,143.16,18.07,125.09,SHIPPING,2024-03-27 01:22:20
1476,25,18.43,2.74,15.69,CREATED,2025-03-04 14:58:17
1477,10,213.34,31.34,182.00,PACKING,2024-03-01 23:55:52
1478,13,179.23,0.43,178.80,COMPLETED,2024-06-16 15:01:12
1479,24,145.05,23.55,121.50,SHIPPING,2024-06-08 21:38:05
1480,46,91.22,7.76,83.46,SHIPPING,2025-04-04 18:15:27
1481,37,24.81,1.82,22.99,SHIPPING,2024-08-08 00:57:47
1482,24,49.28,11.23,38.05,COMPLETED,2025-09-02 10:04:35
1483,40,98.63,4.75,93.88,COMPLETED,2024-06-26 11:35:57
1484,38,163.82,34.09,129.73,COMPLETED,2025-01-09 20:53:55
1485,7,26.94,3.27,23.67,SHIPPING,2025-07-13 20:01:25
1486,44,271.52,38.28,233.24,COMPLETED,2025-06-08 05:17:14
1487,2,79.59,17.57,62.02,PACKING,2024-11-13 18:22:36
1488,20,333.04,61.91,271.13,PACKING,2024-11-27 04:55:33
1489,30,274.19,55.63,218.56,COMPLETED,2024-10-31 13:25:24
1490,49,97.36,1.24,96.12,PACKING,2025-11-03 18:47:11
1491,46,28.94,1.02,27.92,COMPLETED,2025-07-06 14:09:08
1492,9,332.63,32.06,300.57,PACKING,2024-12-17 08:42:33
1493,35,183.34,40.99,142.35,PACKING,2025-09-07 14:02:26
1494,30,43.33,2.12,41.21,CREATED,2024-04-28 19:22:03
1495,1,142.53,0.53,142.00,COMPLETED,2024-11-23 19:34:34
1496,16,172.20,23.98,148.22,CREATED,2024-11-13 11:03:33
1497,20,33.30,6.12,27.18,PAID,2025-10-13 14:29:02
1498,5,118.51,24.36,94.15,COMPLETED,2025-07-02 09:33:34
1499,8,69.48,9.67,59.81,SHIPPING,2024-06-22 08:05:35
1500,2,149.52,20.95,128.57,CREATED,2025-04-15 07:12:07
1501,9,238.98,48.08,190.90,PAID,2024-11-07 17:36:36
1502,27,99.03,18.78,80.25,CREATED,2024-09-29 19:35:13
1503,41,216.91,13.95,202.96,COMPLETED,2024-05-26 09:05:56
1504,26,15.62,3.54,12.08,PACKING,2025-10-11 14:29:23
1505,33,219.01,43.44,175.57,SHIPPING,2025-12-13 10:52:54
1506,7,10.51,2.16,8.35,CREATED,2025-03-16 18:24:47
1507,33,25.17,1.89,23.28,CREATED,2024-08-07 19:59:32
1508,8,294.79,71.52,223.27,COMPLETED,2025-04-05 13:27:27
1509,39,35.35,8.62,26.73,COMPLETED,2024-12-04 22:01:53
1510,18,263.56,61.04,202.52,PAID,2025-11-19 19:45:10
1511,30,317.69,36.77,280.92,COMPLETED,2025-06-28 00:25:22
1512,39,224.18,11.33,212.85,PAID,2024-08-16 14:21:19
1513,4,316.76,59.60,257.16,PACKING,2024-04-27 11:46:08
1514,11,259.42,36.90,222.52,PAID,2024-02-14 20:18:23
1515,28,148.36,3.75,144.61,SHIPPING,2024-02-11 21:28:55
1516,17,75.55,11.71,63.84,PACKING,2024-05-29 17:49:31
1517,50,331.11,52.34,278.77,PAID,2024-12-21 13:56:26
1518,44,108.26,26.88,81.38,PACKING,2024-04-22 07:34:18
1519,47,18.56,0.89,17.67,CREATED,2025-05-27 23:51:05
1520,43,191.89,11.79,180.10,PAID,2024-12-08 21:04:02
1521,7,242.12,29.27,212.85,PACKING,2025-09-23 23:35:53
1522,9,232.16,45.84,186.32,COMPLETED,2025-02-08 02:22:41
1523,32,87.74,7.79,79.95,CREATED,2024-05-06 21:40:50
1524,26,202.59,34.41,168.18,PACKING,2024-04-28 15:00:17
1525,35,181.40,43.10,138.30,SHIPPING,2025-08-10 14:54:51
1526,34,62.64,2.13,60.51,PAID,2024-01-14 16:19:15
1527,33,30.26,6.41,23.85,CREATED,2025-05-18 10:31:36
1528,45,322.41,65.98,256.43,PAID,2025-12-03 09:11:51
1529,7,156.10,7.09,149.01,PACKING,2024-03-19 19:09:45
1530,6,183.42,11.77,171.65,SHIPPING,2024-09-15 15:44:15
1531,38,285.31,28.36,256.95,PAID,2025-06-25 09:04:15
1532,31,229.14,50.14,179.00,PACKING,2025-07-13 22:44:05
1533,25,252.42,28.16,224.26,COMPLETED,2025-04-11 07:46:51
1534,47,277.00,53.29,223.71,PAID,2025-06-02 03:25:39
1535,21,117.72,15.10,102.62,CREATED,2025-05-15 19:52:35
1536,23,178.39,38.93,139.46,SHIPPING,2025-09-24 23:13:39
1537,1,33.48,1.45,32.03,COMPLETED,2025-09-03 16:02:08
1538,6,273.26,57.05,216.21,SHIPPING,2024-03-14 16:28:58
1539,23,245.16,9.36,235.80,COMPLETED,2025-11-19 10:25:05
1540,28,56.20,9.46,46.74,PACKING,2024-08-19 01:02:42
1541,40,257.98,3.17,254.81,PACKING,2025-08-03 00:17:01
1542,38,291.44,47.26,244.18,COMPLETED,2024-01-15 14:48:45
1543,26,248.79,13.74,235.05,PACKING,2024-06-02 06:41:17
1544,49,184.74,0.96,183.78,PAID,2025-10-30 01:42:56
1545,37,114.38,1.92,112.46,SHIPPING,2025-11-04 13:29:45
1546,1,286.80,20.75,266.05,PAID,2025-10-02 09:35:09
1547,46,62.48,7.01,55.47,PACKING,2025-04-21 18:07:54
1548,39,154.93,5.52,149.41,SHIPPING,2025-04-06 01:31:53
1549,33,47.58,9.60,37.98,SHIPPING,2025-06-26 13:39:19
1550,6,157.32,28.85,128.47,SHIPPING,2024-11-02 12:19:30
1551,16,205.56,32.15,173.41,PACKING,2025-08-17 02:40:31
1552,6,170.16,11.58,158.58,PACKING,2024-06-21 13:37:12
1553,34,276.47,20.63,255.84,PAID,2025-09-08 14:51:19
1554,1,52.41,10.02,42.39,CREATED,2025-07-21 22:51:22
1555,13,251.21,48.61,202.60,COMPLETED,2024-05-26 15:25:15
1556,17,281.36,13.37,267.99,PAID,2024-05-09 21:39:55
1557,33,317.57,64.88,252.69,SHIPPING,2026-01-21 22:10:21
1558,34,172.92,20.16,152.76,SHIPPING,2024-05-19 14:30:35
1559,17,297.44,54.70,242.74,PACKING,2024-05-29 16:40:59
1560,42,171.81,36.69,135.12,PAID,2024-11-28 22:26:20
1561,13,77.40,18.35,59.05,PAID,2024-11-02 19:16:10
1562,22,125.30,6.92,118.38,PAID,2024-08-09 08:35:08
1563,11,233.28,55.01,178.27,PAID,2024-08-29 16:33:25
1564,18,203.27,21.42,181.85,PACKING,2026-01-31 21:42:04
1565,15,238.92,43.20,195.72,PAID,2025-01-15 02:44:41
1566,8,225.12,16.00,209.12,PACKING,2024-07-14 06:51:52
1567,21,338.78,28.75,310.03,SHIPPING,2025-08-16 05:18:45
1568,30,216.42,23.02,193.40,COMPLETED,2024-06-10 15:19:27
1569,13,255.86,50.87,204.99,PAID,2025-12-01 06:32:02
1570,8,341.77,80.84,260.93,COMPLETED,2024-05-23 21:03:06
1571,7,306.32,57.50,248.82,COMPLETED,2024-04-05 20:15:03
1572,19,169.56,9.06,160.50,PAID,2025-04-29 08:23:26
1573,1,97.75,13.31,84.44,PACKING,2025-10-29 22:50:28
1574,43,174.41,13.30,161.11,PAID,2025-06-21 06:15:18
1575,45,110.68,22.19,88.49,COMPLETED,2024-03-26 10:45:47
1576,6,188.89,1.45,187.44,SHIPPING,2025-12-15 23:03:15
1577,12,339.77,28.85,310.92,PAID,2025-08-14 23:23:12
1578,48,223.31,38.14,185.17,SHIPPING,2025-08-21 08:40:12
1579,25,76.87,6.36,70.51,PAID,2024-05-03 19:24:31
1580,35,200.87,45.44,155.43,PAID,2025-05-31 18:01:10
1581,15,289.53,41.64,247.89,PAID,2025-04-26 14:33:33
1582,39,104.99,7.24,97.75,PACKING,2024-08-24 15:26:07
1583,25,84.98,11.64,73.34,PAID,2024-11-28 11:11:08
1584,43,126.08,7.12,118.96,COMPLETED,2025-01-31 05:50:23
1585,34,116.55,6.22,110.33,CREATED,2024-12-11 04:18:11
1586,25,74.01,13.89,60.12,COMPLETED,2024-10-26 07:16:26
1587,4,161.52,3.84,157.68,COMPLETED,2025-04-20 13:33:57
1588,42,269.63,50.83,218.80,PACKING,2024-02-03 21:08:53
1589,31,175.43,6.70,168.73,COMPLETED,2024-03-31 10:03:11
1590,40,133.69,10.48,123.21,PAID,2024-02-23 09:15:22
1591,23,280.47,62.49,217.98,CREATED,2024-02-22 21:48:26
1592,39,251.68,5.89,245.79,CREATED,2025-12-03 21:28:43
1593,42,153.13,16.04,137.09,PAID,2025-09-27 04:21:13
1594,33,79.67,18.74,60.93,PAID,2025-04-27 14:19:45
1595,28,249.41,10.42,238.99,CREATED,2025-05-05 01:53:42
1596,28,52.84,8.34,44.50,PAID,2025-02-12 05:37:35
1597,19,326.28,66.07,260.21,PACKING,2025-12-18 21:31:25
1598,34,62.55,1.79,60.76,COMPLETED,2024-05-26 00:10:41
1599,37,29.41,4.84,24.57,COMPLETED,2024-10-23 16:06:39
1600,45,66.96,0.53,66.43,COMPLETED,2025-02-10 04:15:04
1601,7,340.57,48.02,292.55,PAID,2024-04-25 01:50:24
1602,39,188.62,17.32,171.30,PAID,2025-11-25 22:30:35
1603,46,183.32,0.12,183.20,PACKING,2025-02-17 14:54:04
1604,49,14.74,1.44,13.30,PAID,2025-07-14 10:41:14
1605,35,66.21,4.67,61.54,PAID,2024-10-22 02:42:47
1606,32,36.43,8.54,27.89,COMPLETED,2024-12-24 14:19:24
1607,48,141.99,29.06,112.93,PAID,2024-07-30 02:09:34
1608,35,326.17,75.40,250.77,SHIPPING,2025-03-01 14:59:27
1609,8,314.66,71.14,243.52,PAID,2025-04-30 23:15:40
1610,43,321.51,77.78,243.73,CREATED,2024-02-16 09:36:16
1611,21,63.12,12.57,50.55,PACKING,2024-09-28 19:45:28
1612,50,92.39,22.39,70.00,SHIPPING,2024-10-24 10:48:32
1613,27,106.23,11.50,94.73,SHIPPING,2024-07-17 01:49:33
1614,23,235.32,42.97,192.35,COMPLETED,2025-02-05 13:58:27
1615,3,75.26,6.32,68.94,SHIPPING,2025-02-01 14:31:57
1616,42,285.33,65.16,220.17,PACKING,2025-01-25 03:05:35
1617,1,81.36,4.40,76.96,SHIPPING,2024-12-02 08:37:47
1618,29,214.63,32.22,182.41,PACKING,2025-09-01 17:16:37
1619,40,60.24,7.71,52.53,COMPLETED,2025-03-26 22:34:36
1620,6,211.05,25.32,185.73,SHIPPING,2025-10-20 19:28:13
1621,9,163.13,22.65,140.48,CREATED,2024-08-24 20:34:10
1622,10,109.53,24.15,85.38,CREATED,2025-01-10 16:22:18
1623,31,10.84,0.65,10.19,PAID,2024-12-11 07:56:35
1624,34,91.70,18.39,73.31,SHIPPING,2024-01-17 12:55:08
1625,12,277.51,7.43,270.08,CREATED,2025-04-29 06:40:07
1626,35,195.64,41.20,154.44,PAID,2024-09-16 18:42:33
1627,41,254.03,45.49,208.54,SHIPPING,2024-09-09 18:30:40
1628,28,89.71,0.60,89.11,COMPLETED,2026-01-16 04:03:53
1629,13,191.33,33.68,157.65,CREATED,2026-01-26 13:47:02
1630,24,225.65,51.04,174.61,SHIPPING,2025-08-03 21:39:33
1631,44,146.67,12.09,134.58,PACKING,2025-02-09 20:43:33
1632,41,72.10,11.63,60.47,SHIPPING,2024-11-21 01:17:09
1633,3,304.42,70.39,234.03,PACKING,2024-07-08 00:09:16
1634,23,162.20,9.86,152.34,CREATED,2024-10-16 11:17:14
1635,19,292.51,17.46,275.05,PACKING,2025-04-01 16:39:24
1636,30,134.84,9.99,124.85,SHIPPING,2024-01-16 15:53:51
1637,42,169.85,14.37,155.48,SHIPPING,2024-05-27 20:49:35
1638,35,294.52,65.89,228.63,PACKING,2025-09-30 19:17:06
1639,48,26.46,1.20,25.26,CREATED,2024-11-25 03:31:46
1640,30,306.18,19.88,286.30,PAID,2026-01-02 05:34:17
1641,32,249.35,7.89,241.46,COMPLETED,2025-11-18 14:21:12
1642,35,213.78,30.62,183.16,PAID,2024-08-30 14:29:42
1643,17,56.79,9.55,47.24,SHIPPING,2024-01-17 04:51:58
1644,50,250.86,24.20,226.66,CREATED,2024-08-29 10:22:24
1645,2,157.06,37.61,119.45,SHIPPING,2025-05-30 17:28:07
1646,12,174.33,41.20,133.13,PAID,2025-01-18 10:40:13
1647,2,109.30,20.25,89.05,PAID,2024-02-23 02:51:09
1648,29,80.16,9.77,70.39,PACKING,2024-05-22 23:41:46
1649,50,227.97,12.81,215.16,PAID,2024-02-19 14:07:56
1650,1,348.95,74.74,274.21,SHIPPING,2026-01-11 08:49:45
1651,12,58.49,5.54,52.95,SHIPPING,2025-08-23 05:00:48
1652,38,26.64,3.27,23.37,PACKING,2025-02-23 15:26:23
1653,15,305.61,71.13,234.48,PACKING,2024-05-20 21:32:44
1654,44,196.86,2.51,194.35,PACKING,2025-02-09 05:45:42
1655,13,87.56,2.91,84.65,SHIPPING,2024-11-28 03:55:46
1656,49,58.93,5.47,53.46,PACKING,2025-12-03 08:12:06
1657,37,157.10,17.43,139.67,PAID,2025-06-30 03:08:31
1658,50,113.43,9.22,104.21,PACKING,2025-05-22 17:16:21
1659,15,292.15,9.45,282.70,SHIPPING,2024-02-06 02:18:36
1660,10,309.31,26.44,282.87,PACKING,2025-04-10 01:17:23
1661,22,182.97,39.43,143.54,COMPLETED,2024-07-19 05:24:03
1662,33,24.76,4.90,19.86,PACKING,2024-06-21 12:10:25
1663,8,174.62,20.16,154.46,PACKING,2024-08-01 09:29:49
1664,1,224.59,35.05,189.54,PACKING,2024-10-14 21:19:52
1665,47,206.42,2.00,204.42,CREATED,2025-08-18 12:19:20
1666,25,110.62,2.90,107.72,PAID,2025-11-23 09:59:34
1667,17,122.49,0.52,121.97,SHIPPING,2025-12-19 15:53:09
1668,38,54.84,9.37,45.47,COMPLETED,2025-01-29 11:17:56
1669,17,62.79,14.50,48.29,PACKING,2025-09-08 02:00:45
1670,5,120.39,4.60,115.79,PACKING,2025-01-02 01:47:33
1671,29,185.84,1.25,184.59,CREATED,2025-01-05 07:36:07
1672,27,286.30,48.48,237.82,SHIPPING,2024-08-06 18:23:34
1673,39,203.69,22.41,181.28,PACKING,2026-01-22 08:54:03
1674,8,312.10,65.07,247.03,CREATED,2026-01-06 23:03:20
1675,10,190.99,31.39,159.60,COMPLETED,2024-03-17 05:25:45
1676,35,201.47,20.61,180.86,PAID,2024-08-31 03:57:06
1677,3,157.69,10.53,147.16,SHIPPING,2025-10-22 16:52:49
1678,5,221.59,1.44,220.15,PAID,2024-09-09 07:58:25
1679,14,117.26,0.11,117.15,COMPLETED,2024-11-02 07:03:08
1680,3,144.94,9.57,135.37,SHIPPING,2025-05-17 08:01:12
1681,28,176.68,22.47,154.21,CREATED,2025-01-23 07:40:57
1682,36,181.12,24.66,156.46,PAID,2025-09-24 18:17:02
1683,1,123.96,19.55,104.41,PAID,2024-04-29 16:10:19
1684,35,125.30,10.71,114.59,PAID,2025-10-30 22:40:29
1685,7,132.66,29.59,103.07,CREATED,2025-02-18 16:52:08
1686,17,149.19,9.24,139.95,PACKING,2024-07-22 22:29:13
1687,38,224.69,30.82,193.87,COMPLETED,2024-08-20 19:03:58
1688,18,327.23,10.28,316.95,PACKING,2025-06-06 04:09:05
1689,39,177.35,10.96,166.39,PAID,2025-10-16 02:58:34
1690,19,279.53,5.61,273.92,PAID,2024-02-29 02:57:14
1691,15,23.45,5.36,18.09,CREATED,2025-10-13 05:27:23
1692,38,244.26,2.76,241.50,PAID,2024-12-14 22:14:09
1693,1,302.58,46.07,256.51,PACKING,2025-04-25 06:20:54
1694,42,267.37,45.66,221.71,COMPLETED,2025-04-19 20:01:08
1695,34,342.65,10.39,332.26,COMPLETED,2024-09-22 10:29:56
1696,50,274.48,23.54,250.94,COMPLETED,2024-01-17 20:36:40
1697,14,40.21,1.75,38.46,PACKING,2025-07-23 11:49:02
1698,36,30.59,7.37,23.22,CREATED,2024-08-20 04:25:37
1699,32,178.19,42.28,135.91,PACKING,2025-10-31 11:40:46
1700,10,277.08,56.85,220.23,PAID,2024-01-21 02:31:14
1701,13,97.51,9.62,87.89,CREATED,2025-03-26 14:18:32
1702,29,129.33,26.26,103.07,CREATED,2026-01-24 04:49:15
1703,13,342.91,50.41,292.50,CREATED,2025-06-10 04:38:42
1704,32,191.40,20.91,170.49,COMPLETED,2024-11-24 05:57:26
1705,31,236.37,6.47,229.90,CREATED,2025-04-11 01:41:45
1706,14,263.41,62.56,200.85,CREATED,2025-07-02 18:05:56
1707,42,211.41,38.89,172.52,COMPLETED,2024-10-05 18:08:17
1708,39,183.32,9.39,173.93,PACKING,2024-05-31 15:23:05
1709,28,139.27,27.99,111.28,PACKING,2024-10-08 09:02:53
1710,24,56.57,8.91,47.66,CREATED,2026-01-27 10:35:52
1711,46,90.26,19.59,70.67,PACKING,2024-06-12 23:16:57
1712,47,99.77,4.39,95.38,SHIPPING,2025-04-19 00:58:59
1713,23,102.65,3.55,99.10,PACKING,2025-01-07 00:08:37
1714,40,78.43,14.83,63.60,PACKING,2024-12-07 10:11:27
1715,8,27.46,2.15,25.31,COMPLETED,2024-01-12 15:58:17
1716,3,124.12,29.28,94.84,COMPLETED,2024-08-29 17:23:21
1717,26,237.41,3.96,233.45,SHIPPING,2024-07-30 11:45:59
1718,33,114.01,16.94,97.07,SHIPPING,2025-01-14 08:03:38
1719,31,69.61,1.00,68.61,CREATED,2024-03-12 00:19:18
1720,28,47.43,9.75,37.68,PACKING,2025-03-14 03:26:40
1721,42,29.37,3.11,26.26,CREATED,2025-11-23 15:42:38
1722,15,228.90,20.38,208.52,CREATED,2024-09-15 05:15:26
1723,46,202.40,25.74,176.66,CREATED,2025-06-26 23:20:47
1724,50,250.70,12.61,238.09,COMPLETED,2025-07-11 09:40:06
1725,22,26.19,3.25,22.94,PAID,2024-06-08 05:22:59
1726,26,190.58,7.99,182.59,COMPLETED,2025-10-26 04:46:51
1727,10,320.55,17.51,303.04,COMPLETED,2024-03-08 17:59:22
1728,11,315.71,58.73,256.98,PAID,2025-12-23 20:58:14
1729,7,197.34,17.96,179.38,PACKING,2024-04-02 02:37:08
1730,3,213.76,2.71,211.05,SHIPPING,2025-01-27 16:04:33
1731,31,265.38,55.68,209.70,PAID,2024-12-02 23:16:26
1732,14,40.13,9.01,31.12,PACKING,2025-01-31 03:05:22
1733,15,66.04,13.75,52.29,CREATED,2024-01-11 14:26:45
1734,28,164.26,38.56,125.70,COMPLETED,2024-03-05 01:59:52
1735,33,214.81,46.06,168.75,COMPLETED,2024-03-27 18:17:30
1736,43,74.33,1.24,73.09,PACKING,2025-07-23 18:13:09
1737,19,238.12,29.41,208.71,SHIPPING,2024-02-03 15:47:04
1738,20,323.70,1.46,322.24,SHIPPING,2025-06-13 21:20:05
1739,26,190.10,7.24,182.86,SHIPPING,2025-05-27 20:25:33
1740,25,233.73,15.93,217.80,PAID,2025-10-11 20:32:45
1741,43,30.33,0.22,30.11,COMPLETED,2025-09-09 08:35:19
1742,5,280.62,35.14,245.48,COMPLETED,2024-03-07 19:59:15
1743,12,52.46,9.54,42.92,PACKING,2024-03-04 10:17:26
1744,25,99.54,3.68,95.86,SHIPPING,2024-01-03 21:14:48
1745,23,99.36,16.36,83.00,PACKING,2024-04-13 19:05:35
1746,7,292.66,28.26,264.40,PAID,2025-09-20 07:10:01
1747,5,108.50,2.11,106.39,SHIPPING,2025-05-08 07:45:55
1748,16,34.47,2.32,32.15,SHIPPING,2024-02-13 22:46:16
1749,29,333.38,47.55,285.83,PAID,2025-08-08 19:04:56
1750,31,248.75,22.18,226.57,COMPLETED,2024-12-11 03:10:34
1751,40,291.81,49.53,242.28,SHIPPING,2024-03-09 14:14:03
1752,49,251.48,36.16,215.32,COMPLETED,2024-11-12 13:04:31
1753,47,263.46,38.15,225.31,COMPLETED,2024-08-23 05:19:07
1754,22,26.33,0.52,25.81,PACKING,2025-07-02 10:39:12
1755,28,86.75,13.30,73.45,PAID,2025-06-24 18:47:48
1756,6,157.62,15.16,142.46,SHIPPING,2024-02-21 08:41:21
1757,36,158.07,29.80,128.27,COMPLETED,2024-02-19 05:18:13
1758,9,229.41,13.79,215.62,COMPLETED,2024-01-02 18:18:43
1759,19,118.46,8.83,109.63,CREATED,2024-04-15 08:52:36
1760,47,224.95,27.04,197.91,COMPLETED,2024-11-25 22:27:38
1761,49,33.97,1.62,32.35,CREATED,2024-05-24 02:39:54
1762,45,179.48,21.48,158.00,PAID,2025-09-20 14:04:19
1763,38,299.39,39.36,260.03,PACKING,2025-04-12 20:38:36
1764,31,16.95,1.11,15.84,PACKING,2025-01-04 03:16:44
1765,25,21.69,4.55,17.14,CREATED,2025-06-23 10:27:47
1766,13,171.05,12.38,158.67,COMPLETED,2024-12-06 09:55:26
1767,43,207.25,11.73,195.52,SHIPPING,2024-07-26 04:19:33
1768,41,232.88,40.63,192.25,PAID,2024-08-25 19:34:02
1769,44,185.59,24.88,160.71,COMPLETED,2024-02-29 07:21:48
1770,22,331.49,32.13,299.36,PACKING,2025-10-27 14:15:40
1771,29,26.46,0.68,25.78,CREATED,2024-07-20 08:18:55
1772,41,39.00,6.95,32.05,PAID,2025-07-03 03:46:44
1773,48,33.15,1.70,31.45,SHIPPING,2024-02-28 19:42:17
1774,24,136.84,17.33,119.51,PAID,2024-12-22 16:43:18
1775,29,246.26,37.54,208.72,PACKING,2024-11-02 06:10:29
1776,21,127.82,22.00,105.82,PAID,2024-07-18 04:05:47
1777,26,264.45,40.68,223.77,CREATED,2024-10-19 03:10:39
1778,38,220.96,16.31,204.65,PAID,2025-04-17 04:11:05
1779,6,47.98,10.25,37.73,SHIPPING,2025-10-18 07:28:01
1780,49,148.77,16.32,132.45,PAID,2024-07-21 23:30:38
1781,24,196.04,35.91,160.13,PACKING,2024-02-11 06:41:00
1782,50,243.24,27.09,216.15,SHIPPING,2024-07-19 20:55:44
1783,5,229.10,35.78,193.32,SHIPPING,2024-07-05 20:35:54
1784,21,240.73,56.88,183.85,SHIPPING,2024-12-06 10:15:40
1785,14,42.78,4.60,38.18,PAID,2024-02-21 16:39:12
1786,30,169.54,36.29,133.25,PACKING,2025-06-10 17:03:29
1787,29,225.37,28.12,197.25,COMPLETED,2025-07-03 07:35:54
1788,28,268.15,26.36,241.79,SHIPPING,2025-02-21 02:08:21
1789,29,274.63,16.23,258.40,SHIPPING,2024-09-08 09:57:24
1790,40,51.77,10.87,40.90,PAID,2025-07-18 11:30:52
1791,18,188.68,15.46,173.22,PACKING,2024-11-10 23:29:34
1792,6,89.38,12.32,77.06,COMPLETED,2025-10-02 09:35:21
1793,20,40.61,1.46,39.15,CREATED,2024-05-31 05:25:30
1794,9,221.22,12.46,208.76,PAID,2024-12-05 04:02:38
1795,16,22.12,4.06,18.06,CREATED,2025-02-16 02:26:31
1796,37,147.48,30.05,117.43,PACKING,2024-06-20 17:19:47
1797,49,40.00,1.57,38.43,CREATED,2025-12-20 22:31:34
1798,29,217.67,21.19,196.48,PAID,2024-07-19 19:45:53
1799,29,315.88,35.05,280.83,PACKING,2025-01-26 09:22:50
1800,33,16.32,2.56,13.76,COMPLETED,2025-10-15 16:27:41
1801,43,85.25,1.31,83.94,SHIPPING,2024-10-06 15:26:50
1802,38,206.22,35.49,170.73,PAID,2024-10-17 01:12:33
1803,31,112.35,17.72,94.63,COMPLETED,2025-04-17 14:52:57
1804,40,344.36,31.06,313.30,PAID,2025-03-27 18:07:53
1805,27,253.19,41.25,211.94,COMPLETED,2025-05-05 06:15:37
1806,15,331.29,41.66,289.63,CREATED,2024-09-16 20:16:07
1807,43,346.46,27.92,318.54,CREATED,2025-03-28 22:38:19
1808,47,220.83,2.19,218.64,PAID,2025-01-13 07:25:05
1809,6,92.15,4.29,87.86,COMPLETED,2025-08-02 21:14:49
1810,13,104.10,25.14,78.96,PACKING,2024-03-04 07:11:06
1811,26,76.86,14.72,62.14,PACKING,2024-02-19 15:20:58
1812,16,198.21,22.72,175.49,CREATED,2024-06-04 09:33:03
1813,30,112.07,18.13,93.94,CREATED,2024-06-05 09:44:45
1814,38,183.09,3.71,179.38,PAID,2024-04-14 23:14:04
1815,45,259.19,37.59,221.60,PACKING,2025-12-15 16:57:13
1816,16,275.27,66.94,208.33,SHIPPING,2025-09-22 21:15:54
1817,29,345.18,72.48,272.70,COMPLETED,2024-05-01 05:12:33
1818,42,227.53,55.57,171.96,COMPLETED,2024-07-30 00:31:14
1819,8,196.82,31.56,165.26,SHIPPING,2025-03-11 23:14:35
1820,3,210.83,50.11,160.72,CREATED,2024-03-03 06:54:01
1821,47,156.96,21.68,135.28,PAID,2024-12-02 12:00:04
1822,12,113.14,19.21,93.93,COMPLETED,2024-05-15 11:33:10
1823,3,325.96,7.57,318.39,SHIPPING,2024-10-11 15:10:13
1824,26,131.75,27.29,104.46,COMPLETED,2025-12-10 15:14:47
1825,37,233.60,29.01,204.59,COMPLETED,2025-09-27 18:36:46
1826,49,182.04,19.38,162.66,CREATED,2024-09-24 05:47:39
1827,48,170.87,25.38,145.49,COMPLETED,2024-07-08 13:43:07
1828,38,95.47,18.67,76.80,COMPLETED,2024-10-21 17:58:07
1829,4,201.82,21.64,180.18,CREATED,2024-07-15 16:36:17
1830,26,49.45,3.30,46.15,PACKING,2024-04-26 10:45:58
1831,21,49.16,5.82,43.34,SHIPPING,2025-03-05 04:51:40
1832,1,88.14,13.84,74.30,COMPLETED,2025-05-17 15:34:56
1833,1,56.39,1.07,55.32,SHIPPING,2025-01-23 14:15:55
1834,18,161.82,19.09,142.73,PAID,2024-06-27 18:18:31
1835,47,110.08,14.59,95.49,CREATED,2024-11-28 13:08:53
1836,36,302.29,26.76,275.53,COMPLETED,2024-03-03 06:00:57
1837,21,243.08,8.85,234.23,CREATED,2026-01-22 21:12:13
1838,18,183.28,8.57,174.71,CREATED,2024-08-11 14:06:22
1839,36,339.11,26.54,312.57,PACKING,2024-05-17 11:16:46
1840,15,73.10,2.09,71.01,COMPLETED,2024-08-07 12:48:58
1841,37,138.16,17.62,120.54,SHIPPING,2025-09-04 23:55:40
1842,47,163.41,8.13,155.28,PACKING,2025-06-17 02:38:09
1843,43,120.56,24.22,96.34,COMPLETED,2024-03-29 02:40:50
1844,39,14.25,1.95,12.30,COMPLETED,2025-10-18 09:41:30
1845,24,283.19,57.94,225.25,CREATED,2024-02-04 20:55:22
1846,2,178.64,14.79,163.85,CREATED,2025-11-08 15:16:27
1847,1,144.14,21.81,122.33,SHIPPING,2024-03-06 11:13:15
1848,33,240.25,43.43,196.82,SHIPPING,2025-06-24 06:55:41
1849,13,223.09,24.35,198.74,SHIPPING,2025-05-26 03:38:40
1850,41,69.06,7.35,61.71,SHIPPING,2025-02-05 16:07:42
1851,27,32.15,5.74,26.41,PACKING,2025-05-04 02:55:51
1852,12,349.72,50.13,299.59,COMPLETED,2024-03-12 19:41:03
1853,38,249.25,51.89,197.36,PAID,2025-02-13 08:15:10
1854,26,146.13,7.22,138.91,COMPLETED,2024-06-18 14:11:17
1855,6,119.40,7.68,111.72,COMPLETED,2025-09-23 04:15:12
1856,6,175.96,41.44,134.52,PACKING,2025-05-15 07:46:28
1857,15,229.90,52.29,177.61,SHIPPING,2024-01-26 01:02:10
1858,24,84.20,4.58,79.62,COMPLETED,2025-02-13 09:29:01
1859,3,39.21,8.42,30.79,SHIPPING,2024-09-15 04:20:22
1860,28,194.61,28.68,165.93,PACKING,2024-11-18 23:58:19
1861,1,199.83,35.14,164.69,PACKING,2025-11-21 20:41:10
1862,36,55.94,4.94,51.00,COMPLETED,2024-10-03 11:56:02
1863,35,234.25,49.29,184.96,PAID,2025-06-09 11:42:13
1864,24,89.35,0.84,88.51,COMPLETED,2025-01-21 00:25:08
1865,25,252.39,1.52,250.87,CREATED,2025-08-20 04:31:22
1866,46,320.15,75.72,244.43,CREATED,2025-09-01 15:41:49
1867,15,253.75,6.41,247.34,CREATED,2024-06-19 01:36:58
1868,14,110.12,15.31,94.81,CREATED,2024-01-22 00:00:30
1869,49,330.17,37.17,293.00,CREATED,2025-06-14 16:21:54
1870,23,164.89,29.79,135.10,PAID,2024-05-01 01:40:00
1871,33,168.10,27.63,140.47,SHIPPING,2024-06-20 00:14:05
1872,28,189.40,46.43,142.97,SHIPPING,2025-09-18 19:08:56
1873,9,48.78,1.99,46.79,COMPLETED,2024-09-09 07:22:05
1874,50,181.81,30.33,151.48,PAID,2025-03-02 17:48:36
1875,42,156.93,27.84,129.09,PAID,2025-05-02 06:57:51
1876,39,261.55,22.85,238.70,COMPLETED,2024-02-09 02:53:17
1877,20,171.84,0.00,171.84,CREATED,2025-08-22 23:20:41
1878,21,237.99,31.10,206.89,PACKING,2025-05-29 04:05:48
1879,25,338.65,11.36,327.29,PACKING,2024-05-25 18:32:32
1880,8,297.97,21.65,276.32,SHIPPING,2024-03-03 17:03:01
1881,28,248.66,45.26,203.40,CREATED,2024-08-06 01:36:54
1882,38,323.42,3.65,319.77,PAID,2025-05-19 02:38:28
1883,42,190.57,16.01,174.56,COMPLETED,2025-11-27 19:16:20
1884,32,111.90,26.42,85.48,PAID,2024-07-17 02:31:30
1885,38,26.85,1.70,25.15,CREATED,2024-05-07 12:50:43
1886,19,334.03,56.07,277.96,PACKING,2025-08-10 07:46:15
1887,17,78.34,19.15,59.19,CREATED,2024-01-22 14:05:27
1888,33,259.05,12.63,246.42,COMPLETED,2024-04-28 13:57:22
1889,10,99.21,13.96,85.25,PACKING,2025-01-18 21:16:06
1890,6,87.63,12.61,75.02,PACKING,2025-08-09 12:43:58
1891,47,52.93,4.18,48.75,SHIPPING,2024-07-10 01:02:17
1892,3,53.72,12.06,41.66,SHIPPING,2025-06-21 20:25:10
1893,17,135.38,25.03,110.35,PAID,2025-10-14 12:11:50
1894,39,30.23,3.10,27.13,PACKING,2026-01-17 18:04:48
1895,31,106.66,26.56,80.10,PAID,2025-01-04 01:35:21
1896,46,236.06,18.18,217.88,COMPLETED,2025-08-09 17:26:19
1897,49,335.17,10.14,325.03,COMPLETED,2024-08-16 15:22:28
1898,3,266.87,33.21,233.66,PACKING,2025-08-01 17:58:05
1899,26,213.36,50.00,163.36,PAID,2024-09-21 21:08:33
1900,33,341.92,51.07,290.85,SHIPPING,2024-12-01 03:07:44
1901,8,205.68,2.66,203.02,PACKING,2024-09-27 23:37:50
1902,26,164.95,18.35,146.60,CREATED,2024-12-18 08:54:06
1903,22,276.05,6.03,270.02,CREATED,2025-06-24 09:54:34
1904,37,151.35,37.67,113.68,SHIPPING,2024-11-19 03:13:19
1905,3,66.59,16.40,50.19,PAID,2025-04-12 15:24:33
1906,10,326.94,33.29,293.65,SHIPPING,2025-06-27 23:58:46
1907,12,157.99,17.13,140.86,CREATED,2024-06-18 09:15:32
1908,36,205.73,1.35,204.38,SHIPPING,2025-09-30 13:20:37
1909,43,94.59,3.52,91.07,COMPLETED,2024-04-01 21:16:03
1910,40,100.14,18.04,82.10,PAID,2025-08-12 15:11:03
1911,30,42.26,4.20,38.06,SHIPPING,2026-01-09 17:12:44
1912,21,68.17,6.63,61.54,PAID,2025-08-05 17:33:17
1913,21,144.85,24.37,120.48,PAID,2024-04-14 06:08:44
1914,10,229.20,17.19,212.01,COMPLETED,2025-02-26 13:22:28
1915,8,73.91,10.27,63.64,CREATED,2025-10-24 05:32:15
1916,47,223.24,30.02,193.22,PAID,2024-04-12 08:54:30
1917,6,219.23,14.20,205.03,CREATED,2024-12-01 09:52:39
1918,26,246.09,46.17,199.92,SHIPPING,2024-02-02 18:31:19
1919,20,159.08,9.00,150.08,PACKING,2025-06-21 03:21:49
1920,17,251.08,28.40,222.68,CREATED,2025-06-20 08:14:24
1921,29,178.95,21.50,157.45,COMPLETED,2024-05-16 17:42:46
1922,46,202.70,19.73,182.97,COMPLETED,2025-06-07 10:48:38
1923,19,311.47,41.56,269.91,SHIPPING,2024-11-18 16:05:33
1924,18,111.11,0.65,110.46,PAID,2025-01-04 05:50:18
1925,5,318.48,24.31,294.17,SHIPPING,2024-06-08 07:35:28
1926,4,109.78,1.06,108.72,SHIPPING,2024-02-19 11:28:48
1927,42,40.18,8.08,32.10,SHIPPING,2024-10-10 00:38:13
1928,20,261.49,4.14,257.35,COMPLETED,2024-01-11 05:49:07
1929,6,183.24,30.05,153.19,SHIPPING,2025-08-22 11:18:58
1930,39,165.78,20.17,145.61,SHIPPING,2024-06-02 01:28:34
1931,11,171.32,35.19,136.13,CREATED,2025-03-08 04:59:29
1932,9,98.79,10.65,88.14,COMPLETED,2025-06-09 18:19:10
1933,13,34.46,4.29,30.17,CREATED,2024-08-06 08:37:10
1934,42,64.26,12.61,51.65,PAID,2025-02-10 02:22:24
1935,35,110.55,14.80,95.75,COMPLETED,2025-08-20 22:55:30
1936,25,267.29,16.01,251.28,COMPLETED,2024-06-05 04:36:40
1937,20,296.45,49.29,247.16,COMPLETED,2024-09-29 21:18:38
1938,36,55.78,5.37,50.41,PAID,2025-11-29 15:51:00
1939,35,251.79,23.29,228.50,PACKING,2024-03-24 18:33:31
1940,23,230.42,25.82,204.60,COMPLETED,2025-12-25 09:51:52
1941,26,29.15,1.65,27.50,CREATED,2024-12-29 15:32:32
1942,41,194.26,34.37,159.89,SHIPPING,2025-10-02 09:35:25
1943,24,314.10,19.15,294.95,SHIPPING,2025-11-13 11:47:44
1944,39,319.57,68.49,251.08,SHIPPING,2024-10-22 08:44:55
1945,12,234.01,36.17,197.84,PACKING,2026-01-28 23:57:30
1946,14,239.68,24.58,215.10,CREATED,2025-05-31 00:23:06
1947,39,155.72,8.72,147.00,SHIPPING,2024-09-30 19:27:35
1948,12,258.46,57.63,200.83,PACKING,2025-06-05 03:46:52
1949,22,189.02,43.60,145.42,COMPLETED,2024-05-20 11:49:31
1950,16,316.72,16.02,300.70,CREATED,2024-03-21 15:56:05
1951,5,15.47,1.90,13.57,PAID,2025-10-13 08:15:54
1952,19,133.19,14.57,118.62,CREATED,2025-06-09 03:50:21
1953,5,256.64,13.85,242.79,PACKING,2025-04-23 16:21:14
1954,12,343.87,77.89,265.98,SHIPPING,2025-05-21 01:32:01
1955,44,34.69,5.90,28.79,PAID,2025-01-02 19:12:51
1956,37,141.65,14.85,126.80,SHIPPING,2025-12-23 18:15:07
1957,28,127.34,3.34,124.00,CREATED,2025-12-07 17:34:14
1958,16,67.48,0.03,67.45,COMPLETED,2025-08-21 20:51:33
1959,2,111.44,27.22,84.22,COMPLETED,2024-05-26 20:33:04
1960,13,265.49,63.45,202.04,SHIPPING,2025-05-29 00:21:51
1961,2,278.26,9.06,269.20,PAID,2025-05-30 18:32:00
1962,9,18.53,3.41,15.12,PAID,2024-03-04 19:25:55
1963,26,249.17,53.77,195.40,COMPLETED,2024-04-05 11:39:14
1964,27,160.33,37.15,123.18,COMPLETED,2024-08-28 07:11:34
1965,39,184.18,39.57,144.61,SHIPPING,2024-12-04 10:50:43
1966,16,165.42,17.43,147.99,PACKING,2025-02-15 17:49:30
1967,22,112.88,8.76,104.12,PAID,2026-01-15 13:29:02
1968,17,26.38,5.13,21.25,SHIPPING,2025-12-31 16:53:12
1969,21,211.35,45.32,166.03,COMPLETED,2025-02-19 10:33:30
1970,28,95.72,23.36,72.36,SHIPPING,2024-04-19 08:21:19
1971,30,257.27,60.23,197.04,PAID,2024-03-13 01:04:10
1972,8,237.45,14.97,222.48,CREATED,2025-11-24 00:23:26
1973,15,237.45,20.19,217.26,SHIPPING,2025-10-29 06:42:30
1974,12,149.99,6.76,143.23,COMPLETED,2025-12-08 21:09:42
1975,13,89.26,22.15,67.11,CREATED,2024-10-24 02:29:41
1976,42,302.89,51.66,251.23,PACKING,2025-08-02 11:58:11
1977,21,225.03,46.40,178.63,PAID,2025-12-16 00:10:24
1978,38,42.53,3.61,38.92,PAID,2025-01-13 09:40:40
1979,3,87.81,5.51,82.30,COMPLETED,2025-10-27 11:03:28
1980,34,253.04,48.87,204.17,CREATED,2025-03-03 14:48:39
1981,11,279.79,13.38,266.41,PACKING,2025-08-18 15:10:06
1982,9,280.71,6.71,274.00,SHIPPING,2024-01-22 12:18:47
1983,6,170.55,5.80,164.75,PAID,2024-09-06 16:20:50
1984,1,38.39,4.36,34.03,PAID,2025-02-03 00:59:57
1985,3,48.03,11.71,36.32,PAID,2025-07-07 22:33:12
1986,42,333.05,10.92,322.13,COMPLETED,2024-04-03 11:48:39
1987,5,343.24,61.28,281.96,PACKING,2024-06-18 13:22:45
1988,46,75.22,2.68,72.54,PACKING,2025-10-12 06:45:25
1989,1,188.19,23.66,164.53,PACKING,2025-04-22 19:48:24
1990,36,281.65,36.57,245.08,COMPLETED,2025-06-10 10:04:27
1991,31,265.87,25.70,240.17,COMPLETED,2024-02-28 18:13:22
1992,5,18.01,1.94,16.07,PAID,2025-02-13 18:59:45
1993,12,329.80,23.27,306.53,SHIPPING,2025-02-28 07:09:11
1994,45,188.27,11.51,176.76,CREATED,2025-01-24 14:24:57
1995,17,73.01,13.01,60.00,PACKING,2025-05-09 06:07:42
1996,15,99.70,7.38,92.32,CREATED,2025-03-26 23:28:37
1997,3,86.60,18.90,67.70,SHIPPING,2025-03-29 11:50:19
1998,50,12.48,0.39,12.09,PAID,2025-04-13 12:24:26
1999,16,136.82,16.12,120.70,PAID,2025-05-09 17:12:38
2000,33,335.99,57.86,278.13,COMPLETED,2024-06-14 17:56:57
