id,order_id,variant_id,quantity,unit_price
1,1773,534,4,5.88
2,1927,539,2,135.83
3,1744,506,2,37.78
4,1443,63,2,111.6
5,1319,409,3,19.08
6,593,265,4,94.45
7,165,38,4,133.35
8,1944,220,1,237.59
9,829,590,3,208.71
10,615,299,2,244.63
11,1772,443,3,214.05
12,1688,453,3,91.17
13,1383,285,1,95.54
14,1683,381,1,8.67
15,1486,296,2,199.63
16,1669,112,5,81.23
17,529,265,1,94.45
18,817,343,1,233.56
19,1119,472,3,115.1
20,296,287,3,210.74
21,214,505,1,34.36
22,1883,388,4,56.49
23,1825,321,1,32.57
24,280,478,2,243.97
25,418,322,2,128.54
26,1853,497,2,227.24
27,450,289,3,117.41
28,1942,213,5,231.67
29,931,63,5,111.6
30,945,283,4,180.56
31,875,482,3,128.85
32,1993,434,1,216.37
33,1927,231,3,132.58
34,213,57,3,143.66
35,1465,393,5,110.24
36,292,512,3,181.18
37,1637,208,1,137.8
38,1811,275,4,142.78
39,653,499,4,21.14
40,165,477,5,49.2
41,574,505,5,34.36
42,1450,560,1,233.09
43,1828,586,2,148.25
44,1521,427,1,129.4
45,198,149,4,21.72
46,447,434,5,216.37
47,1147,151,1,222.77
48,168,116,1,241.41
49,1387,339,1,9.27
50,1318,597,5,25.44
51,1400,384,4,11.67
52,848,405,1,199.74
53,1524,462,3,37.99
54,815,447,4,9.67
55,274,558,5,154.68
56,980,469,5,46.6
57,681,397,1,169.75
58,543,285,2,95.54
59,1599,45,1,125.63
60,10,171,1,179.82
61,85,335,3,223.36
62,900,166,4,173.26
63,1126,18,4,46.31
64,251,580,4,39.05
65,57,405,1,199.74
66,1980,140,2,154.37
67,1330,518,4,21
68,263,400,3,54.03
69,286,296,5,199.63
70,1752,583,5,201.79
71,290,144,5,232.36
72,486,150,5,232.51
73,1705,204,1,23.72
74,1146,218,4,68.19
75,962,469,3,46.6
76,2,439,5,171.1
77,1456,431,2,93.14
78,1268,389,3,5.36
79,1748,28,5,115.98
80,1653,332,1,209.27
81,878,526,2,237.96
82,1810,264,2,170.77
83,1163,534,4,5.88
84,516,561,3,91.92
85,1458,125,1,133.92
86,906,359,4,243.4
87,1879,374,4,45.52
88,1024,519,4,169.02
89,58,386,5,235.37
90,1740,50,4,21
91,212,331,2,28.04
92,158,21,3,197
93,252,184,4,187.08
94,942,237,2,135.53
95,1287,78,2,119.86
96,1853,286,4,112.95
97,478,374,2,45.52
98,1329,45,3,125.63
99,1135,455,5,183.96
100,578,465,5,165.34
101,623,252,1,65.99
102,407,482,2,128.85
103,628,202,2,182.83
104,1937,74,3,86.91
105,1285,173,4,214.37
106,931,310,2,180.45
107,1839,408,1,54.06
108,731,366,5,236.73
109,1619,237,1,135.53
110,337,554,5,135.66
111,258,466,5,35.22
112,305,290,4,42.8
113,514,345,3,86.95
114,386,4,2,70.25
115,1284,264,2,170.77
116,1904,7,1,192.11
117,583,38,4,133.35
118,1543,228,5,217.27
119,1237,113,1,138.62
120,1938,154,2,59.41
121,893,183,1,164.88
122,902,161,2,8.72
123,915,329,1,142.08
124,1449,515,3,86.3
125,262,294,5,194.88
126,1069,557,5,214.74
127,233,54,2,147.09
128,471,464,4,7.05
129,1925,527,3,41.86
130,1918,115,3,226.48
131,1311,155,3,188.9
132,236,430,3,210.25
133,1874,19,1,104.09
134,377,380,5,189.1
135,326,59,3,8.03
136,61,44,1,54.1
137,63,268,2,230.32
138,1476,299,4,244.63
139,1203,512,3,181.18
140,359,92,2,48.51
141,1610,360,1,243.58
142,738,379,2,18.29
143,776,199,4,10.35
144,1259,459,3,150.38
145,478,81,2,178.78
146,181,98,2,176.81
147,758,320,5,208
148,1203,84,1,78.24
149,1140,370,2,94.05
150,1658,291,3,118.79
151,1466,128,2,104.71
152,951,417,2,105.27
153,1711,140,2,154.37
154,149,82,4,223.97
155,1169,391,2,112.06
156,525,250,3,66.45
157,1823,524,5,36.66
158,241,491,4,142.78
159,931,112,3,81.23
160,1817,494,4,196.25
161,683,218,5,68.19
162,666,154,3,59.41
163,93,201,5,115.79
164,660,413,3,92.52
165,418,111,2,47.35
166,1294,383,4,196.36
167,89,333,5,132.85
168,275,57,4,143.66
169,1044,466,4,35.22
170,528,219,3,111.21
171,244,160,3,102.98
172,700,326,2,169.54
173,1555,321,2,32.57
174,433,125,4,133.92
175,1049,431,2,93.14
176,1807,545,1,31.17
177,791,398,1,18.48
178,709,143,4,213.68
179,1234,529,4,120.1
180,1566,150,1,232.51
181,1545,536,2,101.05
182,969,205,4,91.2
183,518,388,3,56.49
184,1083,571,1,65.96
185,50,537,3,227.69
186,806,391,5,112.06
187,1251,149,2,21.72
188,834,266,1,209.12
189,828,117,4,127.59
190,168,55,4,104.62
191,456,578,1,142.5
192,1252,346,4,227.91
193,1461,352,3,35.94
194,840,257,2,136.26
195,1400,141,2,123.49
196,1489,411,5,179.94
197,385,48,2,110.16
198,1162,582,2,201.39
199,1922,348,2,248.93
200,862,112,2,81.23
201,681,54,5,147.09
202,716,550,3,32.45
203,718,448,2,69.31
204,461,390,1,126.99
205,731,480,2,188.06
206,949,378,1,175.59
207,774,528,4,21.45
208,938,270,1,233.71
209,540,479,2,113.19
210,743,15,5,112.55
211,1757,434,2,216.37
212,1648,360,4,243.58
213,1065,340,4,151.05
214,1652,12,2,79.33
215,462,247,1,206.44
216,459,280,3,88.67
217,1972,579,2,193.72
218,754,456,3,132.24
219,797,40,2,80.06
220,712,545,3,31.17
221,838,566,5,81.49
222,534,310,5,180.45
223,110,470,1,74.22
224,552,107,5,240.06
225,875,318,2,177.82
226,1630,571,5,65.96
227,572,205,2,91.2
228,804,95,4,16.81
229,599,519,3,169.02
230,846,498,1,7.05
231,987,230,2,30.93
232,1990,125,5,133.92
233,1537,368,5,236.39
234,65,557,1,214.74
235,501,84,3,78.24
236,395,454,1,245.66
237,272,34,4,31.65
238,133,88,4,10.98
239,1013,52,2,152.05
240,894,129,4,212.34
241,24,491,3,142.78
242,1298,257,5,136.26
243,1829,122,5,248.73
244,1145,94,5,179.65
245,478,375,1,153.81
246,311,553,5,141
247,86,23,4,235.55
248,1373,136,3,134.38
249,1647,393,5,110.24
250,1595,75,5,58.94
251,672,462,3,37.99
252,1949,212,4,103.52
253,780,496,1,152.06
254,1331,259,1,63.94
255,1497,108,3,166.82
256,1184,226,5,248.81
257,1992,388,1,56.49
258,1344,401,1,49.76
259,129,93,2,63.4
260,916,430,5,210.25
261,1034,567,3,200.56
262,1012,34,2,31.65
263,753,497,5,227.24
264,239,154,5,59.41
265,1111,212,3,103.52
266,1281,15,4,112.55
267,303,464,2,7.05
268,905,324,4,180.84
269,940,280,5,88.67
270,1939,380,4,189.1
271,45,590,1,208.71
272,457,221,5,20.79
273,1377,253,5,24.19
274,1141,356,4,113.34
275,60,99,1,224.67
276,492,240,3,87.91
277,336,206,5,175.52
278,1045,563,1,217.58
279,616,166,1,173.26
280,1817,257,5,136.26
281,868,342,3,145.58
282,4,381,2,8.67
283,1905,596,4,181.75
284,781,135,2,160.81
285,35,3,2,111.03
286,1868,272,3,208.78
287,1350,224,4,154.91
288,857,194,2,12.12
289,1169,208,4,137.8
290,351,389,1,5.36
291,1674,599,1,117.25
292,118,213,1,231.67
293,1121,299,2,244.63
294,738,403,5,142.82
295,1565,189,5,145.41
296,1829,173,2,214.37
297,1024,525,2,33.72
298,375,91,4,47.18
299,717,295,3,148.41
300,1173,454,2,245.66
301,1334,45,2,125.63
302,491,223,3,164.17
303,1467,441,3,145.91
304,1727,241,3,136.02
305,1651,502,4,135.74
306,1052,207,4,130.56
307,96,543,3,20.48
308,1106,239,2,125.37
309,253,159,4,222.76
310,1560,558,1,154.68
311,1050,427,4,129.4
312,939,391,5,112.06
313,121,97,2,174.68
314,1117,401,2,49.76
315,1077,217,4,95.1
316,1748,523,5,195.84
317,966,525,5,33.72
318,771,384,1,11.67
319,1630,302,5,248.06
320,1753,377,3,61.88
321,1360,181,4,128.17
322,1958,556,2,155.56
323,1752,195,1,227.17
324,522,233,1,215.96
325,1009,431,2,93.14
326,1918,263,1,114.14
327,823,404,3,58.5
328,419,476,4,124.63
329,1879,56,3,33.1
330,293,238,2,71.19
331,1842,345,5,86.95
332,1986,304,5,93.2
333,872,596,4,181.75
334,1505,309,3,201.42
335,466,321,3,32.57
336,1967,465,4,165.34
337,1185,338,1,70.64
338,1351,216,1,40.45
339,721,140,2,154.37
340,1780,148,5,189.09
341,514,458,4,8.24
342,647,13,4,122.66
343,142,147,3,195.72
344,431,212,4,103.52
345,1046,410,5,238.4
346,1388,566,1,81.49
347,231,480,2,188.06
348,1880,142,4,68.4
349,1580,115,4,226.48
350,1487,530,5,136.98
351,1581,251,4,23.96
352,168,495,5,107.84
353,1857,166,1,173.26
354,1942,362,1,232.13
355,280,579,4,193.72
356,414,512,4,181.18
357,126,194,5,12.12
358,981,349,2,179.18
359,1123,288,2,31.7
360,1522,510,5,93.33
361,1875,541,4,129.94
362,394,50,2,21
363,858,11,3,224.42
364,1327,74,2,86.91
365,593,25,4,151.96
366,585,523,2,195.84
367,1883,142,2,68.4
368,479,306,5,232.45
369,1276,316,4,60.15
370,399,217,5,95.1
371,1241,54,2,147.09
372,1988,386,3,235.37
373,1575,365,4,61.37
374,181,46,4,9.21
375,316,162,4,67.27
376,371,361,3,53.09
377,945,42,4,7.08
378,712,365,3,61.37
379,446,528,5,21.45
380,495,557,2,214.74
381,1941,425,1,172.85
382,1938,246,3,108.45
383,1845,307,5,99.14
384,1289,475,3,132.88
385,1008,454,1,245.66
386,55,500,2,179.13
387,384,436,4,72.85
388,1412,293,5,167.26
389,1790,387,2,159.29
390,499,409,1,19.08
391,743,496,3,152.06
392,162,456,3,132.24
393,1931,60,5,33.2
394,279,323,2,166.91
395,968,55,3,104.62
396,1884,248,5,171.77
397,30,44,1,54.1
398,1676,489,4,49.03
399,498,479,4,113.19
400,213,416,2,221.94
401,624,249,3,10.67
402,217,236,1,41.34
403,1888,211,4,185.35
404,1545,293,4,167.26
405,225,288,3,31.7
406,576,478,2,243.97
407,1704,321,3,32.57
408,73,553,3,141
409,523,305,2,196.24
410,1482,476,5,124.63
411,1545,544,2,68.5
412,1914,4,3,70.25
413,133,468,1,140.82
414,517,437,3,194.26
415,1419,44,2,54.1
416,768,517,3,105.79
417,1857,352,4,35.94
418,959,184,1,187.08
419,1232,335,2,223.36
420,334,235,4,61
421,816,437,5,194.26
422,1847,113,3,138.62
423,941,94,5,179.65
424,1932,167,5,85.8
425,1310,446,4,106.81
426,64,144,1,232.36
427,982,572,5,126.63
428,1103,585,5,90.17
429,92,136,2,134.38
430,848,551,3,154.7
431,527,586,4,148.25
432,1131,584,3,169.83
433,749,342,5,145.58
434,369,581,1,122.34
435,1018,438,2,50.07
436,1487,381,3,8.67
437,1264,249,1,10.67
438,1052,266,3,209.12
439,980,35,3,205.17
440,1735,494,2,196.25
441,1087,95,5,16.81
442,103,561,2,91.92
443,1071,586,5,148.25
444,136,348,3,248.93
445,463,569,5,61.74
446,1395,174,2,228.53
447,1967,444,5,124.61
448,1241,322,2,128.54
449,1812,477,2,49.2
450,104,1,2,33.89
451,793,18,1,46.31
452,385,371,4,207.69
453,1675,166,1,173.26
454,504,437,1,194.26
455,231,64,4,179.34
456,1132,379,3,18.29
457,1072,137,4,23.35
458,1004,97,3,174.68
459,482,4,4,70.25
460,164,414,5,26.9
461,1208,444,5,124.61
462,705,386,1,235.37
463,475,528,3,21.45
464,1967,408,4,54.06
465,103,414,3,26.9
466,1242,64,4,179.34
467,1890,439,5,171.1
468,678,161,2,8.72
469,1008,196,2,203.87
470,1545,424,3,229.51
471,764,7,3,192.11
472,1605,372,1,163.5
473,1465,393,2,110.24
474,102,38,2,133.35
475,682,317,3,136.16
476,262,42,1,7.08
477,651,141,2,123.49
478,910,216,2,40.45
479,763,204,4,23.72
480,1607,135,3,160.81
481,51,188,4,133.9
482,1503,588,2,219.78
483,1530,125,1,133.92
484,1352,145,4,22.77
485,1546,299,5,244.63
486,1840,218,1,68.19
487,1974,73,5,82.6
488,1107,538,5,227.76
489,1419,435,3,130.55
490,904,482,5,128.85
491,1269,477,5,49.2
492,703,84,5,78.24
493,470,109,3,240.15
494,238,46,2,9.21
495,1344,211,2,185.35
496,1297,403,4,142.82
497,474,132,5,119.44
498,1000,576,2,151.56
499,785,158,1,16.32
500,1376,456,3,132.24
501,1650,22,5,109.39
502,1580,493,4,64.05
503,1250,61,2,197.45
504,1038,291,2,118.79
505,1535,481,1,129.33
506,1967,326,1,169.54
507,619,268,5,230.32
508,1910,133,5,22.09
509,163,61,3,197.45
510,1885,151,5,222.77
511,1363,134,2,45.21
512,1096,26,5,215.95
513,142,1,1,33.89
514,1888,553,3,141
515,1406,489,1,49.03
516,159,538,5,227.76
517,1161,471,4,34.17
518,729,19,3,104.09
519,711,460,1,112.26
520,363,66,2,100.86
521,1182,588,1,219.78
522,1166,405,2,199.74
523,997,230,2,30.93
524,1073,126,3,87.32
525,211,503,5,97.02
526,1025,554,2,135.66
527,1985,317,1,136.16
528,1845,308,1,238.69
529,660,120,5,196.86
530,1180,551,4,154.7
531,901,595,3,114.2
532,900,296,5,199.63
533,1208,546,4,120.07
534,1193,154,3,59.41
535,1696,277,1,166.1
536,1164,293,1,167.26
537,1003,406,2,209.08
538,1365,597,3,25.44
539,1184,269,1,117.58
540,455,297,4,65.74
541,1107,250,4,66.45
542,824,599,1,117.25
543,87,130,3,228.6
544,695,260,2,137.01
545,782,83,3,206.15
546,496,107,2,240.06
547,947,498,3,7.05
548,1045,417,1,105.27
549,1998,597,4,25.44
550,407,37,4,138.45
551,1170,404,5,58.5
552,1265,267,5,77.35
553,1757,132,2,119.44
554,37,387,1,159.29
555,8,55,4,104.62
556,1678,355,5,88.22
557,1994,457,3,229.67
558,1487,191,2,37.97
559,439,452,5,154.1
560,680,205,4,91.2
561,562,454,3,245.66
562,1373,166,3,173.26
563,1245,90,5,68.48
564,1084,561,1,91.92
565,1216,492,5,174.3
566,196,558,2,154.68
567,922,512,1,181.18
568,342,518,5,21
569,1069,116,3,241.41
570,460,387,5,159.29
571,1608,534,1,5.88
572,230,462,2,37.99
573,516,90,4,68.48
574,1924,591,5,165.89
575,684,310,1,180.45
576,884,394,2,33.17
577,1159,157,5,85.88
578,975,460,1,112.26
579,1513,263,4,114.14
580,1139,554,5,135.66
581,1859,70,1,65.36
582,1717,394,1,33.17
583,1746,274,4,205.83
584,1115,33,1,81.44
585,803,353,1,56.59
586,1529,482,4,128.85
587,87,161,4,8.72
588,1384,268,4,230.32
589,927,402,4,13.66
590,1101,16,2,95.78
591,1022,134,1,45.21
592,220,414,2,26.9
593,828,473,2,18.24
594,53,416,4,221.94
595,1590,288,1,31.7
596,1517,45,4,125.63
597,1592,429,2,221.89
598,1033,181,2,128.17
599,1806,386,3,235.37
600,87,82,5,223.97
601,957,424,2,229.51
602,82,163,3,13.69
603,600,308,5,238.69
604,1073,33,5,81.44
605,66,336,3,147.91
606,1920,500,1,179.13
607,785,168,5,19.75
608,1669,505,3,34.36
609,861,460,1,112.26
610,1584,36,3,40.88
611,409,51,3,45.81
612,502,351,2,23.35
613,1714,142,1,68.4
614,1715,42,1,7.08
615,648,159,3,222.76
616,1175,505,5,34.36
617,789,486,1,102.52
618,777,592,5,243.21
619,292,241,5,136.02
620,855,564,1,42.97
621,459,567,4,200.56
622,1221,571,1,65.96
623,1971,586,5,148.25
624,1626,324,4,180.84
625,1786,398,5,18.48
626,896,224,2,154.91
627,1163,181,1,128.17
628,360,116,3,241.41
629,1020,361,4,53.09
630,1809,540,2,116.61
631,541,274,2,205.83
632,667,73,5,82.6
633,1140,251,5,23.96
634,1586,225,3,89.94
635,117,166,2,173.26
636,265,474,3,38.64
637,1508,255,3,91.33
638,915,43,4,47.02
639,356,505,1,34.36
640,1657,574,4,236.61
641,629,511,3,98.99
642,733,285,2,95.54
643,1682,544,3,68.5
644,1666,95,4,16.81
645,194,249,3,10.67
646,1461,361,2,53.09
647,1946,68,3,197.36
648,89,548,3,157.52
649,1889,584,3,169.83
650,789,531,1,64.24
651,1691,99,1,224.67
652,367,3,5,111.03
653,444,474,1,38.64
654,1049,383,1,196.36
655,378,142,4,68.4
656,195,449,5,106.91
657,1441,528,3,21.45
658,767,491,2,142.78
659,1328,155,1,188.9
660,1310,137,1,23.35
661,374,406,2,209.08
662,1670,230,3,30.93
663,1914,110,1,158.74
664,1219,223,1,164.17
665,1664,221,1,20.79
666,1259,453,2,91.17
667,306,386,3,235.37
668,1266,348,3,248.93
669,1812,388,1,56.49
670,17,199,3,10.35
671,1479,433,4,39.51
672,46,198,2,199.58
673,960,514,3,200.33
674,134,239,1,125.37
675,1483,221,5,20.79
676,1617,144,2,232.36
677,740,246,5,108.45
678,39,534,5,5.88
679,406,586,5,148.25
680,1763,461,1,113.26
681,842,102,2,131.19
682,1035,132,4,119.44
683,116,236,2,41.34
684,1768,381,2,8.67
685,884,562,2,198.35
686,551,552,2,46.56
687,1101,355,5,88.22
688,1215,208,3,137.8
689,1118,243,1,122.7
690,627,43,3,47.02
691,1516,570,2,176.81
692,651,129,4,212.34
693,1227,559,3,210.93
694,508,24,5,89.79
695,978,30,3,76.12
696,818,52,2,152.05
697,1455,102,4,131.19
698,1104,415,4,153.21
699,1549,565,2,122.01
700,1391,459,1,150.38
701,1302,198,2,199.58
702,1449,264,5,170.77
703,138,269,1,117.58
704,1649,396,1,36.78
705,682,196,5,203.87
706,421,281,5,224.13
707,304,490,5,136.35
708,779,464,1,7.05
709,824,523,4,195.84
710,593,57,1,143.66
711,1490,363,2,231.78
712,1144,202,4,182.83
713,78,482,4,128.85
714,242,561,2,91.92
715,1920,330,3,57.51
716,1724,439,2,171.1
717,1206,161,3,8.72
718,1789,273,5,196.82
719,1981,599,3,117.25
720,871,110,3,158.74
721,925,519,4,169.02
722,202,491,2,142.78
723,1220,182,5,239.29
724,1875,463,5,242.61
725,210,479,1,113.19
726,1775,87,4,101.95
727,392,409,3,19.08
728,1372,504,5,52.52
729,770,367,5,64.54
730,1663,553,5,141
731,26,116,5,241.41
732,790,244,4,60.13
733,1726,270,5,233.71
734,333,274,1,205.83
735,1606,404,1,58.5
736,1741,53,2,88.37
737,357,354,2,185.7
738,237,298,5,99.81
739,857,240,1,87.91
740,299,296,2,199.63
741,1246,594,2,99.59
742,390,336,5,147.91
743,1346,126,3,87.32
744,640,506,2,37.78
745,391,41,5,187.24
746,1348,181,3,128.17
747,394,519,2,169.02
748,669,434,1,216.37
749,1869,597,5,25.44
750,6,276,2,229.5
751,784,516,3,39.97
752,828,553,4,141
753,689,66,3,100.86
754,1805,139,3,165
755,904,275,5,142.78
756,393,164,4,233.68
757,192,393,4,110.24
758,1144,453,1,91.17
759,1931,192,3,177.21
760,1665,317,4,136.16
761,409,302,3,248.06
762,1373,366,2,236.73
763,1790,221,5,20.79
764,444,107,4,240.06
765,1096,269,5,117.58
766,1362,243,2,122.7
767,1614,578,1,142.5
768,1515,346,1,227.91
769,1763,457,3,229.67
770,1238,60,1,33.2
771,1521,252,1,65.99
772,347,363,1,231.78
773,385,185,2,28.86
774,1254,45,5,125.63
775,1392,530,1,136.98
776,1598,419,4,79.09
777,1801,62,5,115.47
778,1991,246,5,108.45
779,1672,247,1,206.44
780,362,333,4,132.85
781,1265,33,5,81.44
782,725,396,3,36.78
783,700,32,4,177.14
784,1022,396,4,36.78
785,1483,485,3,42.17
786,125,168,4,19.75
787,531,538,3,227.76
788,64,583,1,201.79
789,973,394,2,33.17
790,1695,202,4,182.83
791,1490,557,5,214.74
792,464,479,2,113.19
793,1712,527,1,41.86
794,929,169,4,109.98
795,406,597,1,25.44
796,1271,48,5,110.16
797,1935,407,1,240.64
798,12,539,4,135.83
799,1410,145,2,22.77
800,427,410,3,238.4
801,1832,105,4,213.49
802,1226,325,1,138.52
803,718,79,2,23.89
804,1323,361,1,53.09
805,1861,438,5,50.07
806,601,314,4,232.23
807,1536,518,2,21
808,1161,173,5,214.37
809,1168,138,1,130.32
810,441,1,4,33.89
811,197,228,4,217.27
812,327,8,4,61.56
813,1058,563,3,217.58
814,1652,474,2,38.64
815,394,587,4,157.08
816,236,298,3,99.81
817,243,122,5,248.73
818,1616,496,1,152.06
819,729,569,4,61.74
820,217,574,1,236.61
821,120,476,3,124.63
822,1482,593,3,102.68
823,1683,449,2,106.91
824,98,319,4,189.91
825,1089,130,3,228.6
826,251,117,5,127.59
827,882,84,4,78.24
828,867,521,1,110.4
829,1939,365,5,61.37
830,1009,173,5,214.37
831,1040,512,5,181.18
832,1540,425,3,172.85
833,496,474,4,38.64
834,1606,214,5,118.77
835,271,551,2,154.7
836,1505,64,3,179.34
837,919,15,4,112.55
838,593,180,2,214.69
839,298,559,3,210.93
840,1087,88,2,10.98
841,350,93,2,63.4
842,1731,418,2,239.74
843,1657,219,4,111.21
844,1585,259,3,63.94
845,476,158,5,16.32
846,1525,425,3,172.85
847,350,12,2,79.33
848,230,300,1,239.04
849,1387,232,5,160.25
850,1210,32,4,177.14
851,70,5,5,12.49
852,39,179,5,81.74
853,1485,551,4,154.7
854,1969,434,2,216.37
855,1751,373,4,151.99
856,1015,231,5,132.58
857,250,572,3,126.63
858,49,515,3,86.3
859,1561,301,5,45.84
860,113,64,3,179.34
861,730,95,3,16.81
862,923,118,5,190.86
863,114,282,1,122.66
864,694,566,3,81.49
865,1573,358,2,178.19
866,542,288,4,31.7
867,837,70,2,65.36
868,333,390,4,126.99
869,890,423,4,80.89
870,1591,227,4,202.25
871,1507,526,1,237.96
872,779,520,4,18.28
873,1818,194,2,12.12
874,1283,137,1,23.35
875,720,147,4,195.72
876,520,361,1,53.09
877,635,247,3,206.44
878,891,19,3,104.09
879,1336,466,3,35.22
880,1443,349,1,179.18
881,1912,13,3,122.66
882,474,436,2,72.85
883,789,381,5,8.67
884,1117,6,2,173.19
885,1369,180,2,214.69
886,1741,123,2,152.2
887,1496,97,2,174.68
888,848,237,1,135.53
889,1480,351,2,23.35
890,1298,13,4,122.66
891,1937,222,1,30.3
892,74,36,1,40.88
893,129,193,3,103.63
894,1224,386,5,235.37
895,1996,223,3,164.17
896,352,401,3,49.76
897,572,300,3,239.04
898,468,597,3,25.44
899,1507,226,1,248.81
900,738,387,2,159.29
901,1223,291,3,118.79
902,730,540,5,116.61
903,117,54,5,147.09
904,1814,93,4,63.4
905,731,348,5,248.93
906,2000,554,2,135.66
907,1763,313,5,107.23
908,1059,293,4,167.26
909,342,559,3,210.93
910,206,153,5,167.42
911,1432,156,2,139.02
912,865,310,4,180.45
913,1287,270,5,233.71
914,907,375,3,153.81
915,932,459,1,150.38
916,1,574,4,236.61
917,611,592,1,243.21
918,1318,514,2,200.33
919,490,75,1,58.94
920,751,372,4,163.5
921,569,297,2,65.74
922,1655,105,2,213.49
923,1122,501,3,203.03
924,78,238,3,71.19
925,377,58,1,117.15
926,1406,509,4,37.72
927,832,521,1,110.4
928,1499,63,5,111.6
929,623,154,1,59.41
930,940,12,5,79.33
931,1607,249,5,10.67
932,1470,237,2,135.53
933,1190,134,5,45.21
934,1192,416,2,221.94
935,725,153,2,167.42
936,61,58,3,117.15
937,189,509,4,37.72
938,1631,36,4,40.88
939,1935,141,4,123.49
940,78,273,1,196.82
941,378,538,1,227.76
942,1475,228,5,217.27
943,244,289,5,117.41
944,379,590,3,208.71
945,220,37,5,138.45
946,1559,490,2,136.35
947,1137,261,1,103.81
948,272,87,3,101.95
949,689,237,2,135.53
950,1160,451,3,92.33
951,1887,12,5,79.33
952,1170,68,3,197.36
953,30,564,2,42.97
954,1834,560,3,233.09
955,1948,302,5,248.06
956,1005,175,1,246.25
957,1850,565,2,122.01
958,1612,372,5,163.5
959,1416,517,3,105.79
960,1024,566,4,81.49
961,1739,484,3,30.33
962,1391,419,1,79.09
963,1620,78,1,119.86
964,423,235,3,61
965,1838,39,5,19.4
966,722,62,5,115.47
967,1619,227,5,202.25
968,1846,428,4,165.28
969,886,53,1,88.37
970,768,285,5,95.54
971,673,75,1,58.94
972,796,184,3,187.08
973,1494,479,2,113.19
974,1984,180,4,214.69
975,55,484,2,30.33
976,1773,513,2,15.33
977,1367,203,2,7.03
978,1516,83,5,206.15
979,391,27,1,211.23
980,125,464,3,7.05
981,1688,409,3,19.08
982,926,432,2,52.86
983,435,128,1,104.71
984,63,213,2,231.67
985,1289,180,4,214.69
986,679,501,4,203.03
987,862,183,2,164.88
988,1423,96,4,130.35
989,177,373,3,151.99
990,1085,530,4,136.98
991,402,572,1,126.63
992,736,286,3,112.95
993,504,29,2,70.82
994,756,436,3,72.85
995,1846,452,4,154.1
996,1562,114,5,144.78
997,1585,37,2,138.45
998,884,351,1,23.35
999,119,259,2,63.94
1000,1748,319,1,189.91
1001,1943,319,5,189.91
1002,740,152,4,177.46
1003,1601,530,1,136.98
1004,907,314,1,232.23
1005,491,490,2,136.35
1006,1093,587,1,157.08
1007,1651,31,2,165.88
1008,1224,216,3,40.45
1009,799,94,5,179.65
1010,1648,421,5,44.47
1011,701,388,5,56.49
1012,577,388,4,56.49
1013,1710,527,3,41.86
1014,1943,195,2,227.17
1015,1111,552,3,46.56
1016,1993,98,4,176.81
1017,1472,359,4,243.4
1018,174,190,1,228.66
1019,805,505,1,34.36
1020,1510,159,5,222.76
1021,1052,141,2,123.49
1022,1145,71,4,27.17
1023,804,198,5,199.58
1024,849,364,5,12.9
1025,1216,179,4,81.74
1026,1584,282,2,122.66
1027,1065,384,5,11.67
1028,590,9,3,231.99
1029,1712,514,3,200.33
1030,1796,150,2,232.51
1031,1631,477,1,49.2
1032,1480,278,1,97.19
1033,1305,90,1,68.48
1034,278,69,4,68.48
1035,1263,499,4,21.14
1036,1900,399,2,197.36
1037,348,55,4,104.62
1038,1929,54,3,147.09
1039,319,466,1,35.22
1040,427,516,2,39.97
1041,259,166,2,173.26
1042,1288,20,4,227.89
1043,1255,18,4,46.31
1044,684,377,3,61.88
1045,661,155,3,188.9
1046,1293,545,3,31.17
1047,1978,61,3,197.45
1048,191,465,2,165.34
1049,999,16,1,95.78
1050,799,107,2,240.06
1051,1688,540,4,116.61
1052,1058,113,3,138.62
1053,1617,447,1,9.67
1054,90,471,2,34.17
1055,1434,566,1,81.49
1056,131,301,4,45.84
1057,1864,343,3,233.56
1058,127,600,4,64.63
1059,1750,276,2,229.5
1060,329,210,1,139.75
1061,1254,458,1,8.24
1062,1423,581,4,122.34
1063,1755,112,5,81.23
1064,345,34,5,31.65
1065,24,472,1,115.1
1066,1726,562,1,198.35
1067,6,145,2,22.77
1068,1045,545,1,31.17
1069,1442,241,5,136.02
1070,998,446,1,106.81
1071,336,382,3,180.56
1072,172,218,2,68.19
1073,1415,223,2,164.17
1074,162,309,1,201.42
1075,1915,214,2,118.77
1076,1542,78,4,119.86
1077,507,265,3,94.45
1078,1198,145,2,22.77
1079,153,245,4,172.77
1080,1093,381,5,8.67
1081,1586,178,1,26.02
1082,572,554,1,135.66
1083,1528,7,5,192.11
1084,1849,600,4,64.63
1085,1213,427,2,129.4
1086,1456,116,3,241.41
1087,1032,344,5,147.77
1088,1517,265,2,94.45
1089,1751,593,3,102.68
1090,1044,304,4,93.2
1091,1324,332,5,209.27
1092,99,439,1,171.1
1093,639,67,1,242.6
1094,763,432,4,52.86
1095,184,337,5,248.3
1096,1161,151,5,222.77
1097,856,452,5,154.1
1098,1786,231,5,132.58
1099,689,260,4,137.01
1100,86,320,2,208
1101,897,116,1,241.41
1102,1554,125,4,133.92
1103,245,358,3,178.19
1104,1979,322,4,128.54
1105,1065,125,2,133.92
1106,1497,547,4,179.19
1107,1021,518,1,21
1108,255,351,5,23.35
1109,1582,330,1,57.51
1110,500,102,5,131.19
1111,996,508,2,174.79
1112,342,346,1,227.91
1113,878,64,1,179.34
1114,1135,340,3,151.05
1115,300,252,3,65.99
1116,1597,73,2,82.6
1117,1696,36,2,40.88
1118,1951,367,4,64.54
1119,330,270,2,233.71
1120,1549,215,4,100.17
1121,359,540,2,116.61
1122,294,245,4,172.77
1123,664,289,5,117.41
1124,1911,165,3,51.58
1125,1274,556,5,155.56
1126,1734,289,2,117.41
1127,1837,200,2,223.36
1128,292,289,1,117.41
1129,1894,134,1,45.21
1130,718,447,1,9.67
1131,877,460,2,112.26
1132,1116,222,2,30.3
1133,1512,367,2,64.54
1134,761,71,3,27.17
1135,1062,344,1,147.77
1136,1902,313,2,107.23
1137,1659,493,1,64.05
1138,1256,477,4,49.2
1139,17,90,1,68.48
1140,60,45,1,125.63
1141,418,221,3,20.79
1142,1441,462,1,37.99
1143,1862,51,2,45.81
1144,1145,306,2,232.45
1145,1695,184,2,187.08
1146,761,587,2,157.08
1147,1492,545,2,31.17
1148,1454,139,5,165
1149,329,103,3,202.95
1150,1890,559,4,210.93
1151,1111,512,1,181.18
1152,27,490,1,136.35
1153,1173,466,3,35.22
1154,843,368,3,236.39
1155,224,147,1,195.72
1156,1691,474,3,38.64
1157,789,171,1,179.82
1158,910,22,5,109.39
1159,277,1,5,33.89
1160,623,304,3,93.2
1161,973,62,4,115.47
1162,306,63,5,111.6
1163,1221,1,4,33.89
1164,499,422,1,92.21
1165,1377,120,4,196.86
1166,58,551,5,154.7
1167,1945,597,3,25.44
1168,494,7,1,192.11
1169,571,544,4,68.5
1170,437,373,1,151.99
1171,1479,440,2,162.74
1172,1575,464,5,7.05
1173,1773,51,2,45.81
1174,554,555,5,225.06
1175,812,35,1,205.17
1176,1014,98,1,176.81
1177,229,502,2,135.74
1178,374,501,3,203.03
1179,1091,62,1,115.47
1180,376,476,1,124.63
1181,1539,346,4,227.91
1182,1455,548,2,157.52
1183,527,500,3,179.13
1184,353,305,4,196.24
1185,60,310,5,180.45
1186,215,181,2,128.17
1187,249,399,1,197.36
1188,520,303,1,176.14
1189,1562,227,2,202.25
1190,921,371,1,207.69
1191,1066,102,3,131.19
1192,915,560,1,233.09
1193,179,597,4,25.44
1194,230,539,5,135.83
1195,968,480,5,188.06
1196,953,263,4,114.14
1197,786,485,4,42.17
1198,684,100,4,43.17
1199,356,11,1,224.42
1200,1782,505,4,34.36
1201,1499,31,1,165.88
1202,1226,398,5,18.48
1203,1737,339,1,9.27
1204,1338,28,5,115.98
1205,1533,1,4,33.89
1206,927,543,2,20.48
1207,159,310,4,180.45
1208,1867,519,5,169.02
1209,652,210,4,139.75
1210,1323,504,4,52.52
1211,1168,401,1,49.76
1212,210,542,5,121.96
1213,1118,176,4,167.74
1214,441,159,3,222.76
1215,704,507,2,10.08
1216,324,562,1,198.35
1217,1918,505,1,34.36
1218,1820,319,1,189.91
1219,552,560,1,233.09
1220,842,505,2,34.36
1221,604,258,3,139.54
1222,381,332,3,209.27
1223,1957,537,5,227.69
1224,1269,220,5,237.59
1225,1237,553,1,141
1226,248,161,3,8.72
1227,1404,208,1,137.8
1228,1537,141,5,123.49
1229,1509,597,4,25.44
1230,1106,570,1,176.81
1231,364,573,2,140.64
1232,1229,428,4,165.28
1233,673,170,1,139
1234,1547,13,3,122.66
1235,755,175,2,246.25
1236,1848,253,5,24.19
1237,1743,44,4,54.1
1238,1201,161,3,8.72
1239,986,220,2,237.59
1240,1200,289,3,117.41
1241,1466,532,5,112.28
1242,1851,582,5,201.39
1243,1543,494,2,196.25
1244,1159,166,1,173.26
1245,285,256,4,104.26
1246,43,386,2,235.37
1247,70,97,1,174.68
1248,1254,575,1,76.66
1249,1487,511,4,98.99
1250,538,25,4,151.96
1251,1497,291,3,118.79
1252,244,391,4,112.06
1253,1828,90,3,68.48
1254,1934,387,4,159.29
1255,1080,202,2,182.83
1256,1420,158,1,16.32
1257,1629,297,2,65.74
1258,1566,104,3,240.06
1259,453,276,2,229.5
1260,327,367,3,64.54
1261,1499,107,1,240.06
1262,483,202,3,182.83
1263,1928,68,1,197.36
1264,1795,341,5,106.71
1265,748,387,2,159.29
1266,958,79,4,23.89
1267,681,340,3,151.05
1268,1812,535,1,124.45
1269,264,523,1,195.84
1270,1896,170,1,139
1271,419,28,2,115.98
1272,1310,443,3,214.05
1273,770,190,1,228.66
1274,19,539,5,135.83
1275,448,202,1,182.83
1276,418,164,3,233.68
1277,537,325,2,138.52
1278,1470,356,4,113.34
1279,1696,326,1,169.54
1280,1546,467,2,37.25
1281,1850,113,4,138.62
1282,773,160,4,102.98
1283,695,213,3,231.67
1284,957,244,4,60.13
1285,1968,409,1,19.08
1286,1318,478,3,243.97
1287,113,493,3,64.05
1288,1386,454,4,245.66
1289,1000,594,4,99.59
1290,1030,295,1,148.41
1291,192,474,2,38.64
1292,924,310,2,180.45
1293,334,217,3,95.1
1294,1485,555,3,225.06
1295,386,402,1,13.66
1296,984,579,5,193.72
1297,1301,15,3,112.55
1298,532,272,5,208.78
1299,96,79,4,23.89
1300,1431,584,5,169.83
1301,1425,40,2,80.06
1302,809,485,2,42.17
1303,998,332,3,209.27
1304,1455,525,3,33.72
1305,330,270,5,233.71
1306,1024,406,4,209.08
1307,483,571,2,65.96
1308,916,417,5,105.27
1309,116,77,4,160.67
1310,1748,2,2,198.24
1311,217,361,2,53.09
1312,1686,39,4,19.4
1313,1371,196,1,203.87
1314,88,183,3,164.88
1315,423,518,3,21
1316,1843,196,4,203.87
1317,1176,540,1,116.61
1318,93,184,3,187.08
1319,1471,149,1,21.72
1320,1136,61,5,197.45
1321,672,221,2,20.79
1322,1409,144,2,232.36
1323,1585,414,5,26.9
1324,1189,2,1,198.24
1325,1900,342,5,145.58
1326,1665,28,2,115.98
1327,951,82,4,223.97
1328,553,76,2,70.68
1329,1624,532,1,112.28
1330,1195,424,3,229.51
1331,411,574,5,236.61
1332,202,186,3,78.62
1333,1674,589,3,160.43
1334,1158,311,2,100.87
1335,26,532,1,112.28
1336,1924,288,2,31.7
1337,1111,222,2,30.3
1338,651,204,4,23.72
1339,988,409,5,19.08
1340,154,108,3,166.82
1341,975,477,3,49.2
1342,681,62,1,115.47
1343,505,490,1,136.35
1344,101,564,2,42.97
1345,475,405,1,199.74
1346,1262,55,3,104.62
1347,1812,379,1,18.29
1348,575,99,3,224.67
1349,1104,157,2,85.88
1350,115,160,4,102.98
1351,1466,422,4,92.21
1352,679,31,1,165.88
1353,1000,445,3,223.15
1354,652,53,4,88.37
1355,346,436,1,72.85
1356,493,288,3,31.7
1357,1254,70,2,65.36
1358,1109,328,4,71.64
1359,1441,555,5,225.06
1360,1568,317,5,136.16
1361,1643,331,3,28.04
1362,1262,500,2,179.13
1363,441,215,4,100.17
1364,1894,107,1,240.06
1365,1301,176,1,167.74
1366,931,22,1,109.39
1367,151,541,5,129.94
1368,1080,191,3,37.97
1369,376,570,2,176.81
1370,947,427,1,129.4
1371,987,112,1,81.23
1372,1501,374,4,45.52
1373,746,148,5,189.09
1374,485,143,5,213.68
1375,387,399,3,197.36
1376,205,544,5,68.5
1377,424,317,4,136.16
1378,312,594,4,99.59
1379,1974,263,1,114.14
1380,1426,168,2,19.75
1381,404,503,5,97.02
1382,1289,44,4,54.1
1383,1039,353,4,56.59
1384,1767,426,2,182.91
1385,32,200,1,223.36
1386,1236,160,4,102.98
1387,1934,221,4,20.79
1388,254,276,4,229.5
1389,201,518,1,21
1390,408,356,2,113.34
1391,839,438,3,50.07
1392,1297,264,5,170.77
1393,836,252,4,65.99
1394,1536,35,1,205.17
1395,831,198,3,199.58
1396,567,330,4,57.51
1397,360,463,4,242.61
1398,716,132,4,119.44
1399,1575,375,5,153.81
1400,891,383,5,196.36
1401,1553,36,3,40.88
1402,110,127,3,246.97
1403,1909,218,5,68.19
1404,1140,367,2,64.54
1405,1023,598,3,180.11
1406,867,574,2,236.61
1407,1965,378,3,175.59
1408,1679,32,2,177.14
1409,736,188,5,133.9
1410,1401,482,4,128.85
1411,251,554,2,135.66
1412,878,329,1,142.08
1413,633,228,4,217.27
1414,163,431,3,93.14
1415,928,570,2,176.81
1416,1597,115,1,226.48
1417,1594,5,5,12.49
1418,491,587,2,157.08
1419,1021,33,5,81.44
1420,391,340,2,151.05
1421,1422,114,1,144.78
1422,1437,307,3,99.14
1423,760,97,2,174.68
1424,1998,461,4,113.26
1425,1041,338,1,70.64
1426,950,312,1,197.62
1427,1159,228,2,217.27
1428,430,593,5,102.68
1429,1546,537,3,227.69
1430,588,588,4,219.78
1431,1130,288,1,31.7
1432,364,260,2,137.01
1433,341,539,5,135.83
1434,1912,440,3,162.74
1435,475,407,4,240.64
1436,352,172,4,48.51
1437,677,576,5,151.56
1438,1594,250,2,66.45
1439,1442,153,3,167.42
1440,1416,77,1,160.67
1441,1329,246,1,108.45
1442,271,313,1,107.23
1443,1998,416,4,221.94
1444,1235,58,1,117.15
1445,954,54,2,147.09
1446,489,405,3,199.74
1447,480,163,4,13.69
1448,1241,599,2,117.25
1449,1566,258,5,139.54
1450,1187,428,4,165.28
1451,271,577,3,129.64
1452,1846,526,2,237.96
1453,1299,34,2,31.65
1454,1197,546,2,120.07
1455,518,10,5,159.19
1456,357,560,5,233.09
1457,1790,36,3,40.88
1458,1657,493,5,64.05
1459,667,191,2,37.97
1460,1383,189,2,145.41
1461,1010,177,5,185.47
1462,428,254,2,171.51
1463,686,48,5,110.16
1464,937,253,4,24.19
1465,240,272,2,208.78
1466,75,46,1,9.21
1467,104,294,4,194.88
1468,1660,124,3,115.1
1469,490,380,3,189.1
1470,1866,217,3,95.1
1471,696,195,2,227.17
1472,743,286,3,112.95
1473,437,38,1,133.35
1474,1323,178,4,26.02
1475,1272,469,2,46.6
1476,813,13,4,122.66
1477,1408,388,3,56.49
1478,1719,380,4,189.1
1479,1536,9,3,231.99
1480,1878,80,1,246.3
1481,1932,415,4,153.21
1482,379,383,4,196.36
1483,1574,312,2,197.62
1484,61,92,3,48.51
1485,1685,435,1,130.55
1486,827,469,1,46.6
1487,1258,208,5,137.8
1488,1698,488,3,213.06
1489,1424,25,5,151.96
1490,1402,215,2,100.17
1491,1438,143,5,213.68
1492,1289,340,2,151.05
1493,74,270,3,233.71
1494,36,395,3,96.32
1495,1972,480,1,188.06
1496,224,436,1,72.85
1497,39,178,2,26.02
1498,912,415,5,153.21
1499,440,158,1,16.32
1500,1153,196,4,203.87
1501,1742,590,3,208.71
1502,1478,377,1,61.88
1503,193,226,2,248.81
1504,1905,131,5,42.26
1505,1447,284,3,165.87
1506,541,336,4,147.91
1507,1353,423,3,80.89
1508,931,234,1,18.83
1509,1297,225,3,89.94
1510,1228,11,5,224.42
1511,1934,327,2,242.1
1512,1386,368,5,236.39
1513,1436,312,3,197.62
1514,661,202,3,182.83
1515,1876,567,5,200.56
1516,184,275,4,142.78
1517,1510,387,2,159.29
1518,1671,460,5,112.26
1519,667,202,2,182.83
1520,11,491,4,142.78
1521,259,50,3,21
1522,146,523,4,195.84
1523,1192,301,5,45.84
1524,660,132,3,119.44
1525,1862,396,4,36.78
1526,1673,578,2,142.5
1527,505,264,2,170.77
1528,755,387,5,159.29
1529,618,549,1,163.42
1530,1896,475,5,132.88
1531,306,353,1,56.59
1532,1556,488,4,213.06
1533,801,20,1,227.89
1534,420,447,1,9.67
1535,883,436,3,72.85
1536,871,462,4,37.99
1537,374,65,4,14.71
1538,1986,526,2,237.96
1539,1499,191,1,37.97
1540,451,435,3,130.55
1541,1973,185,4,28.86
1542,1457,598,3,180.11
1543,1101,379,2,18.29
1544,526,164,2,233.68
1545,1331,564,2,42.97
1546,415,74,1,86.91
1547,1008,577,4,129.64
1548,451,40,3,80.06
1549,173,77,4,160.67
1550,1660,327,2,242.1
1551,1987,490,2,136.35
1552,1173,363,5,231.78
1553,343,204,3,23.72
1554,1396,464,1,7.05
1555,520,29,1,70.82
1556,1608,547,3,179.19
1557,415,106,3,45.36
1558,1517,474,2,38.64
1559,1596,30,4,76.12
1560,954,76,3,70.68
1561,1146,463,4,242.61
1562,566,229,4,172.08
1563,1947,389,5,5.36
1564,1804,90,5,68.48
1565,205,409,4,19.08
1566,1731,107,3,240.06
1567,812,362,3,232.13
1568,1881,489,4,49.03
1569,1686,211,2,185.35
1570,238,145,2,22.77
1571,1735,15,5,112.55
1572,1850,189,4,145.41
1573,1800,352,3,35.94
1574,1685,319,1,189.91
1575,1572,216,5,40.45
1576,1662,562,2,198.35
1577,197,259,2,63.94
1578,1970,583,3,201.79
1579,660,536,4,101.05
1580,731,593,5,102.68
1581,941,159,5,222.76
1582,1314,518,2,21
1583,1135,321,2,32.57
1584,1856,337,2,248.3
1585,810,557,2,214.74
1586,61,289,1,117.41
1587,1941,36,4,40.88
1588,1028,376,1,153.13
1589,1485,473,5,18.24
1590,607,467,5,37.25
1591,828,557,4,214.74
1592,998,339,3,9.27
1593,1927,82,1,223.97
1594,133,154,3,59.41
1595,125,369,1,172.68
1596,1783,393,3,110.24
1597,878,222,2,30.3
1598,698,240,3,87.91
1599,436,5,2,12.49
1600,1946,272,4,208.78
1601,831,308,4,238.69
1602,955,500,5,179.13
1603,956,271,1,29.3
1604,1897,460,4,112.26
1605,1536,541,4,129.94
1606,750,224,5,154.91
1607,1946,448,2,69.31
1608,1658,179,5,81.74
1609,725,469,5,46.6
1610,1806,533,1,28.56
1611,766,221,1,20.79
1612,134,42,4,7.08
1613,187,334,1,88.55
1614,469,532,3,112.28
1615,265,93,3,63.4
1616,481,250,3,66.45
1617,1044,274,2,205.83
1618,75,401,5,49.76
1619,1564,15,3,112.55
1620,239,287,4,210.74
1621,574,499,4,21.14
1622,1871,100,1,43.17
1623,753,353,4,56.59
1624,542,550,5,32.45
1625,1486,206,4,175.52
1626,1161,392,2,235.07
1627,1152,378,1,175.59
1628,963,456,3,132.24
1629,676,378,2,175.59
1630,349,394,3,33.17
1631,514,456,3,132.24
1632,454,559,2,210.93
1633,1362,164,3,233.68
1634,285,3,1,111.03
1635,1146,206,2,175.52
1636,783,519,1,169.02
1637,696,144,2,232.36
1638,197,484,4,30.33
1639,300,17,4,80.59
1640,1530,389,1,5.36
1641,1044,137,1,23.35
1642,310,267,3,77.35
1643,1995,589,3,160.43
1644,908,103,5,202.95
1645,1570,88,5,10.98
1646,1076,13,2,122.66
1647,235,369,4,172.68
1648,1201,194,1,12.12
1649,1703,26,5,215.95
1650,1293,107,3,240.06
1651,1890,22,4,109.39
1652,1673,564,2,42.97
1653,1223,554,5,135.66
1654,1679,268,2,230.32
1655,1155,48,1,110.16
1656,355,194,2,12.12
1657,99,124,3,115.1
1658,1223,317,1,136.16
1659,1,172,2,48.51
1660,352,52,2,152.05
1661,480,432,5,52.86
1662,1048,145,1,22.77
1663,65,479,4,113.19
1664,1820,152,4,177.46
1665,1150,262,4,165.33
1666,693,365,5,61.37
1667,484,475,4,132.88
1668,982,383,4,196.36
1669,385,507,1,10.08
1670,205,341,2,106.71
1671,93,343,4,233.56
1672,1394,192,3,177.21
1673,918,561,2,91.92
1674,1592,443,2,214.05
1675,1660,177,5,185.47
1676,1168,41,5,187.24
1677,1518,321,4,32.57
1678,522,306,5,232.45
1679,1026,285,5,95.54
1680,1070,386,2,235.37
1681,1752,230,3,30.93
1682,1170,316,3,60.15
1683,780,327,5,242.1
1684,1227,268,2,230.32
1685,340,86,4,139.57
1686,1376,382,5,180.56
1687,1108,590,2,208.71
1688,977,84,4,78.24
1689,154,373,3,151.99
1690,443,550,5,32.45
1691,728,228,2,217.27
1692,1058,352,5,35.94
1693,352,525,5,33.72
1694,1202,170,2,139
1695,1108,210,2,139.75
1696,1303,33,5,81.44
1697,1988,425,2,172.85
1698,678,471,4,34.17
1699,1679,30,3,76.12
1700,474,184,2,187.08
1701,998,429,5,221.89
1702,243,178,5,26.02
1703,201,128,5,104.71
1704,955,17,5,80.59
1705,1118,183,1,164.88
1706,1432,91,2,47.18
1707,1649,14,4,94.95
1708,708,285,2,95.54
1709,1610,450,4,16.91
1710,1012,475,5,132.88
1711,536,479,5,113.19
1712,698,105,3,213.49
1713,1161,66,4,100.86
1714,808,398,3,18.48
1715,620,340,1,151.05
1716,1334,141,3,123.49
1717,370,21,2,197
1718,784,192,5,177.21
1719,827,128,2,104.71
1720,709,175,3,246.25
1721,816,542,2,121.96
1722,779,118,5,190.86
1723,27,372,2,163.5
1724,1409,105,2,213.49
1725,60,391,1,112.06
1726,726,584,3,169.83
1727,284,396,1,36.78
1728,430,170,2,139
1729,1086,477,2,49.2
1730,528,186,4,78.62
1731,802,496,2,152.06
1732,254,20,1,227.89
1733,480,178,1,26.02
1734,1944,327,3,242.1
1735,968,110,4,158.74
1736,559,143,1,213.68
1737,1422,592,3,243.21
1738,703,215,5,100.17
1739,580,508,2,174.79
1740,745,298,1,99.81
1741,1558,507,1,10.08
1742,103,238,2,71.19
1743,603,573,5,140.64
1744,603,185,4,28.86
1745,393,563,1,217.58
1746,1820,127,2,246.97
1747,657,582,1,201.39
1748,1838,136,5,134.38
1749,402,152,1,177.46
1750,1688,173,2,214.37
1751,1094,155,2,188.9
1752,1471,249,2,10.67
1753,1863,586,3,148.25
1754,1923,530,5,136.98
1755,1726,434,2,216.37
1756,776,580,2,39.05
1757,1891,600,2,64.63
1758,787,180,4,214.69
1759,1982,516,2,39.97
1760,1083,119,5,180.9
1761,395,131,5,42.26
1762,474,171,4,179.82
1763,1974,481,1,129.33
1764,1017,332,1,209.27
1765,295,129,4,212.34
1766,814,518,5,21
1767,1910,402,1,13.66
1768,1806,32,2,177.14
1769,1157,200,5,223.36
1770,1279,255,3,91.33
1771,88,390,3,126.99
1772,913,38,4,133.35
1773,1814,83,4,206.15
1774,435,136,4,134.38
1775,550,19,1,104.09
1776,311,24,2,89.79
1777,1174,210,4,139.75
1778,1028,273,2,196.82
1779,763,197,3,55.06
1780,34,399,5,197.36
1781,1793,385,1,79.12
1782,606,557,4,214.74
1783,244,2,3,198.24
1784,254,201,4,115.79
1785,1347,368,2,236.39
1786,17,169,5,109.98
1787,1184,395,4,96.32
1788,1301,47,2,43.46
1789,1295,554,2,135.66
1790,1239,260,4,137.01
1791,203,404,2,58.5
1792,1253,369,4,172.68
1793,1240,252,3,65.99
1794,920,191,2,37.97
1795,1995,456,2,132.24
1796,394,405,1,199.74
1797,898,440,2,162.74
1798,100,53,1,88.37
1799,887,158,2,16.32
1800,801,195,5,227.17
1801,657,540,1,116.61
1802,788,447,5,9.67
1803,861,291,2,118.79
1804,1550,45,1,125.63
1805,774,335,3,223.36
1806,178,509,3,37.72
1807,290,333,5,132.85
1808,118,55,1,104.62
1809,693,188,4,133.9
1810,911,434,1,216.37
1811,521,125,4,133.92
1812,344,208,4,137.8
1813,1513,441,2,145.91
1814,1554,376,4,153.13
1815,1256,101,4,172
1816,1620,411,3,179.94
1817,159,235,1,61
1818,1173,272,1,208.78
1819,440,219,4,111.21
1820,1497,562,5,198.35
1821,135,201,1,115.79
1822,1276,316,1,60.15
1823,1367,4,5,70.25
1824,923,27,2,211.23
1825,1310,162,1,67.27
1826,459,48,2,110.16
1827,64,202,5,182.83
1828,870,464,2,7.05
1829,751,235,2,61
1830,1126,59,5,8.03
1831,1986,365,4,61.37
1832,1530,36,3,40.88
1833,982,9,2,231.99
1834,1994,585,4,90.17
1835,575,221,4,20.79
1836,1333,174,3,228.53
1837,14,299,1,244.63
1838,1114,597,5,25.44
1839,806,411,5,179.94
1840,1286,581,5,122.34
1841,1476,114,2,144.78
1842,1302,168,3,19.75
1843,1587,369,1,172.68
1844,788,291,2,118.79
1845,1749,77,4,160.67
1846,1399,50,2,21
1847,1892,52,2,152.05
1848,1927,144,4,232.36
1849,1952,177,2,185.47
1850,288,177,5,185.47
1851,484,322,5,128.54
1852,518,128,3,104.71
1853,361,114,1,144.78
1854,1269,123,1,152.2
1855,615,245,1,172.77
1856,13,145,5,22.77
1857,65,179,4,81.74
1858,252,442,1,82.44
1859,82,185,1,28.86
1860,980,47,3,43.46
1861,1525,461,3,113.26
1862,1729,494,5,196.25
1863,1621,104,5,240.06
1864,509,576,5,151.56
1865,1564,229,3,172.08
1866,983,565,4,122.01
1867,1590,24,3,89.79
1868,898,592,4,243.21
1869,1678,207,4,130.56
1870,1655,152,2,177.46
1871,651,180,1,214.69
1872,1422,224,4,154.91
1873,703,5,1,12.49
1874,649,31,5,165.88
1875,412,256,2,104.26
1876,431,539,3,135.83
1877,1556,343,2,233.56
1878,1424,425,4,172.85
1879,741,174,4,228.53
1880,543,383,3,196.36
1881,239,200,3,223.36
1882,1352,364,5,12.9
1883,303,170,5,139
1884,1929,283,2,180.56
1885,537,541,5,129.94
1886,459,581,2,122.34
1887,1340,477,2,49.2
1888,1340,257,3,136.26
1889,1900,504,3,52.52
1890,635,176,3,167.74
1891,1087,5,1,12.49
1892,581,391,4,112.06
1893,1856,364,2,12.9
1894,240,132,5,119.44
1895,1178,87,5,101.95
1896,1672,91,1,47.18
1897,740,185,2,28.86
1898,1969,57,2,143.66
1899,852,379,4,18.29
1900,897,561,3,91.92
1901,1875,400,1,54.03
1902,1543,546,3,120.07
1903,792,471,5,34.17
1904,1190,74,3,86.91
1905,916,109,3,240.15
1906,865,290,1,42.8
1907,887,296,4,199.63
1908,388,471,2,34.17
1909,1530,384,5,11.67
1910,288,194,4,12.12
1911,65,531,3,64.24
1912,218,173,5,214.37
1913,1435,79,5,23.89
1914,1281,215,1,100.17
1915,964,497,3,227.24
1916,1229,432,2,52.86
1917,1728,339,2,9.27
1918,1723,33,3,81.44
1919,71,87,1,101.95
1920,452,6,4,173.19
1921,1240,327,3,242.1
1922,269,330,1,57.51
1923,1954,296,3,199.63
1924,1256,572,1,126.63
1925,963,412,3,182.36
1926,1162,330,2,57.51
1927,578,319,1,189.91
1928,1107,434,1,216.37
1929,434,568,5,197.94
1930,1487,142,1,68.4
1931,929,549,5,163.42
1932,204,270,3,233.71
1933,861,107,3,240.06
1934,790,455,4,183.96
1935,1983,38,5,133.35
1936,16,554,3,135.66
1937,795,118,2,190.86
1938,980,242,3,163.04
1939,810,445,3,223.15
1940,894,452,4,154.1
1941,1808,88,5,10.98
1942,598,304,4,93.2
1943,318,498,1,7.05
1944,1997,96,1,130.35
1945,1562,544,4,68.5
1946,1589,183,3,164.88
1947,1753,188,1,133.9
1948,1883,439,5,171.1
1949,1618,18,2,46.31
1950,374,446,5,106.81
1951,1681,533,1,28.56
1952,441,470,1,74.22
1953,228,377,3,61.88
1954,1296,146,2,153.53
1955,339,11,4,224.42
1956,416,504,3,52.52
1957,1884,584,3,169.83
1958,929,578,3,142.5
1959,671,48,3,110.16
1960,1796,77,4,160.67
1961,100,456,4,132.24
1962,1000,374,4,45.52
1963,705,371,1,207.69
1964,148,202,2,182.83
1965,1744,79,3,23.89
1966,644,417,4,105.27
1967,1366,271,5,29.3
1968,792,277,1,166.1
1969,971,231,1,132.58
1970,1149,142,2,68.4
1971,724,528,5,21.45
1972,189,245,3,172.77
1973,753,166,4,173.26
1974,812,453,2,91.17
1975,532,49,3,233.39
1976,1344,3,3,111.03
1977,1599,189,3,145.41
1978,417,389,3,5.36
1979,1939,306,3,232.45
1980,1810,504,3,52.52
1981,1950,264,4,170.77
1982,420,221,2,20.79
1983,77,307,4,99.14
1984,1312,4,5,70.25
1985,794,115,3,226.48
1986,1375,355,2,88.22
1987,470,69,1,68.48
1988,1489,538,5,227.76
1989,1436,383,4,196.36
1990,1699,328,3,71.64
1991,120,559,3,210.93
1992,930,285,3,95.54
1993,1157,386,5,235.37
1994,1144,399,1,197.36
1995,1080,285,1,95.54
1996,1798,242,3,163.04
1997,1394,61,4,197.45
1998,1726,223,3,164.17
1999,1969,465,3,165.34
2000,197,391,3,112.06
2001,1398,558,5,154.68
2002,1918,193,2,103.63
2003,534,531,4,64.24
2004,1146,17,4,80.59
2005,1979,33,3,81.44
2006,109,167,3,85.8
2007,971,193,4,103.63
2008,1148,235,4,61
2009,1462,85,3,66.88
2010,1467,443,2,214.05
2011,222,556,3,155.56
2012,434,339,1,9.27
2013,273,52,1,152.05
2014,1141,121,2,163.68
2015,1636,337,5,248.3
2016,775,144,4,232.36
2017,1600,319,1,189.91
2018,763,468,2,140.82
2019,959,488,5,213.06
2020,1957,490,4,136.35
2021,79,413,1,92.52
2022,726,572,5,126.63
2023,997,134,3,45.21
2024,716,423,1,80.89
2025,1956,126,1,87.32
2026,420,360,2,243.58
2027,598,53,4,88.37
2028,1335,540,4,116.61
2029,96,44,2,54.1
2030,1216,216,2,40.45
2031,659,396,5,36.78
2032,1238,356,4,113.34
2033,1657,377,1,61.88
2034,172,42,1,7.08
2035,112,71,2,27.17
2036,22,28,1,115.98
2037,1202,419,3,79.09
2038,1076,250,5,66.45
2039,949,241,2,136.02
2040,900,463,5,242.61
2041,112,409,1,19.08
2042,592,308,2,238.69
2043,653,251,3,23.96
2044,1742,260,5,137.01
2045,150,577,3,129.64
2046,411,270,5,233.71
2047,1191,425,2,172.85
2048,1157,441,2,145.91
2049,23,228,4,217.27
2050,140,333,4,132.85
2051,243,446,5,106.81
2052,485,525,4,33.72
2053,1847,492,1,174.3
2054,1161,179,3,81.74
2055,642,270,5,233.71
2056,1141,353,2,56.59
2057,580,394,1,33.17
2058,823,234,3,18.83
2059,955,559,5,210.93
2060,394,285,5,95.54
2061,1695,212,2,103.52
2062,483,553,2,141
2063,1734,317,1,136.16
2064,473,67,3,242.6
2065,749,216,5,40.45
2066,1331,203,2,7.03
2067,936,157,4,85.88
2068,1212,65,5,14.71
2069,400,158,2,16.32
2070,292,487,4,186.5
2071,82,350,1,189.88
2072,1758,213,5,231.67
2073,1654,154,2,59.41
2074,1618,135,5,160.81
2075,1197,470,1,74.22
2076,473,323,4,166.91
2077,797,205,1,91.2
2078,48,281,1,224.13
2079,1442,364,5,12.9
2080,631,166,3,173.26
2081,531,486,4,102.52
2082,1827,108,4,166.82
2083,1083,306,3,232.45
2084,191,222,4,30.3
2085,1546,298,2,99.81
2086,1977,420,3,45.9
2087,1741,113,2,138.62
2088,567,581,2,122.34
2089,1944,439,3,171.1
2090,1315,10,1,159.19
2091,250,489,3,49.03
2092,1133,382,2,180.56
2093,224,77,1,160.67
2094,1858,35,4,205.17
2095,1736,316,1,60.15
2096,107,582,5,201.39
2097,684,363,2,231.78
2098,18,457,3,229.67
2099,1434,468,1,140.82
2100,1335,534,5,5.88
2101,223,57,4,143.66
2102,1633,433,5,39.51
2103,785,102,3,131.19
2104,297,441,1,145.91
2105,459,308,4,238.69
2106,1264,389,4,5.36
2107,974,390,5,126.99
2108,253,424,2,229.51
2109,250,54,2,147.09
2110,753,63,4,111.6
2111,1205,173,2,214.37
2112,1420,498,5,7.05
2113,1605,58,4,117.15
2114,1617,480,3,188.06
2115,1844,594,5,99.59
2116,431,285,2,95.54
2117,950,510,2,93.33
2118,256,352,2,35.94
2119,110,184,2,187.08
2120,1056,97,4,174.68
2121,1582,109,2,240.15
2122,1980,414,2,26.9
2123,893,415,1,153.21
2124,916,382,4,180.56
2125,1241,561,4,91.92
2126,23,107,4,240.06
2127,76,557,4,214.74
2128,1390,61,4,197.45
2129,867,58,4,117.15
2130,1210,349,1,179.18
2131,539,456,4,132.24
2132,1428,440,4,162.74
2133,1199,173,5,214.37
2134,1887,94,2,179.65
2135,1923,329,1,142.08
2136,1832,408,2,54.06
2137,698,51,2,45.81
2138,1808,309,2,201.42
2139,1491,380,4,189.1
2140,427,195,5,227.17
2141,559,127,1,246.97
2142,1294,433,4,39.51
2143,258,312,2,197.62
2144,1819,287,3,210.74
2145,241,242,1,163.04
2146,1066,47,3,43.46
2147,1273,139,1,165
2148,660,467,5,37.25
2149,130,595,3,114.2
2150,1349,232,3,160.25
2151,341,419,3,79.09
2152,512,192,3,177.21
2153,1958,177,2,185.47
2154,1858,230,4,30.93
2155,1357,489,3,49.03
2156,698,11,5,224.42
2157,758,405,1,199.74
2158,1566,246,3,108.45
2159,1016,488,1,213.06
2160,157,371,5,207.69
2161,1775,67,2,242.6
2162,1903,55,4,104.62
2163,1428,93,3,63.4
2164,320,270,2,233.71
2165,1499,261,5,103.81
2166,1005,372,4,163.5
2167,1618,184,4,187.08
2168,1665,340,5,151.05
2169,568,426,2,182.91
2170,1146,410,4,238.4
2171,439,90,1,68.48
2172,172,369,5,172.68
2173,1236,34,2,31.65
2174,1013,501,5,203.03
2175,868,399,2,197.36
2176,1856,507,3,10.08
2177,46,453,2,91.17
2178,1323,530,2,136.98
2179,382,177,4,185.47
2180,1905,586,2,148.25
2181,826,128,1,104.71
2182,1440,530,1,136.98
2183,272,218,3,68.19
2184,1808,598,2,180.11
2185,799,145,5,22.77
2186,905,77,2,160.67
2187,765,267,4,77.35
2188,510,554,5,135.66
2189,1627,41,2,187.24
2190,1128,361,3,53.09
2191,1918,130,5,228.6
2192,1068,330,1,57.51
2193,1955,508,2,174.79
2194,441,250,2,66.45
2195,1229,362,2,232.13
2196,1450,338,1,70.64
2197,1967,332,5,209.27
2198,555,137,5,23.35
2199,715,147,4,195.72
2200,1855,278,4,97.19
2201,1521,45,4,125.63
2202,891,522,3,215.65
2203,1371,329,1,142.08
2204,1907,370,3,94.05
2205,1528,232,1,160.25
2206,1370,49,5,233.39
2207,427,201,3,115.79
2208,998,107,3,240.06
2209,1796,592,1,243.21
2210,415,574,1,236.61
2211,832,195,3,227.17
2212,486,128,2,104.71
2213,943,187,1,78.09
2214,1757,255,2,91.33
2215,60,4,3,70.25
2216,354,384,1,11.67
2217,1612,88,4,10.98
2218,599,195,5,227.17
2219,1354,37,3,138.45
2220,1221,477,1,49.2
2221,1891,234,2,18.83
2222,848,525,2,33.72
2223,382,353,5,56.59
2224,678,499,4,21.14
2225,1226,87,1,101.95
2226,786,590,5,208.71
2227,193,54,3,147.09
2228,1708,222,4,30.3
2229,1351,431,4,93.14
2230,1739,194,1,12.12
2231,296,598,4,180.11
2232,1721,237,3,135.53
2233,675,59,3,8.03
2234,1901,314,2,232.23
2235,898,34,3,31.65
2236,1762,197,3,55.06
2237,111,8,4,61.56
2238,758,439,1,171.1
2239,865,576,3,151.56
2240,1080,290,4,42.8
2241,798,283,1,180.56
2242,1496,216,1,40.45
2243,203,213,1,231.67
2244,1534,38,3,133.35
2245,1494,224,3,154.91
2246,972,418,5,239.74
2247,1341,63,3,111.6
2248,1629,118,1,190.86
2249,1143,8,3,61.56
2250,258,361,1,53.09
2251,1496,443,2,214.05
2252,1586,115,3,226.48
2253,2,421,2,44.47
2254,1841,202,5,182.83
2255,627,430,4,210.25
2256,321,337,4,248.3
2257,1434,554,3,135.66
2258,98,128,2,104.71
2259,131,46,4,9.21
2260,1744,530,5,136.98
2261,1271,268,3,230.32
2262,978,571,2,65.96
2263,2,248,2,171.77
2264,527,316,5,60.15
2265,1168,114,1,144.78
2266,44,185,5,28.86
2267,129,366,5,236.73
2268,1067,7,3,192.11
2269,56,152,5,177.46
2270,874,529,2,120.1
2271,20,390,4,126.99
2272,164,421,5,44.47
2273,379,94,1,179.65
2274,789,336,5,147.91
2275,1458,301,2,45.84
2276,926,254,1,171.51
2277,1577,15,2,112.55
2278,1397,232,5,160.25
2279,1786,157,5,85.88
2280,1229,40,1,80.06
2281,131,294,2,194.88
2282,1694,313,1,107.23
2283,2000,326,4,169.54
2284,1244,65,1,14.71
2285,1615,15,5,112.55
2286,363,444,1,124.61
2287,1121,158,5,16.32
2288,776,126,3,87.32
2289,626,148,2,189.09
2290,270,410,2,238.4
2291,1080,293,3,167.26
2292,1278,403,5,142.82
2293,1081,496,3,152.06
2294,1538,291,4,118.79
2295,9,317,1,136.16
2296,1710,362,3,232.13
2297,834,162,4,67.27
2298,994,418,4,239.74
2299,1099,527,1,41.86
2300,897,253,2,24.19
2301,1996,243,1,122.7
2302,1200,125,4,133.92
2303,1130,428,4,165.28
2304,1370,368,3,236.39
2305,1100,57,3,143.66
2306,777,439,3,171.1
2307,1179,407,1,240.64
2308,284,509,1,37.72
2309,1704,598,3,180.11
2310,1452,320,1,208
2311,848,401,1,49.76
2312,1364,535,4,124.45
2313,684,71,2,27.17
2314,101,78,1,119.86
2315,1469,565,5,122.01
2316,659,47,3,43.46
2317,1649,67,3,242.6
2318,1312,81,1,178.78
2319,546,10,2,159.19
2320,1706,562,5,198.35
2321,1072,43,5,47.02
2322,683,61,5,197.45
2323,419,168,5,19.75
2324,1219,24,3,89.79
2325,1960,418,4,239.74
2326,428,416,4,221.94
2327,366,170,4,139
2328,1756,90,2,68.48
2329,1031,577,2,129.64
2330,1784,19,5,104.09
2331,1829,216,2,40.45
2332,1055,452,5,154.1
2333,477,161,4,8.72
2334,940,574,5,236.61
2335,737,83,2,206.15
2336,386,344,4,147.77
2337,952,75,5,58.94
2338,1378,106,1,45.36
2339,753,47,5,43.46
2340,274,120,3,196.86
2341,505,339,3,9.27
2342,186,170,1,139
2343,174,352,2,35.94
2344,346,158,3,16.32
2345,1465,119,2,180.9
2346,1705,482,4,128.85
2347,1301,168,4,19.75
2348,965,113,1,138.62
2349,1352,108,5,166.82
2350,849,361,4,53.09
2351,71,335,3,223.36
2352,680,371,5,207.69
2353,1956,458,1,8.24
2354,275,161,2,8.72
2355,620,108,2,166.82
2356,1361,359,2,243.4
2357,707,238,5,71.19
2358,678,30,5,76.12
2359,1541,594,2,99.59
2360,754,74,1,86.91
2361,715,583,5,201.79
2362,1961,486,4,102.52
2363,1636,360,1,243.58
2364,1919,468,4,140.82
2365,408,63,4,111.6
2366,78,573,3,140.64
2367,1349,335,2,223.36
2368,1750,405,1,199.74
2369,894,404,4,58.5
2370,436,307,4,99.14
2371,550,393,5,110.24
2372,1664,92,2,48.51
2373,1753,7,2,192.11
2374,648,500,3,179.13
2375,1975,86,3,139.57
2376,4,148,2,189.09
2377,1039,526,2,237.96
2378,546,524,1,36.66
2379,536,483,1,154.7
2380,571,341,3,106.71
2381,1902,372,2,163.5
2382,1263,559,2,210.93
2383,1119,468,1,140.82
2384,774,594,3,99.59
2385,293,144,5,232.36
2386,1321,97,3,174.68
2387,297,124,3,115.1
2388,1329,54,2,147.09
2389,1463,577,1,129.64
2390,481,417,2,105.27
2391,546,96,2,130.35
2392,1669,468,2,140.82
2393,869,485,2,42.17
2394,48,382,3,180.56
2395,560,388,1,56.49
2396,1796,142,5,68.4
2397,618,494,1,196.25
2398,1705,184,3,187.08
2399,548,166,1,173.26
2400,698,7,2,192.11
2401,1109,370,5,94.05
2402,1595,158,1,16.32
2403,567,208,4,137.8
2404,920,212,2,103.52
2405,153,206,5,175.52
2406,833,94,4,179.65
2407,1670,442,5,82.44
2408,356,570,4,176.81
2409,1473,509,5,37.72
2410,1932,267,1,77.35
2411,199,207,3,130.56
2412,712,383,3,196.36
2413,438,94,1,179.65
2414,1257,327,1,242.1
2415,1396,218,4,68.19
2416,1583,410,4,238.4
2417,510,545,2,31.17
2418,1661,447,4,9.67
2419,566,132,3,119.44
2420,1890,369,1,172.68
2421,1446,47,4,43.46
2422,1173,384,4,11.67
2423,168,189,3,145.41
2424,629,465,2,165.34
2425,1150,545,4,31.17
2426,1186,593,5,102.68
2427,817,549,4,163.42
2428,395,134,2,45.21
2429,710,17,2,80.59
2430,658,137,3,23.35
2431,102,84,1,78.24
2432,1040,64,3,179.34
2433,1112,197,2,55.06
2434,1920,241,3,136.02
2435,769,528,5,21.45
2436,592,223,1,164.17
2437,223,125,2,133.92
2438,1606,268,3,230.32
2439,1110,578,5,142.5
2440,184,131,3,42.26
2441,1561,202,3,182.83
2442,833,17,3,80.59
2443,1688,89,2,174.47
2444,39,595,1,114.2
2445,1885,459,3,150.38
2446,1654,572,2,126.63
2447,795,515,1,86.3
2448,1604,467,2,37.25
2449,70,451,5,92.33
2450,623,10,2,159.19
2451,992,489,5,49.03
2452,1531,563,1,217.58
2453,402,463,2,242.61
2454,881,74,1,86.91
2455,1811,148,1,189.09
2456,554,59,5,8.03
2457,453,331,1,28.04
2458,276,4,5,70.25
2459,1922,99,3,224.67
2460,986,205,3,91.2
2461,1278,179,4,81.74
2462,649,148,5,189.09
2463,1921,166,4,173.26
2464,1222,214,3,118.77
2465,898,261,4,103.81
2466,359,140,2,154.37
2467,833,161,4,8.72
2468,1265,333,2,132.85
2469,1722,144,3,232.36
2470,1891,554,1,135.66
2471,558,414,5,26.9
2472,723,177,5,185.47
2473,514,112,5,81.23
2474,1775,46,2,9.21
2475,1858,435,1,130.55
2476,1181,67,1,242.6
2477,947,555,1,225.06
2478,749,552,4,46.56
2479,113,149,2,21.72
2480,1485,10,3,159.19
2481,252,85,1,66.88
2482,1700,150,2,232.51
2483,450,23,3,235.55
2484,1893,586,5,148.25
2485,706,197,1,55.06
2486,1506,417,3,105.27
2487,1041,506,4,37.78
2488,1474,196,3,203.87
2489,1483,565,2,122.01
2490,780,422,2,92.21
2491,662,224,1,154.91
2492,1388,173,4,214.37
2493,1112,245,3,172.77
2494,425,381,1,8.67
2495,621,167,3,85.8
2496,29,467,1,37.25
2497,753,192,5,177.21
2498,570,208,2,137.8
2499,391,165,1,51.58
2500,885,386,5,235.37
2501,135,317,2,136.16
2502,1029,290,4,42.8
2503,1711,474,2,38.64
2504,666,51,3,45.81
2505,1506,402,5,13.66
2506,1727,159,3,222.76
2507,345,338,4,70.64
2508,1650,535,1,124.45
2509,316,467,2,37.25
2510,1831,1,4,33.89
2511,224,174,2,228.53
2512,1296,570,2,176.81
2513,1593,113,1,138.62
2514,458,591,4,165.89
2515,1470,554,4,135.66
2516,186,357,3,247.37
2517,1527,230,3,30.93
2518,540,25,1,151.96
2519,1130,286,3,112.95
2520,884,318,2,177.82
2521,1765,502,3,135.74
2522,1123,386,3,235.37
2523,856,413,2,92.52
2524,1434,359,1,243.4
2525,624,547,4,179.19
2526,720,315,4,54.59
2527,266,30,3,76.12
2528,485,116,3,241.41
2529,1213,250,5,66.45
2530,1231,352,2,35.94
2531,343,48,3,110.16
2532,1668,597,3,25.44
2533,1460,543,4,20.48
2534,464,61,5,197.45
2535,1991,308,3,238.69
2536,1527,352,5,35.94
2537,1694,44,1,54.1
2538,1676,423,3,80.89
2539,282,8,1,61.56
2540,224,599,3,117.25
2541,107,44,3,54.1
2542,107,489,4,49.03
2543,1512,212,2,103.52
2544,575,49,3,233.39
2545,464,382,5,180.56
2546,1009,329,3,142.08
2547,1290,36,5,40.88
2548,1165,137,2,23.35
2549,1463,194,2,12.12
2550,72,56,1,33.1
2551,1546,53,2,88.37
2552,1605,368,4,236.39
2553,1662,162,2,67.27
2554,1351,214,3,118.77
2555,53,249,2,10.67
2556,1774,432,3,52.86
2557,266,562,4,198.35
2558,1687,351,2,23.35
2559,1547,97,4,174.68
2560,1660,295,4,148.41
2561,206,412,5,182.36
2562,1993,213,3,231.67
2563,799,360,4,243.58
2564,144,478,3,243.97
2565,996,493,1,64.05
2566,1886,118,3,190.86
2567,652,187,2,78.09
2568,1173,420,2,45.9
2569,1487,177,2,185.47
2570,180,371,4,207.69
2571,1487,222,5,30.3
2572,1930,160,4,102.98
2573,1470,384,3,11.67
2574,992,180,3,214.69
2575,274,36,4,40.88
2576,702,470,3,74.22
2577,705,584,1,169.83
2578,224,438,2,50.07
2579,247,6,4,173.19
2580,1884,333,5,132.85
2581,1932,509,5,37.72
2582,1031,216,1,40.45
2583,610,24,5,89.79
2584,645,424,2,229.51
2585,399,436,5,72.85
2586,100,171,2,179.82
2587,236,506,4,37.78
2588,1345,177,1,185.47
2589,935,42,1,7.08
2590,713,583,4,201.79
2591,1703,195,5,227.17
2592,974,57,3,143.66
2593,372,95,3,16.81
2594,1445,392,2,235.07
2595,529,83,5,206.15
2596,66,568,5,197.94
2597,298,577,4,129.64
2598,892,525,3,33.72
2599,885,226,3,248.81
2600,209,224,5,154.91
2601,1117,222,3,30.3
2602,329,511,5,98.99
2603,1706,321,4,32.57
2604,1524,115,2,226.48
2605,1697,410,4,238.4
2606,1265,475,4,132.88
2607,1670,294,2,194.88
2608,50,217,3,95.1
2609,1981,556,1,155.56
2610,1817,82,3,223.97
2611,993,434,1,216.37
2612,32,535,1,124.45
2613,962,474,2,38.64
2614,720,297,4,65.74
2615,1593,266,5,209.12
2616,127,213,5,231.67
2617,1359,545,1,31.17
2618,1900,106,5,45.36
2619,1667,550,1,32.45
2620,361,48,1,110.16
2621,1680,298,4,99.81
2622,235,64,1,179.34
2623,299,197,5,55.06
2624,380,464,1,7.05
2625,439,201,2,115.79
2626,744,167,1,85.8
2627,478,516,1,39.97
2628,289,47,5,43.46
2629,487,171,1,179.82
2630,427,420,2,45.9
2631,145,355,1,88.22
2632,625,384,3,11.67
2633,1648,50,2,21
2634,168,483,1,154.7
2635,1627,533,1,28.56
2636,439,90,4,68.48
2637,38,118,1,190.86
2638,1576,33,4,81.44
2639,93,455,1,183.96
2640,2,17,5,80.59
2641,1384,263,1,114.14
2642,332,258,3,139.54
2643,205,381,1,8.67
2644,689,551,3,154.7
2645,1134,156,5,139.02
2646,1116,423,1,80.89
2647,1249,286,5,112.95
2648,202,90,4,68.48
2649,1420,121,1,163.68
2650,1311,52,1,152.05
2651,1679,40,2,80.06
2652,1393,206,4,175.52
2653,1145,312,5,197.62
2654,1322,225,3,89.94
2655,146,83,5,206.15
2656,630,272,5,208.78
2657,1258,462,4,37.99
2658,1933,279,4,200.56
2659,1726,434,2,216.37
2660,220,31,3,165.88
2661,1653,175,5,246.25
2662,1422,156,5,139.02
2663,341,155,4,188.9
2664,26,8,5,61.56
2665,670,425,4,172.85
2666,1974,527,4,41.86
2667,35,592,3,243.21
2668,174,14,1,94.95
2669,1433,136,2,134.38
2670,215,498,2,7.05
2671,206,87,3,101.95
2672,1803,197,2,55.06
2673,691,309,2,201.42
2674,262,149,5,21.72
2675,1462,108,5,166.82
2676,1897,406,4,209.08
2677,1639,231,1,132.58
2678,1126,466,2,35.22
2679,973,564,5,42.97
2680,1488,590,2,208.71
2681,1603,308,2,238.69
2682,1484,377,3,61.88
2683,1580,29,5,70.82
2684,1523,495,5,107.84
2685,1167,176,4,167.74
2686,1948,288,2,31.7
2687,769,278,4,97.19
2688,1277,175,5,246.25
2689,610,30,4,76.12
2690,1165,439,4,171.1
2691,797,429,4,221.89
2692,1253,177,5,185.47
2693,392,388,2,56.49
2694,1373,77,4,160.67
2695,662,537,5,227.69
2696,1551,240,4,87.91
2697,212,79,3,23.89
2698,46,127,4,246.97
2699,832,215,5,100.17
2700,806,570,4,176.81
2701,1893,258,1,139.54
2702,202,244,4,60.13
2703,922,524,3,36.66
2704,1764,296,3,199.63
2705,947,448,5,69.31
2706,663,245,3,172.77
2707,1659,240,3,87.91
2708,1300,21,3,197
2709,1545,518,1,21
2710,1864,494,3,196.25
2711,79,308,1,238.69
2712,804,273,5,196.82
2713,1175,416,2,221.94
2714,1737,83,3,206.15
2715,652,271,1,29.3
2716,1051,306,2,232.45
2717,922,112,4,81.23
2718,678,515,3,86.3
2719,443,275,4,142.78
2720,1689,516,3,39.97
2721,837,53,4,88.37
2722,976,554,3,135.66
2723,679,29,1,70.82
2724,1446,464,4,7.05
2725,530,542,1,121.96
2726,1,142,2,68.4
2727,9,455,5,183.96
2728,55,73,2,82.6
2729,12,572,1,126.63
2730,1001,71,4,27.17
2731,859,397,3,169.75
2732,1951,18,2,46.31
2733,1682,172,1,48.51
2734,162,140,5,154.37
2735,488,211,2,185.35
2736,653,9,4,231.99
2737,262,245,5,172.77
2738,1075,417,4,105.27
2739,1868,509,2,37.72
2740,1694,411,3,179.94
2741,1554,531,3,64.24
2742,1640,227,2,202.25
2743,880,369,1,172.68
2744,194,279,3,200.56
2745,1807,355,3,88.22
2746,164,181,4,128.17
2747,480,75,2,58.94
2748,562,39,2,19.4
2749,1867,144,3,232.36
2750,983,193,1,103.63
2751,1468,199,5,10.35
2752,1579,109,2,240.15
2753,1091,21,5,197
2754,162,277,1,166.1
2755,1049,490,1,136.35
2756,1774,409,1,19.08
2757,807,441,4,145.91
2758,1727,599,3,117.25
2759,1365,496,3,152.06
2760,1565,325,4,138.52
2761,302,264,5,170.77
2762,1990,575,2,76.66
2763,279,121,4,163.68
2764,1443,72,2,100.67
2765,1424,407,4,240.64
2766,1034,586,3,148.25
2767,660,450,1,16.91
2768,407,185,5,28.86
2769,560,344,4,147.77
2770,1620,471,5,34.17
2771,814,154,5,59.41
2772,1520,250,2,66.45
2773,1463,350,5,189.88
2774,1777,209,2,115.87
2775,977,388,1,56.49
2776,1510,296,2,199.63
2777,698,582,2,201.39
2778,1917,349,3,179.18
2779,1027,50,1,21
2780,832,76,2,70.68
2781,1058,591,2,165.89
2782,1682,576,1,151.56
2783,1330,541,2,129.94
2784,1995,252,2,65.99
2785,890,520,3,18.28
2786,1414,332,1,209.27
2787,1314,6,5,173.19
2788,1906,450,3,16.91
2789,1515,339,2,9.27
2790,13,232,4,160.25
2791,581,402,1,13.66
2792,29,566,4,81.49
2793,1906,294,2,194.88
2794,3,137,4,23.35
2795,1276,439,4,171.1
2796,1471,145,2,22.77
2797,1298,122,3,248.73
2798,1988,505,4,34.36
2799,725,72,3,100.67
2800,445,214,1,118.77
2801,1656,429,1,221.89
2802,1132,585,4,90.17
2803,789,137,5,23.35
2804,938,431,4,93.14
2805,495,492,5,174.3
2806,507,439,5,171.1
2807,657,68,1,197.36
2808,559,357,2,247.37
2809,1365,427,3,129.4
2810,482,172,3,48.51
2811,1431,198,5,199.58
2812,321,129,4,212.34
2813,1399,175,2,246.25
2814,1765,230,5,30.93
2815,768,40,4,80.06
2816,1617,347,4,149.45
2817,734,568,3,197.94
2818,843,233,4,215.96
2819,1057,475,2,132.88
2820,407,104,2,240.06
2821,1192,155,5,188.9
2822,692,232,2,160.25
2823,1285,421,4,44.47
2824,209,458,4,8.24
2825,936,193,1,103.63
2826,414,413,4,92.52
2827,1701,580,5,39.05
2828,1171,463,1,242.61
2829,614,176,4,167.74
2830,1541,52,4,152.05
2831,350,290,2,42.8
2832,1403,450,3,16.91
2833,983,312,1,197.62
2834,739,486,3,102.52
2835,648,549,4,163.42
2836,987,96,1,130.35
2837,937,575,2,76.66
2838,1484,437,2,194.26
2839,1476,337,3,248.3
2840,785,140,3,154.37
2841,1778,346,1,227.91
2842,1106,88,4,10.98
2843,1484,454,3,245.66
2844,1975,497,3,227.24
2845,235,399,3,197.36
2846,46,2,1,198.24
2847,537,145,1,22.77
2848,1007,163,1,13.69
2849,844,448,5,69.31
2850,1033,326,4,169.54
2851,1228,222,2,30.3
2852,861,594,1,99.59
2853,823,350,5,189.88
2854,434,237,2,135.53
2855,390,136,4,134.38
2856,77,580,3,39.05
2857,363,188,1,133.9
2858,640,6,4,173.19
2859,1253,42,4,7.08
2860,1007,212,2,103.52
2861,1959,26,5,215.95
2862,1788,529,5,120.1
2863,1934,315,5,54.59
2864,1633,236,1,41.34
2865,1734,337,1,248.3
2866,431,508,4,174.79
2867,329,234,4,18.83
2868,1114,163,2,13.69
2869,730,166,4,173.26
2870,1368,99,2,224.67
2871,1937,298,5,99.81
2872,918,435,4,130.55
2873,1932,6,4,173.19
2874,1079,150,4,232.51
2875,1259,259,4,63.94
2876,1496,373,3,151.99
2877,1473,440,4,162.74
2878,680,592,1,243.21
2879,317,102,2,131.19
2880,1069,311,5,100.87
2881,1941,185,1,28.86
2882,834,461,4,113.26
2883,1104,103,5,202.95
2884,1134,489,4,49.03
2885,635,385,3,79.12
2886,970,308,4,238.69
2887,538,477,3,49.2
2888,676,488,2,213.06
2889,1101,224,5,154.91
2890,621,571,4,65.96
2891,94,118,5,190.86
2892,1958,337,4,248.3
2893,1661,483,1,154.7
2894,1978,75,1,58.94
2895,584,478,3,243.97
2896,755,395,1,96.32
2897,1961,208,4,137.8
2898,928,68,1,197.36
2899,1360,374,3,45.52
2900,1909,310,1,180.45
2901,1746,394,1,33.17
2902,1482,224,4,154.91
2903,589,487,1,186.5
2904,230,368,2,236.39
2905,893,492,2,174.3
2906,52,55,1,104.62
2907,567,37,1,138.45
2908,1811,107,2,240.06
2909,1179,101,3,172
2910,1052,18,5,46.31
2911,175,553,5,141
2912,1870,297,5,65.74
2913,276,171,4,179.82
2914,1289,191,5,37.97
2915,1611,207,2,130.56
2916,932,406,5,209.08
2917,1376,93,1,63.4
2918,1879,132,4,119.44
2919,67,354,3,185.7
2920,1839,268,2,230.32
2921,1067,540,2,116.61
2922,332,576,5,151.56
2923,1136,476,2,124.63
2924,305,443,4,214.05
2925,1,588,2,219.78
2926,1382,299,5,244.63
2927,121,35,5,205.17
2928,911,177,4,185.47
2929,1276,148,5,189.09
2930,1771,224,5,154.91
2931,213,479,2,113.19
2932,1794,130,5,228.6
2933,608,111,3,47.35
2934,1376,27,5,211.23
2935,1624,594,3,99.59
2936,1759,324,3,180.84
2937,68,533,5,28.56
2938,11,335,1,223.36
2939,359,395,4,96.32
2940,1163,389,2,5.36
2941,1522,7,2,192.11
2942,1911,151,4,222.77
2943,800,56,3,33.1
2944,1966,421,2,44.47
2945,357,490,2,136.35
2946,1923,539,5,135.83
2947,1829,181,4,128.17
2948,1136,119,5,180.9
2949,1165,217,1,95.1
2950,745,265,1,94.45
2951,860,90,3,68.48
2952,972,358,5,178.19
2953,523,442,5,82.44
2954,971,84,3,78.24
2955,1906,501,5,203.03
2956,1927,599,4,117.25
2957,618,238,4,71.19
2958,1290,303,2,176.14
2959,128,548,4,157.52
2960,1023,98,2,176.81
2961,861,249,1,10.67
2962,275,309,2,201.42
2963,485,334,1,88.55
2964,1951,369,5,172.68
2965,249,382,5,180.56
2966,1474,258,3,139.54
2967,1249,432,1,52.86
2968,1211,114,5,144.78
2969,1201,235,2,61
2970,1706,591,4,165.89
2971,1774,15,2,112.55
2972,174,368,2,236.39
2973,1132,530,2,136.98
2974,1046,221,5,20.79
2975,845,501,2,203.03
2976,762,571,1,65.96
2977,273,433,1,39.51
2978,660,508,4,174.79
2979,1108,113,4,138.62
2980,7,441,3,145.91
2981,28,480,3,188.06
2982,1477,290,3,42.8
2983,690,158,4,16.32
2984,1440,558,4,154.68
2985,1070,95,3,16.81
2986,1104,386,1,235.37
2987,933,13,5,122.66
2988,1698,506,2,37.78
2989,1607,255,5,91.33
2990,239,108,3,166.82
2991,1866,203,2,7.03
2992,563,231,3,132.58
2993,1716,159,1,222.76
2994,1877,420,3,45.9
2995,854,300,3,239.04
2996,1478,81,5,178.78
2997,215,21,3,197
2998,1219,302,1,248.06
2999,1318,215,3,100.17
3000,962,45,1,125.63
3001,1926,201,1,115.79
3002,1497,234,1,18.83
3003,412,476,4,124.63
3004,1986,589,4,160.43
3005,1061,145,3,22.77
3006,1942,47,3,43.46
3007,457,158,1,16.32
3008,488,285,5,95.54
3009,1143,86,1,139.57
3010,1926,465,2,165.34
3011,1430,104,2,240.06
3012,1447,9,2,231.99
3013,280,456,5,132.24
3014,822,22,1,109.39
3015,1618,95,3,16.81
3016,601,406,5,209.08
3017,763,305,5,196.24
3018,1313,79,2,23.89
3019,543,61,1,197.45
3020,563,78,5,119.86
3021,1272,375,4,153.81
3022,344,528,3,21.45
3023,78,200,5,223.36
3024,1231,202,5,182.83
3025,883,523,5,195.84
3026,1106,257,4,136.26
3027,1484,237,3,135.53
3028,1453,369,1,172.68
3029,237,234,3,18.83
3030,812,490,4,136.35
3031,735,383,5,196.36
3032,1534,590,4,208.71
3033,484,273,4,196.82
3034,1184,541,3,129.94
3035,350,186,2,78.62
3036,749,150,1,232.51
3037,875,199,2,10.35
3038,1590,82,1,223.97
3039,977,336,2,147.91
3040,1883,387,4,159.29
3041,1337,179,5,81.74
3042,1202,258,4,139.54
3043,323,380,2,189.1
3044,1611,441,1,145.91
3045,780,115,4,226.48
3046,1152,395,1,96.32
3047,1088,402,2,13.66
3048,1421,181,1,128.17
3049,1516,459,1,150.38
3050,778,198,2,199.58
3051,1114,280,2,88.67
3052,1118,146,5,153.53
3053,1556,350,3,189.88
3054,1868,272,2,208.78
3055,1453,126,3,87.32
3056,127,225,2,89.94
3057,281,263,2,114.14
3058,1127,211,2,185.35
3059,1079,13,5,122.66
3060,1503,460,1,112.26
3061,688,557,3,214.74
3062,689,208,5,137.8
3063,1235,186,4,78.62
3064,1710,427,2,129.4
3065,892,516,1,39.97
3066,1081,234,3,18.83
3067,1989,258,1,139.54
3068,1171,523,3,195.84
3069,115,108,2,166.82
3070,1223,503,3,97.02
3071,1112,55,4,104.62
3072,1745,408,4,54.06
3073,1116,543,4,20.48
3074,94,540,3,116.61
3075,1850,287,3,210.74
3076,388,554,4,135.66
3077,1644,7,2,192.11
3078,1957,591,3,165.89
3079,1190,184,4,187.08
3080,1229,282,3,122.66
3081,1385,369,3,172.68
3082,1957,595,5,114.2
3083,1061,459,3,150.38
3084,135,536,5,101.05
3085,1567,152,3,177.46
3086,262,313,3,107.23
3087,1060,10,2,159.19
3088,1486,306,5,232.45
3089,218,191,1,37.97
3090,1555,547,5,179.19
3091,927,584,5,169.83
3092,358,167,4,85.8
3093,1860,211,3,185.35
3094,691,221,5,20.79
3095,139,476,4,124.63
3096,1342,360,3,243.58
3097,1546,161,1,8.72
3098,1575,337,2,248.3
3099,807,324,3,180.84
3100,1172,347,2,149.45
3101,425,538,4,227.76
3102,1592,600,4,64.63
3103,1661,584,3,169.83
3104,243,353,5,56.59
3105,1928,345,1,86.95
3106,1551,387,3,159.29
3107,1879,303,4,176.14
3108,384,303,5,176.14
3109,1726,153,4,167.42
3110,662,340,1,151.05
3111,1620,474,2,38.64
3112,899,420,1,45.9
3113,330,551,5,154.7
3114,1220,227,2,202.25
3115,1385,405,1,199.74
3116,1842,157,2,85.88
3117,1825,355,1,88.22
3118,910,444,4,124.61
3119,961,542,2,121.96
3120,56,575,2,76.66
3121,1144,393,3,110.24
3122,1531,492,1,174.3
3123,1947,56,4,33.1
3124,822,299,1,244.63
3125,74,188,2,133.9
3126,333,572,2,126.63
3127,863,20,2,227.89
3128,1690,338,2,70.64
3129,1915,269,1,117.58
3130,177,571,3,65.96
3131,442,2,3,198.24
3132,1126,137,3,23.35
3133,1441,384,2,11.67
3134,1364,236,2,41.34
3135,634,301,3,45.84
3136,767,48,1,110.16
3137,999,295,1,148.41
3138,1547,72,4,100.67
3139,366,482,2,128.85
3140,1320,334,3,88.55
3141,1012,340,2,151.05
3142,1157,74,5,86.91
3143,367,500,3,179.13
3144,1485,109,4,240.15
3145,103,44,2,54.1
3146,1121,463,2,242.61
3147,1724,590,5,208.71
3148,86,56,2,33.1
3149,125,514,3,200.33
3150,1782,364,5,12.9
3151,462,565,2,122.01
3152,1617,238,3,71.19
3153,667,433,1,39.51
3154,1808,130,5,228.6
3155,1044,119,2,180.9
3156,143,247,5,206.44
3157,455,353,2,56.59
3158,1850,272,5,208.78
3159,1757,501,5,203.03
3160,4,598,3,180.11
3161,1904,133,3,22.09
3162,1952,455,4,183.96
3163,221,341,5,106.71
3164,1056,157,2,85.88
3165,1348,379,5,18.29
3166,947,163,4,13.69
3167,204,374,4,45.52
3168,1271,452,4,154.1
3169,1970,277,5,166.1
3170,16,527,1,41.86
3171,203,362,4,232.13
3172,380,200,3,223.36
3173,1166,44,1,54.1
3174,1543,17,5,80.59
3175,1898,487,1,186.5
3176,933,556,2,155.56
3177,788,171,3,179.82
3178,1971,99,1,224.67
3179,242,51,5,45.81
3180,493,573,3,140.64
3181,1905,515,2,86.3
3182,306,471,4,34.17
3183,1989,343,1,233.56
3184,1992,443,1,214.05
3185,1467,225,1,89.94
3186,791,324,2,180.84
3187,570,493,1,64.05
3188,204,79,2,23.89
3189,1984,303,2,176.14
3190,1067,68,1,197.36
3191,708,56,2,33.1
3192,893,70,5,65.36
3193,936,567,5,200.56
3194,1314,235,5,61
3195,640,65,1,14.71
3196,164,35,3,205.17
3197,714,236,4,41.34
3198,1447,293,5,167.26
3199,1192,307,3,99.14
3200,1068,495,5,107.84
3201,169,287,5,210.74
3202,1934,356,3,113.34
3203,1206,403,1,142.82
3204,71,13,2,122.66
3205,804,80,2,246.3
3206,1778,459,3,150.38
3207,1620,226,1,248.81
3208,1184,234,2,18.83
3209,1975,46,3,9.21
3210,238,234,4,18.83
3211,118,445,3,223.15
3212,234,264,5,170.77
3213,78,200,2,223.36
3214,1394,413,3,92.52
3215,1668,431,5,93.14
3216,262,164,5,233.68
3217,39,274,5,205.83
3218,744,531,3,64.24
3219,1913,75,4,58.94
3220,797,187,5,78.09
3221,1988,265,3,94.45
3222,430,332,4,209.27
3223,964,93,3,63.4
3224,1943,382,3,180.56
3225,1408,136,3,134.38
3226,1914,11,4,224.42
3227,1502,103,5,202.95
3228,917,71,5,27.17
3229,1710,514,5,200.33
3230,1908,464,2,7.05
3231,565,280,5,88.67
3232,408,523,4,195.84
3233,1379,265,4,94.45
3234,375,93,2,63.4
3235,698,562,2,198.35
3236,1703,280,2,88.67
3237,1589,67,5,242.6
3238,1150,140,2,154.37
3239,277,429,1,221.89
3240,1642,134,1,45.21
3241,658,350,2,189.88
3242,1213,472,3,115.1
3243,1192,489,1,49.03
3244,952,255,2,91.33
3245,1863,75,5,58.94
3246,1645,317,5,136.16
3247,126,239,4,125.37
3248,1321,311,5,100.87
3249,843,398,1,18.48
3250,1217,1,5,33.89
3251,1678,298,5,99.81
3252,1540,17,3,80.59
3253,421,64,3,179.34
3254,796,386,5,235.37
3255,750,444,2,124.61
3256,53,235,1,61
3257,416,98,3,176.81
3258,323,209,5,115.87
3259,613,462,3,37.99
3260,743,532,4,112.28
3261,1255,434,1,216.37
3262,1869,438,5,50.07
3263,1217,60,1,33.2
3264,951,385,4,79.12
3265,98,22,1,109.39
3266,297,515,3,86.3
3267,362,530,3,136.98
3268,1129,483,1,154.7
3269,249,350,2,189.88
3270,1126,138,5,130.32
3271,377,236,3,41.34
3272,797,74,4,86.91
3273,1292,547,3,179.19
3274,661,516,5,39.97
3275,1891,311,5,100.87
3276,260,300,4,239.04
3277,1791,198,5,199.58
3278,656,258,3,139.54
3279,552,322,5,128.54
3280,484,83,5,206.15
3281,111,59,1,8.03
3282,1679,418,4,239.74
3283,1443,298,1,99.81
3284,874,294,4,194.88
3285,1035,333,4,132.85
3286,1115,487,4,186.5
3287,481,108,4,166.82
3288,1956,76,5,70.68
3289,1550,383,3,196.36
3290,522,140,4,154.37
3291,1586,70,4,65.36
3292,573,446,3,106.81
3293,1793,503,3,97.02
3294,737,594,2,99.59
3295,156,324,3,180.84
3296,652,181,4,128.17
3297,1388,25,3,151.96
3298,1391,330,3,57.51
3299,406,390,1,126.99
3300,956,533,3,28.56
3301,797,499,5,21.14
3302,1610,530,1,136.98
3303,1200,524,1,36.66
3304,1062,204,2,23.72
3305,1775,202,3,182.83
3306,1972,66,1,100.86
3307,348,209,3,115.87
3308,577,184,5,187.08
3309,1492,31,2,165.88
3310,508,260,1,137.01
3311,586,4,5,70.25
3312,1246,96,1,130.35
3313,944,313,2,107.23
3314,1495,139,4,165
3315,1765,400,1,54.03
3316,1300,126,1,87.32
3317,1079,26,1,215.95
3318,524,308,1,238.69
3319,1900,471,5,34.17
3320,1175,116,3,241.41
3321,1071,276,4,229.5
3322,1121,325,1,138.52
3323,467,73,1,82.6
3324,1519,498,4,7.05
3325,1171,217,4,95.1
3326,60,483,3,154.7
3327,515,516,3,39.97
3328,1662,547,2,179.19
3329,1318,278,5,97.19
3330,1100,187,5,78.09
3331,606,514,2,200.33
3332,477,10,3,159.19
3333,774,535,1,124.45
3334,491,443,2,214.05
3335,925,372,2,163.5
3336,303,314,5,232.23
3337,909,573,5,140.64
3338,1253,401,4,49.76
3339,236,6,4,173.19
3340,1890,519,1,169.02
3341,1502,446,3,106.81
3342,1646,28,4,115.98
3343,269,600,5,64.63
3344,1111,235,5,61
3345,1090,73,3,82.6
3346,48,91,5,47.18
3347,1244,589,4,160.43
3348,772,551,3,154.7
3349,1537,546,4,120.07
3350,1546,94,2,179.65
3351,1379,343,1,233.56
3352,273,345,5,86.95
3353,1577,288,5,31.7
3354,1191,187,5,78.09
3355,1284,162,2,67.27
3356,1267,3,2,111.03
3357,505,286,4,112.95
3358,1919,6,3,173.19
3359,279,557,3,214.74
3360,181,333,2,132.85
3361,773,173,4,214.37
3362,871,485,2,42.17
3363,837,428,3,165.28
3364,748,421,1,44.47
3365,248,254,5,171.51
3366,557,64,4,179.34
3367,1746,491,5,142.78
3368,454,437,2,194.26
3369,1289,179,2,81.74
3370,1390,181,4,128.17
3371,1263,528,4,21.45
3372,1425,174,1,228.53
3373,1720,405,3,199.74
3374,866,549,1,163.42
3375,521,466,1,35.22
3376,824,371,2,207.69
3377,1512,14,2,94.95
3378,1270,562,4,198.35
3379,1663,64,3,179.34
3380,723,433,3,39.51
3381,748,192,1,177.21
3382,76,83,1,206.15
3383,1298,130,3,228.6
3384,415,166,2,173.26
3385,1558,135,5,160.81
3386,684,399,4,197.36
3387,148,543,4,20.48
3388,299,401,3,49.76
3389,476,151,1,222.77
3390,1984,323,4,166.91
3391,714,532,4,112.28
3392,269,226,5,248.81
3393,552,183,2,164.88
3394,466,302,2,248.06
3395,1830,488,2,213.06
3396,300,169,3,109.98
3397,955,277,5,166.1
3398,108,294,2,194.88
3399,604,278,3,97.19
3400,1505,234,1,18.83
3401,1370,583,3,201.79
3402,1295,154,1,59.41
3403,1633,290,5,42.8
3404,1519,292,3,247.95
3405,688,507,3,10.08
3406,14,430,4,210.25
3407,87,38,3,133.35
3408,281,394,4,33.17
3409,1453,541,3,129.94
3410,991,120,4,196.86
3411,1004,413,1,92.52
3412,1174,107,1,240.06
3413,628,428,4,165.28
3414,1253,244,5,60.13
3415,560,276,1,229.5
3416,1694,137,3,23.35
3417,1314,471,2,34.17
3418,335,295,4,148.41
3419,1468,438,3,50.07
3420,1818,276,2,229.5
3421,244,170,2,139
3422,1003,404,1,58.5
3423,1332,592,2,243.21
3424,1633,398,3,18.48
3425,302,252,3,65.99
3426,850,165,5,51.58
3427,260,463,3,242.61
3428,603,556,4,155.56
3429,1233,278,4,97.19
3430,1956,569,4,61.74
3431,292,440,3,162.74
3432,1030,380,1,189.1
3433,663,294,1,194.88
3434,1818,244,4,60.13
3435,1862,15,2,112.55
3436,1906,305,5,196.24
3437,383,130,3,228.6
3438,361,395,4,96.32
3439,1728,122,4,248.73
3440,241,198,4,199.58
3441,1239,71,1,27.17
3442,1956,374,4,45.52
3443,1125,585,3,90.17
3444,763,464,4,7.05
3445,772,187,2,78.09
3446,1676,508,1,174.79
3447,1783,551,4,154.7
3448,1782,346,5,227.91
3449,1407,10,3,159.19
3450,1452,425,1,172.85
3451,1421,361,3,53.09
3452,570,129,1,212.34
3453,830,532,2,112.28
3454,1535,138,5,130.32
3455,1080,312,3,197.62
3456,1215,579,2,193.72
3457,754,70,2,65.36
3458,1429,486,1,102.52
3459,119,49,5,233.39
3460,514,388,2,56.49
3461,1071,513,4,15.33
3462,1950,600,2,64.63
3463,1903,387,5,159.29
3464,899,142,1,68.4
3465,159,130,1,228.6
3466,442,474,2,38.64
3467,185,557,2,214.74
3468,517,188,3,133.9
3469,1209,451,4,92.33
3470,110,512,5,181.18
3471,665,512,3,181.18
3472,522,160,4,102.98
3473,1488,238,4,71.19
3474,1335,355,1,88.22
3475,582,404,3,58.5
3476,1176,531,4,64.24
3477,1909,348,4,248.93
3478,437,233,4,215.96
3479,1816,266,3,209.12
3480,477,238,2,71.19
3481,997,592,2,243.21
3482,1484,132,3,119.44
3483,1237,557,2,214.74
3484,1197,370,5,94.05
3485,1706,177,3,185.47
3486,50,524,4,36.66
3487,665,436,3,72.85
3488,1411,451,3,92.33
3489,1259,288,3,31.7
3490,1399,528,3,21.45
3491,1974,66,1,100.86
3492,989,514,1,200.33
3493,1448,77,3,160.67
3494,340,507,5,10.08
3495,1214,366,2,236.73
3496,1432,463,5,242.61
3497,1340,131,1,42.26
3498,1870,270,2,233.71
3499,1834,42,2,7.08
3500,1766,126,2,87.32
3501,274,259,1,63.94
3502,1714,596,5,181.75
3503,1115,51,5,45.81
3504,1628,61,2,197.45
3505,1327,216,5,40.45
3506,773,253,3,24.19
3507,488,150,3,232.51
3508,938,446,5,106.81
3509,628,56,4,33.1
3510,337,215,1,100.17
3511,1088,331,5,28.04
3512,196,127,5,246.97
3513,744,416,3,221.94
3514,356,70,2,65.36
3515,56,73,3,82.6
3516,142,184,3,187.08
3517,1876,558,3,154.68
3518,1792,421,2,44.47
3519,1466,178,4,26.02
3520,495,128,4,104.71
3521,770,191,4,37.97
3522,1857,209,1,115.87
3523,1321,138,3,130.32
3524,1614,560,5,233.09
3525,1288,6,2,173.19
3526,616,97,5,174.68
3527,442,134,5,45.21
3528,779,516,5,39.97
3529,1209,457,1,229.67
3530,826,543,5,20.48
3531,1039,408,4,54.06
3532,1564,474,2,38.64
3533,1795,566,2,81.49
3534,552,271,3,29.3
3535,1488,50,3,21
3536,1827,414,5,26.9
3537,1164,64,5,179.34
3538,482,506,1,37.78
3539,50,211,2,185.35
3540,883,188,1,133.9
3541,570,587,3,157.08
3542,1388,2,1,198.24
3543,1744,55,5,104.62
3544,377,592,4,243.21
3545,1404,554,3,135.66
3546,1016,25,4,151.96
3547,547,177,3,185.47
3548,730,170,4,139
3549,1641,250,3,66.45
3550,442,232,3,160.25
3551,1624,469,1,46.6
3552,1562,274,3,205.83
3553,431,509,2,37.72
3554,1544,440,2,162.74
3555,46,332,4,209.27
3556,1907,464,5,7.05
3557,413,448,3,69.31
3558,363,567,3,200.56
3559,632,453,5,91.17
3560,1858,187,4,78.09
3561,122,222,2,30.3
3562,1917,83,2,206.15
3563,833,172,3,48.51
3564,2,230,2,30.93
3565,1046,451,3,92.33
3566,598,585,1,90.17
3567,1068,517,5,105.79
3568,463,158,1,16.32
3569,1290,525,1,33.72
3570,897,164,4,233.68
3571,685,102,5,131.19
3572,1299,17,5,80.59
3573,863,316,1,60.15
3574,1486,321,5,32.57
3575,1947,578,3,142.5
3576,796,579,2,193.72
3577,664,185,3,28.86
3578,1097,140,2,154.37
3579,1515,492,4,174.3
3580,1503,402,4,13.66
3581,1644,183,3,164.88
3582,693,472,4,115.1
3583,150,146,3,153.53
3584,224,146,1,153.53
3585,552,524,2,36.66
3586,1690,290,2,42.8
3587,21,15,5,112.55
3588,1759,406,1,209.08
3589,921,449,1,106.91
3590,1102,149,3,21.72
3591,1497,112,2,81.23
3592,1925,175,1,246.25
3593,1430,538,1,227.76
3594,1833,112,2,81.23
3595,1572,535,1,124.45
3596,1913,510,5,93.33
3597,1252,101,3,172
3598,1037,145,1,22.77
3599,1018,30,3,76.12
3600,1231,594,2,99.59
3601,1358,161,4,8.72
3602,1586,125,3,133.92
3603,1334,162,3,67.27
3604,1038,361,2,53.09
3605,1999,99,1,224.67
3606,1699,490,2,136.35
3607,1782,268,1,230.32
3608,1683,547,1,179.19
3609,1686,554,3,135.66
3610,698,323,3,166.91
3611,1801,370,3,94.05
3612,1890,166,3,173.26
3613,1442,388,4,56.49
3614,1447,201,3,115.79
3615,1778,67,4,242.6
3616,1345,24,4,89.79
3617,1125,318,1,177.82
3618,1308,414,3,26.9
3619,423,538,3,227.76
3620,476,476,4,124.63
3621,875,459,1,150.38
3622,1617,303,3,176.14
3623,434,62,1,115.47
3624,496,439,3,171.1
3625,674,456,3,132.24
3626,1066,418,3,239.74
3627,381,2,3,198.24
3628,1348,283,1,180.56
3629,1340,73,2,82.6
3630,1196,165,4,51.58
3631,561,107,3,240.06
3632,1861,408,5,54.06
3633,187,333,1,132.85
3634,1952,120,2,196.86
3635,207,371,1,207.69
3636,1242,253,5,24.19
3637,1939,323,5,166.91
3638,458,37,2,138.45
3639,1886,358,2,178.19
3640,1038,65,2,14.71
3641,287,120,2,196.86
3642,532,203,4,7.03
3643,1302,406,3,209.08
3644,704,542,1,121.96
3645,422,578,1,142.5
3646,1071,198,3,199.58
3647,1892,183,1,164.88
3648,48,489,1,49.03
3649,1609,152,4,177.46
3650,1350,299,3,244.63
3651,480,61,1,197.45
3652,1785,302,1,248.06
3653,1902,327,1,242.1
3654,393,491,2,142.78
3655,293,181,4,128.17
3656,1686,468,4,140.82
3657,237,133,3,22.09
3658,1378,46,1,9.21
3659,744,153,5,167.42
3660,1827,394,1,33.17
3661,1927,341,3,106.71
3662,99,373,1,151.99
3663,1097,277,2,166.1
3664,535,499,3,21.14
3665,312,550,1,32.45
3666,471,352,2,35.94
3667,1460,451,4,92.33
3668,512,552,1,46.56
3669,1844,261,4,103.81
3670,1401,575,4,76.66
3671,509,251,1,23.96
3672,852,597,4,25.44
3673,210,347,1,149.45
3674,523,24,1,89.79
3675,739,399,1,197.36
3676,1995,201,4,115.79
3677,1651,70,5,65.36
3678,1713,482,5,128.85
3679,1417,140,2,154.37
3680,1764,62,1,115.47
3681,1101,557,5,214.74
3682,193,376,3,153.13
3683,1534,492,3,174.3
3684,1831,352,1,35.94
3685,380,456,1,132.24
3686,1157,2,1,198.24
3687,1694,571,1,65.96
3688,1395,557,5,214.74
3689,346,274,2,205.83
3690,863,598,1,180.11
3691,1046,556,1,155.56
3692,1226,318,3,177.82
3693,42,561,2,91.92
3694,806,400,5,54.03
3695,100,109,5,240.15
3696,756,531,4,64.24
3697,752,22,2,109.39
3698,1563,452,1,154.1
3699,1192,131,4,42.26
3700,199,504,4,52.52
3701,1275,330,1,57.51
3702,627,207,1,130.56
3703,307,33,4,81.44
3704,1697,7,5,192.11
3705,1671,561,4,91.92
3706,777,92,2,48.51
3707,1434,549,4,163.42
3708,702,301,2,45.84
3709,619,175,4,246.25
3710,1705,590,2,208.71
3711,138,242,3,163.04
3712,233,485,3,42.17
3713,465,391,4,112.06
3714,1842,255,2,91.33
3715,683,480,2,188.06
3716,941,385,5,79.12
3717,1568,499,2,21.14
3718,1887,83,2,206.15
3719,760,573,5,140.64
3720,421,15,2,112.55
3721,210,591,1,165.89
3722,1705,232,1,160.25
3723,1487,449,3,106.91
3724,1990,534,3,5.88
3725,426,207,1,130.56
3726,699,589,3,160.43
3727,1453,510,5,93.33
3728,1073,353,1,56.59
3729,836,56,1,33.1
3730,401,430,1,210.25
3731,1109,389,1,5.36
3732,890,573,4,140.64
3733,1456,120,2,196.86
3734,193,71,3,27.17
3735,98,594,2,99.59
3736,1720,137,2,23.35
3737,1840,582,1,201.39
3738,1720,575,2,76.66
3739,588,293,2,167.26
3740,1402,577,5,129.64
3741,1829,440,5,162.74
3742,818,268,2,230.32
3743,756,321,1,32.57
3744,1669,405,1,199.74
3745,382,33,2,81.44
3746,610,179,3,81.74
3747,1454,537,2,227.69
3748,302,526,3,237.96
3749,1451,466,4,35.22
3750,1282,359,4,243.4
3751,1656,235,3,61
3752,1009,183,3,164.88
3753,930,22,5,109.39
3754,891,413,2,92.52
3755,1753,559,3,210.93
3756,1052,171,1,179.82
3757,165,524,4,36.66
3758,117,211,1,185.35
3759,223,101,2,172
3760,1090,254,2,171.51
3761,1886,424,5,229.51
3762,1383,261,1,103.81
3763,377,269,1,117.58
3764,1033,378,3,175.59
3765,982,162,5,67.27
3766,1326,346,2,227.91
3767,154,58,5,117.15
3768,596,376,5,153.13
3769,925,483,3,154.7
3770,1356,223,1,164.17
3771,990,138,2,130.32
3772,1869,282,3,122.66
3773,81,597,5,25.44
3774,378,528,1,21.45
3775,316,375,3,153.81
3776,540,224,1,154.91
3777,893,587,4,157.08
3778,789,353,4,56.59
3779,412,129,4,212.34
3780,1483,461,1,113.26
3781,531,292,3,247.95
3782,1554,41,5,187.24
3783,951,202,4,182.83
3784,1451,239,5,125.37
3785,1711,237,3,135.53
3786,1517,135,5,160.81
3787,1809,345,1,86.95
3788,246,11,4,224.42
3789,1795,156,2,139.02
3790,573,35,5,205.17
3791,1067,310,1,180.45
3792,1270,10,5,159.19
3793,1787,222,4,30.3
3794,1501,594,1,99.59
3795,1041,365,4,61.37
3796,161,131,2,42.26
3797,916,102,5,131.19
3798,1060,449,1,106.91
3799,1666,19,5,104.09
3800,76,224,1,154.91
3801,1000,7,2,192.11
3802,1385,496,3,152.06
3803,628,485,5,42.17
3804,609,438,5,50.07
3805,828,17,5,80.59
3806,526,374,4,45.52
3807,1577,232,5,160.25
3808,360,327,3,242.1
3809,1914,18,1,46.31
3810,553,392,3,235.07
3811,475,477,4,49.2
3812,1516,324,2,180.84
3813,194,446,2,106.81
3814,226,176,5,167.74
3815,263,450,2,16.91
3816,396,21,3,197
3817,130,9,3,231.99
3818,1235,219,5,111.21
3819,1261,61,2,197.45
3820,1276,321,3,32.57
3821,1376,21,3,197
3822,743,491,3,142.78
3823,1987,75,5,58.94
3824,1032,371,3,207.69
3825,657,580,2,39.05
3826,141,45,2,125.63
3827,221,306,5,232.45
3828,725,504,4,52.52
3829,861,202,5,182.83
3830,1342,207,2,130.56
3831,489,593,2,102.68
3832,89,466,2,35.22
3833,1709,598,2,180.11
3834,404,371,2,207.69
3835,388,513,2,15.33
3836,553,592,1,243.21
3837,1445,82,1,223.97
3838,1174,563,5,217.58
3839,1699,363,5,231.78
3840,1545,2,1,198.24
3841,366,76,3,70.68
3842,869,550,1,32.45
3843,802,197,3,55.06
3844,1416,521,3,110.4
3845,855,46,4,9.21
3846,1684,181,4,128.17
3847,1434,523,3,195.84
3848,517,134,1,45.21
3849,446,69,4,68.48
3850,537,447,4,9.67
3851,374,101,2,172
3852,47,337,1,248.3
3853,158,192,5,177.21
3854,1437,238,1,71.19
3855,234,292,3,247.95
3856,52,82,3,223.97
3857,1482,195,2,227.17
3858,31,364,5,12.9
3859,549,394,3,33.17
3860,1441,481,2,129.33
3861,819,40,5,80.06
3862,15,483,4,154.7
3863,235,560,2,233.09
3864,932,523,3,195.84
3865,975,149,2,21.72
3866,1189,232,1,160.25
3867,679,129,5,212.34
3868,882,208,3,137.8
3869,1324,424,4,229.51
3870,924,173,5,214.37
3871,1795,253,1,24.19
3872,1490,396,1,36.78
3873,1383,215,2,100.17
3874,1302,135,4,160.81
3875,1474,529,2,120.1
3876,1129,299,4,244.63
3877,412,190,5,228.66
3878,1566,288,2,31.7
3879,1085,176,5,167.74
3880,1634,76,1,70.68
3881,541,532,4,112.28
3882,608,26,2,215.95
3883,1279,538,3,227.76
3884,1903,430,5,210.25
3885,124,79,3,23.89
3886,870,544,3,68.5
3887,1316,117,4,127.59
3888,1527,356,4,113.34
3889,1411,357,4,247.37
3890,675,72,1,100.67
3891,579,577,2,129.64
3892,315,225,2,89.94
3893,1186,1,5,33.89
3894,1496,453,5,91.17
3895,875,27,2,211.23
3896,193,162,4,67.27
3897,1664,103,3,202.95
3898,1406,392,2,235.07
3899,860,465,1,165.34
3900,1766,390,4,126.99
3901,1819,294,4,194.88
3902,1183,475,4,132.88
3903,1330,551,5,154.7
3904,1852,126,3,87.32
3905,483,46,4,9.21
3906,236,379,2,18.29
3907,1273,386,4,235.37
3908,1703,105,4,213.49
3909,1493,417,2,105.27
3910,133,186,1,78.62
3911,764,438,1,50.07
3912,1839,416,2,221.94
3913,1941,84,2,78.24
3914,315,529,2,120.1
3915,1270,156,4,139.02
3916,947,467,4,37.25
3917,1713,578,3,142.5
3918,972,268,1,230.32
3919,1299,390,4,126.99
3920,1322,387,5,159.29
3921,989,106,1,45.36
3922,1242,299,1,244.63
3923,1483,464,1,7.05
3924,1456,285,5,95.54
3925,1971,179,1,81.74
3926,1999,491,1,142.78
3927,63,214,4,118.77
3928,1817,549,4,163.42
3929,604,346,4,227.91
3930,751,474,5,38.64
3931,1787,175,3,246.25
3932,617,342,4,145.58
3933,21,41,5,187.24
3934,1049,290,4,42.8
3935,812,299,2,244.63
3936,833,50,3,21
3937,1576,596,5,181.75
3938,1813,139,5,165
3939,278,534,2,5.88
3940,1872,374,1,45.52
3941,868,575,1,76.66
3942,1728,468,4,140.82
3943,895,561,5,91.92
3944,1113,547,1,179.19
3945,9,581,1,122.34
3946,1916,231,2,132.58
3947,766,116,3,241.41
3948,1043,571,5,65.96
3949,1523,364,3,12.9
3950,314,76,3,70.68
3951,1769,540,1,116.61
3952,1104,70,4,65.36
3953,719,525,3,33.72
3954,1627,214,2,118.77
3955,1715,256,2,104.26
3956,1627,477,4,49.2
3957,1500,5,3,12.49
3958,1465,392,4,235.07
3959,836,91,4,47.18
3960,100,431,5,93.14
3961,1280,199,5,10.35
3962,1875,160,4,102.98
3963,125,37,4,138.45
3964,845,132,5,119.44
3965,870,493,3,64.05
3966,118,39,4,19.4
3967,1184,412,1,182.36
3968,1213,74,5,86.91
3969,316,438,3,50.07
3970,586,98,3,176.81
3971,1937,270,2,233.71
3972,1952,5,2,12.49
3973,177,431,3,93.14
3974,643,556,3,155.56
3975,98,143,1,213.68
3976,1054,65,4,14.71
3977,1762,416,2,221.94
3978,287,584,4,169.83
3979,1652,24,2,89.79
3980,1991,21,3,197
3981,810,393,3,110.24
3982,1224,367,4,64.54
3983,1246,539,3,135.83
3984,1270,167,4,85.8
3985,608,395,3,96.32
3986,84,376,2,153.13
3987,1408,386,5,235.37
3988,307,264,1,170.77
3989,508,533,5,28.56
3990,1601,376,5,153.13
3991,1621,283,4,180.56
3992,763,381,1,8.67
3993,420,39,1,19.4
3994,771,354,5,185.7
3995,1750,13,2,122.66
3996,1876,482,1,128.85
3997,1987,307,5,99.14
3998,1539,101,5,172
3999,716,262,4,165.33
4000,1979,589,3,160.43
4001,987,353,5,56.59
4002,512,353,4,56.59
4003,1261,211,5,185.35
4004,1397,200,2,223.36
4005,171,17,4,80.59
4006,1137,183,2,164.88
4007,1306,6,3,173.19
4008,1126,150,4,232.51
4009,1636,257,1,136.26
4010,1168,155,2,188.9
4011,190,282,2,122.66
4012,1981,566,3,81.49
4013,510,429,5,221.89
4014,395,263,2,114.14
4015,463,95,1,16.81
4016,1295,157,1,85.88
4017,1408,227,2,202.25
4018,1800,111,2,47.35
4019,577,502,1,135.74
4020,1097,459,5,150.38
4021,1097,478,4,243.97
4022,1240,598,4,180.11
4023,1396,143,3,213.68
4024,216,318,2,177.82
4025,1478,141,2,123.49
4026,1782,300,5,239.04
4027,1348,231,4,132.58
4028,1280,390,2,126.99
4029,987,421,2,44.47
4030,1848,57,1,143.66
4031,208,446,4,106.81
4032,1615,292,1,247.95
4033,1849,223,1,164.17
4034,1276,600,1,64.63
4035,802,179,5,81.74
4036,1001,336,2,147.91
4037,748,514,2,200.33
4038,1514,475,3,132.88
4039,1461,596,2,181.75
4040,277,180,5,214.69
4041,896,561,1,91.92
4042,1924,332,1,209.27
4043,1957,110,4,158.74
4044,548,172,4,48.51
4045,6,354,4,185.7
4046,978,419,4,79.09
4047,509,597,3,25.44
4048,1066,194,4,12.12
4049,342,315,1,54.59
4050,168,483,3,154.7
4051,1831,103,4,202.95
4052,174,325,1,138.52
4053,1137,349,1,179.18
4054,167,208,5,137.8
4055,210,422,2,92.21
4056,1539,321,4,32.57
4057,1198,493,1,64.05
4058,697,448,5,69.31
4059,1744,94,2,179.65
4060,793,554,5,135.66
4061,733,182,5,239.29
4062,939,162,1,67.27
4063,1349,77,2,160.67
4064,541,233,2,215.96
4065,1681,2,4,198.24
4066,459,523,5,195.84
4067,977,343,3,233.56
4068,468,385,1,79.12
4069,1631,186,3,78.62
4070,842,85,3,66.88
4071,479,571,4,65.96
4072,396,7,5,192.11
4073,45,161,1,8.72
4074,1150,465,3,165.34
4075,112,78,3,119.86
4076,1847,226,5,248.81
4077,225,12,1,79.33
4078,1512,72,5,100.67
4079,1580,237,5,135.53
4080,1963,114,4,144.78
4081,1153,376,3,153.13
4082,1663,530,2,136.98
4083,176,96,3,130.35
4084,1528,543,1,20.48
4085,1300,65,4,14.71
4086,1319,55,4,104.62
4087,93,459,4,150.38
4088,1401,54,2,147.09
4089,1381,28,1,115.98
4090,1983,402,2,13.66
4091,1510,87,3,101.95
4092,1288,389,4,5.36
4093,54,46,4,9.21
4094,583,132,2,119.44
4095,1521,145,1,22.77
4096,62,402,4,13.66
4097,356,243,4,122.7
4098,1142,367,1,64.54
4099,709,104,4,240.06
4100,1047,137,3,23.35
4101,441,368,3,236.39
4102,689,72,2,100.67
4103,312,551,4,154.7
4104,1398,267,1,77.35
4105,1685,501,1,203.03
4106,394,280,4,88.67
4107,435,86,1,139.57
4108,1606,587,3,157.08
4109,1803,172,3,48.51
4110,875,509,4,37.72
4111,1024,139,3,165
4112,1883,401,2,49.76
4113,1468,100,1,43.17
4114,190,364,4,12.9
4115,1947,273,5,196.82
4116,12,585,3,90.17
4117,203,358,1,178.19
4118,1160,164,2,233.68
4119,1455,40,2,80.06
4120,1521,428,5,165.28
4121,869,569,2,61.74
4122,623,374,5,45.52
4123,118,184,3,187.08
4124,766,325,4,138.52
4125,1395,42,1,7.08
4126,867,4,3,70.25
4127,1999,114,2,144.78
4128,1918,486,1,102.52
4129,209,348,5,248.93
4130,1765,361,5,53.09
4131,344,346,2,227.91
4132,635,61,2,197.45
4133,306,508,4,174.79
4134,66,497,5,227.24
4135,1517,354,3,185.7
4136,81,343,3,233.56
4137,835,105,4,213.49
4138,1460,511,4,98.99
4139,223,215,2,100.17
4140,113,47,5,43.46
4141,1221,494,3,196.25
4142,1461,242,5,163.04
4143,789,554,1,135.66
4144,695,548,5,157.52
4145,473,103,5,202.95
4146,1736,403,3,142.82
4147,30,356,4,113.34
4148,1493,48,3,110.16
4149,1043,124,3,115.1
4150,115,132,3,119.44
4151,664,101,3,172
4152,573,587,4,157.08
4153,981,260,2,137.01
4154,6,318,2,177.82
4155,1395,214,2,118.77
4156,1286,156,3,139.02
4157,1699,498,1,7.05
4158,574,590,4,208.71
4159,53,159,2,222.76
4160,1974,60,5,33.2
4161,369,35,4,205.17
4162,1142,381,2,8.67
4163,1145,218,1,68.19
4164,565,555,5,225.06
4165,1191,234,4,18.83
4166,209,548,1,157.52
4167,924,94,3,179.65
4168,880,488,2,213.06
4169,270,217,1,95.1
4170,555,194,2,12.12
4171,935,24,3,89.79
4172,1339,291,3,118.79
4173,1020,383,2,196.36
4174,1541,335,4,223.36
4175,1547,357,1,247.37
4176,1065,191,1,37.97
4177,306,110,4,158.74
4178,1804,427,3,129.4
4179,337,292,5,247.95
4180,1886,164,4,233.68
4181,382,433,1,39.51
4182,1509,135,3,160.81
4183,863,115,4,226.48
4184,693,291,5,118.79
4185,545,179,4,81.74
4186,465,487,4,186.5
4187,1185,225,4,89.94
4188,1318,249,2,10.67
4189,718,72,5,100.67
4190,391,430,4,210.25
4191,1355,573,3,140.64
4192,1062,577,2,129.64
4193,187,535,3,124.45
4194,261,193,1,103.63
4195,1183,437,2,194.26
4196,1249,507,4,10.08
4197,361,108,4,166.82
4198,648,226,5,248.81
4199,1687,552,5,46.56
4200,1396,195,1,227.17
4201,1787,296,4,199.63
4202,600,242,1,163.04
4203,1699,327,3,242.1
4204,971,196,2,203.87
4205,927,356,2,113.34
4206,848,184,4,187.08
4207,880,443,1,214.05
4208,1264,45,5,125.63
4209,243,130,4,228.6
4210,737,312,3,197.62
4211,593,441,4,145.91
4212,1013,409,4,19.08
4213,1954,146,3,153.53
4214,94,356,4,113.34
4215,619,310,2,180.45
4216,72,315,2,54.59
4217,1139,390,1,126.99
4218,1048,597,3,25.44
4219,824,188,4,133.9
4220,1140,56,5,33.1
4221,930,458,2,8.24
4222,104,534,4,5.88
4223,1920,314,4,232.23
4224,172,123,5,152.2
4225,898,394,1,33.17
4226,861,381,2,8.67
4227,1364,332,1,209.27
4228,1433,387,3,159.29
4229,1057,524,1,36.66
4230,883,55,2,104.62
4231,77,78,5,119.86
4232,1890,191,2,37.97
4233,795,424,1,229.51
4234,1717,224,2,154.91
4235,934,444,5,124.61
4236,489,542,3,121.96
4237,1496,366,1,236.73
4238,1733,480,5,188.06
4239,1603,33,3,81.44
4240,1390,473,5,18.24
4241,1803,197,3,55.06
4242,637,574,3,236.61
4243,724,21,3,197
4244,1812,513,3,15.33
4245,1755,510,2,93.33
4246,581,331,2,28.04
4247,770,337,5,248.3
4248,482,489,2,49.03
4249,847,502,5,135.74
4250,1015,577,3,129.64
4251,309,330,1,57.51
4252,1430,467,4,37.25
4253,1169,562,1,198.35
4254,887,141,3,123.49
4255,57,271,2,29.3
4256,1277,441,2,145.91
4257,1021,186,2,78.62
4258,1123,220,2,237.59
4259,304,174,4,228.53
4260,70,20,5,227.89
4261,387,491,2,142.78
4262,1973,441,2,145.91
4263,1419,465,2,165.34
4264,512,265,4,94.45
4265,199,134,2,45.21
4266,1720,502,3,135.74
4267,1645,496,5,152.06
4268,1916,506,2,37.78
4269,1308,455,5,183.96
4270,1445,67,2,242.6
4271,64,343,5,233.56
4272,883,93,5,63.4
4273,8,391,5,112.06
4274,1478,537,3,227.69
4275,674,315,5,54.59
4276,1222,566,1,81.49
4277,289,181,2,128.17
4278,1642,463,1,242.61
4279,750,243,4,122.7
4280,747,74,1,86.91
4281,1268,10,2,159.19
4282,1500,365,1,61.37
4283,795,460,5,112.26
4284,959,313,4,107.23
4285,1735,160,3,102.98
4286,350,213,1,231.67
4287,816,405,4,199.74
4288,788,114,3,144.78
4289,7,137,5,23.35
4290,248,478,5,243.97
4291,1823,434,3,216.37
4292,860,34,4,31.65
4293,869,293,1,167.26
4294,57,384,3,11.67
4295,372,268,5,230.32
4296,1505,52,2,152.05
4297,176,371,1,207.69
4298,1976,435,3,130.55
4299,511,240,1,87.91
4300,659,464,1,7.05
4301,1029,340,5,151.05
4302,1258,538,2,227.76
4303,639,61,5,197.45
4304,1564,252,5,65.99
4305,1577,307,2,99.14
4306,1077,283,5,180.56
4307,1793,567,3,200.56
4308,63,219,2,111.21
4309,663,375,1,153.81
4310,853,534,5,5.88
4311,540,224,4,154.91
4312,795,83,3,206.15
4313,137,234,4,18.83
4314,1410,222,5,30.3
4315,1672,239,2,125.37
4316,1143,195,1,227.17
4317,1661,22,5,109.39
4318,764,36,1,40.88
4319,447,487,4,186.5
4320,360,498,3,7.05
4321,1333,173,5,214.37
4322,690,201,3,115.79
4323,1003,86,2,139.57
4324,424,27,1,211.23
4325,1965,368,2,236.39
4326,1792,320,2,208
4327,319,12,5,79.33
4328,1562,218,3,68.19
4329,363,423,3,80.89
4330,434,46,3,9.21
4331,967,238,5,71.19
4332,1121,588,2,219.78
4333,1153,63,5,111.6
4334,1247,476,4,124.63
4335,1442,402,1,13.66
4336,1191,278,1,97.19
4337,1182,106,3,45.36
4338,1385,532,4,112.28
4339,1109,308,4,238.69
4340,954,510,5,93.33
4341,1340,322,4,128.54
4342,1611,26,2,215.95
4343,998,49,4,233.39
4344,482,355,3,88.22
4345,381,200,1,223.36
4346,310,420,1,45.9
4347,1412,540,2,116.61
4348,1248,497,5,227.24
4349,636,430,2,210.25
4350,1935,234,5,18.83
4351,812,452,2,154.1
4352,78,159,4,222.76
4353,1639,486,1,102.52
4354,1083,223,2,164.17
4355,1315,389,2,5.36
4356,942,224,2,154.91
4357,1070,266,5,209.12
4358,1041,457,3,229.67
4359,413,348,2,248.93
4360,1197,447,1,9.67
4361,1474,589,4,160.43
4362,1804,42,1,7.08
4363,827,158,2,16.32
4364,1552,213,3,231.67
4365,1914,545,3,31.17
4366,405,304,4,93.2
4367,1519,309,2,201.42
4368,160,531,5,64.24
4369,846,396,5,36.78
4370,263,312,4,197.62
4371,1480,445,5,223.15
4372,1361,571,4,65.96
4373,1046,462,3,37.99
4374,469,475,3,132.88
4375,1955,127,4,246.97
4376,1734,185,3,28.86
4377,1415,65,5,14.71
4378,1493,470,4,74.22
4379,877,484,3,30.33
4380,1898,497,1,227.24
4381,1771,456,4,132.24
4382,695,309,2,201.42
4383,1803,597,3,25.44
4384,552,439,4,171.1
4385,385,599,4,117.25
4386,1236,166,4,173.26
4387,1863,532,5,112.28
4388,519,27,4,211.23
4389,5,397,5,169.75
4390,232,304,4,93.2
4391,1787,298,5,99.81
4392,321,26,5,215.95
4393,1206,291,1,118.79
4394,1966,63,3,111.6
4395,1546,328,4,71.64
4396,1665,221,3,20.79
4397,677,14,4,94.95
4398,641,516,3,39.97
4399,665,253,4,24.19
4400,162,525,2,33.72
4401,1004,42,3,7.08
4402,333,324,2,180.84
4403,304,80,3,246.3
4404,264,591,5,165.89
4405,1334,108,4,166.82
4406,1020,99,2,224.67
4407,474,54,2,147.09
4408,1493,312,1,197.62
4409,158,135,5,160.81
4410,1074,116,2,241.41
4411,362,535,1,124.45
4412,208,98,4,176.81
4413,1370,319,3,189.91
4414,973,289,1,117.41
4415,1132,164,4,233.68
4416,754,368,2,236.39
4417,1617,147,5,195.72
4418,834,401,5,49.76
4419,1889,419,4,79.09
4420,744,149,5,21.72
4421,1835,488,2,213.06
4422,439,175,3,246.25
4423,1625,398,5,18.48
4424,1872,153,5,167.42
4425,1499,290,2,42.8
4426,498,118,1,190.86
4427,1847,550,2,32.45
4428,1228,600,2,64.63
4429,950,250,5,66.45
4430,365,585,4,90.17
4431,512,521,1,110.4
4432,664,207,3,130.56
4433,704,400,4,54.03
4434,584,494,2,196.25
4435,1979,399,1,197.36
4436,1982,435,5,130.55
4437,1086,513,2,15.33
4438,1075,274,5,205.83
4439,1767,234,4,18.83
4440,1062,450,2,16.91
4441,939,574,5,236.61
4442,983,246,2,108.45
4443,698,166,4,173.26
4444,1183,311,1,100.87
4445,1706,496,1,152.06
4446,1832,263,5,114.14
4447,655,156,3,139.02
4448,1963,514,5,200.33
4449,448,411,5,179.94
4450,197,2,4,198.24
4451,997,473,5,18.24
4452,724,107,3,240.06
4453,1866,112,4,81.23
4454,591,533,3,28.56
4455,1135,495,5,107.84
4456,493,185,2,28.86
4457,294,559,4,210.93
4458,1077,591,4,165.89
4459,284,253,1,24.19
4460,113,444,3,124.61
4461,805,139,2,165
4462,1641,534,2,5.88
4463,800,430,5,210.25
4464,1557,597,4,25.44
4465,379,589,5,160.43
4466,871,216,4,40.45
4467,452,344,2,147.77
4468,1762,553,4,141
4469,1933,327,5,242.1
4470,1390,426,2,182.91
4471,1939,591,1,165.89
4472,793,108,2,166.82
4473,20,417,5,105.27
4474,1594,210,1,139.75
4475,1016,199,5,10.35
4476,202,117,4,127.59
4477,723,206,3,175.52
4478,621,522,3,215.65
4479,1324,470,4,74.22
4480,302,382,5,180.56
4481,20,158,4,16.32
4482,1956,384,3,11.67
4483,87,193,5,103.63
4484,798,279,1,200.56
4485,644,131,5,42.26
4486,302,27,4,211.23
4487,285,585,5,90.17
4488,1946,183,3,164.88
4489,732,161,2,8.72
4490,907,178,5,26.02
4491,198,500,3,179.13
4492,1797,38,4,133.35
4493,1693,308,4,238.69
4494,541,206,5,175.52
4495,1047,250,1,66.45
4496,1781,479,4,113.19
4497,549,56,4,33.1
4498,6,437,1,194.26
4499,829,439,4,171.1
4500,454,45,1,125.63
4501,1526,282,1,122.66
4502,1707,488,5,213.06
4503,450,328,3,71.64
4504,1659,567,2,200.56
4505,139,535,4,124.45
4506,908,504,1,52.52
4507,833,560,4,233.09
4508,1969,522,4,215.65
4509,865,470,4,74.22
4510,1811,47,1,43.46
4511,56,406,1,209.08
4512,1054,50,2,21
4513,1722,115,1,226.48
4514,411,531,4,64.24
4515,1298,188,3,133.9
4516,914,556,5,155.56
4517,985,594,1,99.59
4518,733,286,5,112.95
4519,843,554,1,135.66
4520,1981,18,5,46.31
4521,1819,589,5,160.43
4522,846,569,4,61.74
4523,1476,593,4,102.68
4524,1785,541,5,129.94
4525,1551,114,3,144.78
4526,1036,269,4,117.58
4527,932,105,5,213.49
4528,1326,294,2,194.88
4529,203,428,3,165.28
4530,140,418,4,239.74
4531,1102,184,3,187.08
4532,983,299,4,244.63
4533,1874,542,5,121.96
4534,794,575,3,76.66
4535,1960,291,1,118.79
4536,1360,469,5,46.6
4537,854,58,5,117.15
4538,524,220,4,237.59
4539,739,206,1,175.52
4540,610,452,4,154.1
4541,349,329,3,142.08
4542,993,308,5,238.69
4543,877,175,1,246.25
4544,1483,590,5,208.71
4545,1963,237,3,135.53
4546,684,104,3,240.06
4547,716,590,2,208.71
4548,1378,108,1,166.82
4549,944,258,5,139.54
4550,26,407,4,240.64
4551,555,345,3,86.95
4552,653,127,3,246.97
4553,532,346,3,227.91
4554,425,514,5,200.33
4555,1526,440,4,162.74
4556,1658,91,2,47.18
4557,1157,544,2,68.5
4558,272,416,3,221.94
4559,472,200,5,223.36
4560,51,136,1,134.38
4561,968,117,4,127.59
4562,1204,184,1,187.08
4563,1024,466,3,35.22
4564,1685,589,1,160.43
4565,287,6,3,173.19
4566,1139,228,4,217.27
4567,1681,250,1,66.45
4568,1720,319,2,189.91
4569,293,60,4,33.2
4570,867,131,3,42.26
4571,184,296,4,199.63
4572,1684,65,4,14.71
4573,1034,63,5,111.6
4574,1869,436,5,72.85
4575,1056,367,2,64.54
4576,585,413,1,92.52
4577,97,353,5,56.59
4578,1280,185,2,28.86
4579,571,31,4,165.88
4580,1144,393,4,110.24
4581,1126,423,4,80.89
4582,1909,579,4,193.72
4583,239,422,3,92.21
4584,53,442,3,82.44
4585,275,140,2,154.37
4586,716,282,2,122.66
4587,1297,9,4,231.99
4588,1400,411,3,179.94
4589,149,279,1,200.56
4590,1697,214,4,118.77
4591,385,273,3,196.82
4592,130,134,5,45.21
4593,559,47,1,43.46
4594,1951,389,4,5.36
4595,22,206,1,175.52
4596,1575,2,4,198.24
4597,409,90,3,68.48
4598,296,373,2,151.99
4599,652,335,3,223.36
4600,616,168,2,19.75
4601,535,574,5,236.61
4602,162,23,2,235.55
4603,1732,544,4,68.5
4604,688,354,4,185.7
4605,205,376,1,153.13
4606,278,405,4,199.74
4607,82,113,3,138.62
4608,1184,547,4,179.19
4609,1620,363,3,231.78
4610,893,406,3,209.08
4611,1884,6,1,173.19
4612,1861,84,4,78.24
4613,680,313,3,107.23
4614,1116,316,2,60.15
4615,1233,502,3,135.74
4616,1221,538,5,227.76
4617,140,338,2,70.64
4618,1732,85,1,66.88
4619,873,60,2,33.2
4620,1016,588,4,219.78
4621,1883,568,4,197.94
4622,824,182,1,239.29
4623,764,560,2,233.09
4624,1475,73,4,82.6
4625,1035,24,3,89.79
4626,211,222,3,30.3
4627,1147,439,3,171.1
4628,264,164,2,233.68
4629,1857,582,1,201.39
4630,1968,261,4,103.81
4631,202,265,5,94.45
4632,1544,264,1,170.77
4633,1383,171,4,179.82
4634,225,4,3,70.25
4635,1773,522,2,215.65
4636,1604,222,3,30.3
4637,1933,507,2,10.08
4638,393,373,5,151.99
4639,1263,527,3,41.86
4640,421,441,1,145.91
4641,1125,341,2,106.71
4642,1296,275,4,142.78
4643,559,162,5,67.27
4644,1574,242,3,163.04
4645,188,352,4,35.94
4646,1192,407,5,240.64
4647,705,137,5,23.35
4648,468,302,1,248.06
4649,1789,408,3,54.06
4650,254,164,2,233.68
4651,1114,91,1,47.18
4652,685,163,3,13.69
4653,1818,264,4,170.77
4654,1504,183,4,164.88
4655,1911,7,4,192.11
4656,207,19,4,104.09
4657,1120,112,3,81.23
4658,360,260,2,137.01
4659,1336,223,2,164.17
4660,1690,316,4,60.15
4661,1382,198,1,199.58
4662,962,176,4,167.74
4663,879,430,2,210.25
4664,1598,100,1,43.17
4665,1820,583,3,201.79
4666,537,334,4,88.55
4667,827,197,1,55.06
4668,357,369,5,172.68
4669,39,548,3,157.52
4670,216,372,2,163.5
4671,1101,37,2,138.45
4672,240,65,3,14.71
4673,1569,70,1,65.36
4674,298,421,3,44.47
4675,767,332,5,209.27
4676,860,462,3,37.99
4677,728,446,5,106.81
4678,929,208,4,137.8
4679,1487,250,1,66.45
4680,1845,401,2,49.76
4681,226,173,4,214.37
4682,1394,340,2,151.05
4683,1762,16,2,95.78
4684,1068,309,4,201.42
4685,1262,546,4,120.07
4686,513,97,2,174.68
4687,1119,479,3,113.19
4688,482,49,3,233.39
4689,1793,48,1,110.16
4690,1956,13,4,122.66
4691,1709,533,4,28.56
4692,203,189,3,145.41
4693,1598,259,4,63.94
4694,684,250,2,66.45
4695,1064,237,5,135.53
4696,1559,324,2,180.84
4697,220,574,5,236.61
4698,1076,188,2,133.9
4699,1786,379,4,18.29
4700,1949,274,1,205.83
4701,39,494,1,196.25
4702,1723,359,2,243.4
4703,626,353,1,56.59
4704,1298,207,3,130.56
4705,1045,418,1,239.74
4706,1099,68,1,197.36
4707,1038,93,3,63.4
4708,269,218,2,68.19
4709,1408,383,5,196.36
4710,1355,229,4,172.08
4711,211,470,2,74.22
4712,1795,46,3,9.21
4713,20,400,2,54.03
4714,35,67,1,242.6
4715,990,185,3,28.86
4716,1154,274,1,205.83
4717,930,124,1,115.1
4718,650,185,1,28.86
4719,215,59,2,8.03
4720,501,396,5,36.78
4721,629,462,5,37.99
4722,1207,85,2,66.88
4723,828,253,2,24.19
4724,364,4,3,70.25
4725,300,557,5,214.74
4726,564,482,5,128.85
4727,1444,417,3,105.27
4728,1153,275,4,142.78
4729,1041,346,4,227.91
4730,397,164,1,233.68
4731,1613,159,1,222.76
4732,1988,26,1,215.95
4733,1364,438,4,50.07
4734,1350,247,4,206.44
4735,1754,437,4,194.26
4736,1873,104,5,240.06
4737,1012,388,3,56.49
4738,671,481,2,129.33
4739,1991,157,4,85.88
4740,1484,254,4,171.51
4741,1885,510,1,93.33
4742,263,593,3,102.68
4743,140,129,5,212.34
4744,516,509,2,37.72
4745,1548,287,4,210.74
4746,992,368,1,236.39
4747,391,453,3,91.17
4748,755,20,5,227.89
4749,758,122,3,248.73
4750,1498,143,5,213.68
4751,75,69,1,68.48
4752,691,118,3,190.86
4753,1604,63,4,111.6
4754,310,331,5,28.04
4755,824,330,4,57.51
4756,728,248,1,171.77
4757,890,183,2,164.88
4758,1985,442,5,82.44
4759,402,527,1,41.86
4760,1655,519,5,169.02
4761,24,502,3,135.74
4762,904,208,2,137.8
4763,451,373,4,151.99
4764,1050,480,5,188.06
4765,1817,254,1,171.51
4766,314,156,4,139.02
4767,1656,351,2,23.35
4768,1689,182,5,239.29
4769,1632,380,3,189.1
4770,1563,112,1,81.23
4771,1621,540,2,116.61
4772,1224,22,5,109.39
4773,908,152,3,177.46
4774,1143,288,2,31.7
4775,870,407,5,240.64
4776,384,248,5,171.77
4777,1667,187,3,78.09
4778,1342,324,2,180.84
4779,1300,13,3,122.66
4780,313,89,3,174.47
4781,1733,160,1,102.98
4782,1469,50,5,21
4783,1554,147,1,195.72
4784,1066,108,4,166.82
4785,166,408,1,54.06
4786,900,148,2,189.09
4787,877,481,5,129.33
4788,444,550,1,32.45
4789,129,407,1,240.64
4790,514,348,3,248.93
4791,71,410,3,238.4
4792,1534,44,1,54.1
4793,40,252,1,65.99
4794,181,102,4,131.19
4795,1465,46,4,9.21
4796,873,591,2,165.89
4797,1446,68,4,197.36
4798,198,539,2,135.83
4799,1895,128,2,104.71
4800,547,268,2,230.32
4801,1861,345,1,86.95
4802,948,154,2,59.41
4803,712,398,4,18.48
4804,242,260,5,137.01
4805,327,491,5,142.78
4806,521,282,5,122.66
4807,1577,455,5,183.96
4808,1219,594,1,99.59
4809,1720,161,2,8.72
4810,1785,380,2,189.1
4811,1000,324,4,180.84
4812,1880,546,1,120.07
4813,692,414,3,26.9
4814,906,194,1,12.12
4815,681,131,3,42.26
4816,10,91,3,47.18
4817,1891,315,4,54.59
4818,160,105,2,213.49
4819,498,472,2,115.1
4820,478,317,1,136.16
4821,1665,391,1,112.06
4822,898,56,4,33.1
4823,1470,317,2,136.16
4824,513,320,4,208
4825,490,86,2,139.57
4826,507,90,3,68.48
4827,6,145,1,22.77
4828,330,24,1,89.79
4829,1807,116,1,241.41
4830,1863,586,5,148.25
4831,1764,108,3,166.82
4832,1183,65,1,14.71
4833,1580,256,4,104.26
4834,503,65,1,14.71
4835,598,18,4,46.31
4836,285,520,2,18.28
4837,1425,341,4,106.71
4838,1413,109,5,240.15
4839,234,256,4,104.26
4840,439,215,1,100.17
4841,1540,104,2,240.06
4842,414,261,2,103.81
4843,483,215,4,100.17
4844,149,442,5,82.44
4845,1229,541,2,129.94
4846,172,115,3,226.48
4847,1774,101,2,172
4848,1168,532,1,112.28
4849,62,128,5,104.71
4850,1343,382,4,180.56
4851,650,440,4,162.74
4852,1056,362,5,232.13
4853,1886,337,4,248.3
4854,1074,31,1,165.88
4855,1468,227,3,202.25
4856,1657,259,4,63.94
4857,1506,188,2,133.9
4858,1788,101,3,172
4859,192,266,1,209.12
4860,437,274,1,205.83
4861,993,575,4,76.66
4862,1472,510,4,93.33
4863,299,36,5,40.88
4864,123,321,3,32.57
4865,1450,402,1,13.66
4866,1459,75,5,58.94
4867,1796,359,1,243.4
4868,335,332,2,209.27
4869,834,519,3,169.02
4870,605,517,2,105.79
4871,1622,440,5,162.74
4872,1335,407,1,240.64
4873,1990,265,4,94.45
4874,218,105,5,213.49
4875,290,268,3,230.32
4876,166,400,3,54.03
4877,1011,299,5,244.63
4878,893,357,2,247.37
4879,1202,267,2,77.35
4880,982,459,3,150.38
4881,390,241,3,136.02
4882,955,596,1,181.75
4883,1685,53,4,88.37
4884,1001,85,1,66.88
4885,1748,288,3,31.7
4886,948,432,4,52.86
4887,708,549,5,163.42
4888,923,569,1,61.74
4889,540,423,3,80.89
4890,1717,110,2,158.74
4891,567,248,3,171.77
4892,243,409,5,19.08
4893,1403,142,4,68.4
4894,1530,281,2,224.13
4895,174,85,4,66.88
4896,109,498,4,7.05
4897,1261,105,2,213.49
4898,655,452,4,154.1
4899,417,544,3,68.5
4900,809,457,3,229.67
4901,501,67,2,242.6
4902,1294,89,5,174.47
4903,1745,91,5,47.18
4904,339,502,4,135.74
4905,1551,278,1,97.19
4906,541,9,1,231.99
4907,1265,399,4,197.36
4908,730,464,2,7.05
4909,1597,40,1,80.06
4910,1228,389,4,5.36
4911,734,290,4,42.8
4912,1957,237,3,135.53
4913,1425,131,2,42.26
4914,165,224,4,154.91
4915,472,481,3,129.33
4916,1052,2,3,198.24
4917,1318,440,2,162.74
4918,459,528,4,21.45
4919,1837,562,2,198.35
4920,387,309,4,201.42
4921,24,494,1,196.25
4922,953,481,4,129.33
4923,1441,592,4,243.21
4924,742,100,5,43.17
4925,518,380,5,189.1
4926,1707,305,3,196.24
4927,220,467,5,37.25
4928,1011,275,1,142.78
4929,999,6,3,173.19
4930,937,261,4,103.81
4931,820,200,1,223.36
4932,704,95,3,16.81
4933,1702,145,1,22.77
4934,747,547,2,179.19
4935,941,298,3,99.81
4936,1629,195,5,227.17
4937,1678,25,2,151.96
4938,39,355,5,88.22
4939,356,438,5,50.07
4940,431,271,4,29.3
4941,1631,72,2,100.67
4942,1511,199,1,10.35
4943,107,93,3,63.4
4944,955,543,1,20.48
4945,272,568,1,197.94
4946,177,78,5,119.86
4947,70,244,2,60.13
4948,1871,542,4,121.96
4949,351,587,3,157.08
4950,1596,510,4,93.33
4951,995,344,5,147.77
4952,187,421,3,44.47
4953,723,179,4,81.74
4954,837,274,2,205.83
4955,1322,122,4,248.73
4956,740,488,2,213.06
4957,216,298,4,99.81
4958,723,83,1,206.15
4959,445,304,4,93.2
4960,1855,204,4,23.72
4961,1043,300,4,239.04
4962,344,260,5,137.01
4963,94,212,4,103.52
4964,725,534,4,5.88
4965,1090,211,5,185.35
4966,679,245,3,172.77
4967,1201,339,4,9.27
4968,376,401,2,49.76
4969,936,599,1,117.25
4970,723,16,5,95.78
4971,1201,53,1,88.37
4972,1773,17,4,80.59
4973,1565,450,1,16.91
4974,913,414,4,26.9
4975,1752,143,2,213.68
4976,377,508,5,174.79
4977,160,406,2,209.08
4978,342,342,2,145.58
4979,912,161,4,8.72
4980,401,187,5,78.09
4981,595,508,4,174.79
4982,1775,143,4,213.68
4983,791,253,4,24.19
4984,929,135,4,160.81
4985,1457,180,3,214.69
4986,571,94,3,179.65
4987,1171,484,5,30.33
4988,262,205,2,91.2
4989,318,264,1,170.77
4990,1392,48,5,110.16
4991,590,407,4,240.64
4992,136,106,3,45.36
4993,1801,332,5,209.27
4994,1519,188,2,133.9
4995,529,71,1,27.17
4996,165,211,4,185.35
4997,1201,435,4,130.55
4998,172,314,1,232.23
4999,695,233,4,215.96
5000,734,582,1,201.39
5001,1149,194,1,12.12
5002,1924,192,2,177.21
5003,589,465,3,165.34
5004,540,266,1,209.12
5005,605,583,5,201.79
5006,51,183,1,164.88
5007,256,17,1,80.59
5008,716,32,4,177.14
5009,544,347,3,149.45
5010,1973,120,1,196.86
5011,885,254,3,171.51
5012,58,177,3,185.47
5013,1083,126,1,87.32
5014,263,597,2,25.44
5015,916,112,5,81.23
5016,516,194,2,12.12
5017,1623,154,1,59.41
5018,1741,57,2,143.66
5019,1883,206,4,175.52
5020,980,415,5,153.21
5021,178,367,2,64.54
5022,193,46,4,9.21
5023,1757,414,5,26.9
5024,1757,209,4,115.87
5025,182,328,5,71.64
5026,943,507,4,10.08
5027,528,16,1,95.78
5028,1175,442,2,82.44
5029,399,27,3,211.23
5030,316,400,2,54.03
5031,1826,432,4,52.86
5032,428,507,1,10.08
5033,975,371,3,207.69
5034,405,26,1,215.95
5035,1488,236,1,41.34
5036,482,139,2,165
5037,1070,527,5,41.86
5038,222,357,3,247.37
5039,971,133,2,22.09
5040,985,521,5,110.4
5041,1699,246,4,108.45
5042,268,162,2,67.27
5043,1856,134,1,45.21
5044,75,243,5,122.7
5045,154,374,2,45.52
5046,1984,245,1,172.77
5047,1798,148,2,189.09
5048,1418,486,5,102.52
5049,468,436,5,72.85
5050,1815,69,1,68.48
5051,1003,160,4,102.98
5052,1128,530,1,136.98
5053,724,542,1,121.96
5054,1035,54,2,147.09
5055,984,148,3,189.09
5056,1102,235,4,61
5057,159,553,4,141
5058,1037,142,4,68.4
5059,1730,200,1,223.36
5060,1738,235,5,61
5061,1902,243,4,122.7
5062,1373,480,3,188.06
5063,1934,7,1,192.11
5064,275,196,1,203.87
5065,1428,515,3,86.3
5066,310,332,3,209.27
5067,1741,25,1,151.96
5068,600,270,3,233.71
5069,954,130,4,228.6
5070,291,520,3,18.28
5071,400,165,3,51.58
5072,860,205,2,91.2
5073,1225,283,3,180.56
5074,1589,235,5,61
5075,56,339,5,9.27
5076,1310,330,3,57.51
5077,1534,486,3,102.52
5078,49,590,3,208.71
5079,966,540,1,116.61
5080,1423,243,4,122.7
5081,466,450,4,16.91
5082,1638,367,5,64.54
5083,1150,194,3,12.12
5084,711,148,5,189.09
5085,726,219,3,111.21
5086,733,595,3,114.2
5087,657,481,1,129.33
5088,956,431,4,93.14
5089,1375,227,2,202.25
5090,1443,433,1,39.51
5091,1903,213,3,231.67
5092,682,336,4,147.91
5093,988,278,1,97.19
5094,1858,599,5,117.25
5095,1012,89,3,174.47
5096,911,188,2,133.9
5097,333,280,3,88.67
5098,867,88,3,10.98
5099,746,106,5,45.36
5100,1380,405,3,199.74
5101,1242,167,3,85.8
5102,98,585,1,90.17
5103,1448,361,5,53.09
5104,625,319,5,189.91
5105,841,114,3,144.78
5106,1167,487,1,186.5
5107,574,437,2,194.26
5108,495,492,1,174.3
5109,1524,10,1,159.19
5110,472,192,2,177.21
5111,1578,18,5,46.31
5112,178,133,3,22.09
5113,1652,245,2,172.77
5114,1799,374,5,45.52
5115,182,583,5,201.79
5116,663,19,5,104.09
5117,1468,545,5,31.17
5118,528,362,3,232.13
5119,614,488,5,213.06
5120,1200,79,2,23.89
5121,637,496,1,152.06
5122,1738,136,2,134.38
5123,178,526,4,237.96
5124,1129,255,3,91.33
5125,630,443,4,214.05
5126,1803,448,1,69.31
5127,1890,240,4,87.91
5128,1552,41,5,187.24
5129,1053,199,2,10.35
5130,1267,522,4,215.65
5131,830,509,4,37.72
5132,1030,113,3,138.62
5133,586,402,4,13.66
5134,1222,523,5,195.84
5135,199,376,3,153.13
5136,1468,483,4,154.7
5137,1028,85,1,66.88
5138,223,508,4,174.79
5139,782,248,2,171.77
5140,248,478,2,243.97
5141,1110,573,3,140.64
5142,91,1,3,33.89
5143,909,211,1,185.35
5144,1987,186,4,78.62
5145,475,462,4,37.99
5146,115,121,4,163.68
5147,1167,370,2,94.05
5148,234,121,1,163.68
5149,1980,85,5,66.88
5150,1174,43,4,47.02
5151,859,316,4,60.15
5152,687,283,2,180.56
5153,1438,380,1,189.1
5154,1842,102,4,131.19
5155,1739,511,1,98.99
5156,981,250,1,66.45
5157,688,597,2,25.44
5158,748,89,5,174.47
5159,996,33,3,81.44
5160,1919,244,5,60.13
5161,464,313,1,107.23
5162,1846,72,3,100.67
5163,893,487,2,186.5
5164,1733,502,4,135.74
5165,781,184,1,187.08
5166,963,68,2,197.36
5167,1264,362,1,232.13
5168,1873,452,4,154.1
5169,1414,509,2,37.72
5170,285,144,4,232.36
5171,1396,461,2,113.26
5172,1867,596,4,181.75
5173,1283,546,5,120.07
5174,1103,402,1,13.66
5175,659,203,2,7.03
5176,1407,225,3,89.94
5177,1867,487,3,186.5
5178,882,537,3,227.69
5179,648,440,3,162.74
5180,1418,483,4,154.7
5181,937,435,4,130.55
5182,377,207,2,130.56
5183,1996,218,3,68.19
5184,842,213,4,231.67
5185,1643,572,5,126.63
5186,640,13,4,122.66
5187,944,232,1,160.25
5188,1314,519,5,169.02
5189,1050,457,3,229.67
5190,438,188,5,133.9
5191,1830,357,4,247.37
5192,1500,428,3,165.28
5193,1268,286,4,112.95
5194,1529,425,3,172.85
5195,1302,136,1,134.38
5196,1438,137,4,23.35
5197,489,356,2,113.34
5198,800,287,2,210.74
5199,1494,230,1,30.93
5200,1008,89,5,174.47
5201,808,477,3,49.2
5202,497,437,4,194.26
5203,114,373,3,151.99
5204,362,511,3,98.99
5205,1780,223,3,164.17
5206,89,477,4,49.2
5207,542,208,4,137.8
5208,329,342,3,145.58
5209,1560,191,3,37.97
5210,4,421,4,44.47
5211,1854,390,5,126.99
5212,1703,447,4,9.67
5213,1883,460,4,112.26
5214,827,56,2,33.1
5215,655,266,5,209.12
5216,662,365,1,61.37
5217,1125,232,1,160.25
5218,1299,16,5,95.78
5219,289,560,1,233.09
5220,1496,415,3,153.21
5221,1453,581,1,122.34
5222,1151,136,4,134.38
5223,1002,579,1,193.72
5224,1632,251,2,23.96
5225,1339,551,5,154.7
5226,1333,463,2,242.61
5227,1093,220,5,237.59
5228,642,196,3,203.87
5229,199,517,3,105.79
5230,1321,54,5,147.09
5231,1126,309,4,201.42
5232,80,434,5,216.37
5233,171,398,4,18.48
5234,1791,50,3,21
5235,878,157,1,85.88
5236,1107,337,1,248.3
5237,1986,192,2,177.21
5238,515,366,2,236.73
5239,258,598,1,180.11
5240,1822,538,4,227.76
5241,1074,384,1,11.67
5242,1360,516,1,39.97
5243,216,284,2,165.87
5244,1128,526,5,237.96
5245,1843,101,5,172
5246,1297,567,5,200.56
5247,897,113,4,138.62
5248,86,550,1,32.45
5249,770,376,5,153.13
5250,555,107,2,240.06
5251,1991,415,5,153.21
5252,806,393,5,110.24
5253,398,515,3,86.3
5254,125,309,1,201.42
5255,548,70,5,65.36
5256,394,293,5,167.26
5257,1526,325,4,138.52
5258,1482,303,1,176.14
5259,1831,151,1,222.77
5260,310,545,4,31.17
5261,949,207,2,130.56
5262,49,334,1,88.55
5263,1516,448,4,69.31
5264,1409,206,5,175.52
5265,117,95,1,16.81
5266,1799,414,3,26.9
5267,142,99,2,224.67
5268,1023,562,4,198.35
5269,75,517,1,105.79
5270,328,228,1,217.27
5271,981,165,2,51.58
5272,328,367,5,64.54
5273,1953,517,2,105.79
5274,1053,104,2,240.06
5275,1371,100,5,43.17
5276,28,562,5,198.35
5277,977,227,3,202.25
5278,370,547,1,179.19
5279,558,563,3,217.58
5280,1294,172,2,48.51
5281,1036,222,1,30.3
5282,327,451,2,92.33
5283,316,190,1,228.66
5284,535,344,2,147.77
5285,1728,466,4,35.22
5286,641,100,5,43.17
5287,273,61,1,197.45
5288,615,504,5,52.52
5289,239,55,4,104.62
5290,797,152,5,177.46
5291,1901,410,5,238.4
5292,1442,561,3,91.92
5293,271,10,2,159.19
5294,1049,510,4,93.33
5295,76,591,3,165.89
5296,1001,374,2,45.52
5297,153,89,3,174.47
5298,1987,29,2,70.82
5299,143,374,5,45.52
5300,970,513,4,15.33
5301,1702,286,5,112.95
5302,1144,252,2,65.99
5303,1098,215,5,100.17
5304,64,321,2,32.57
5305,592,44,2,54.1
5306,1116,249,4,10.67
5307,886,10,2,159.19
5308,908,230,2,30.93
5309,1775,582,1,201.39
5310,1717,74,1,86.91
5311,1238,97,3,174.68
5312,178,95,3,16.81
5313,1339,233,5,215.96
5314,1998,265,3,94.45
5315,703,539,3,135.83
5316,549,92,5,48.51
5317,3,430,4,210.25
5318,1852,428,4,165.28
5319,1578,70,4,65.36
5320,318,40,5,80.06
5321,756,535,2,124.45
5322,1470,200,4,223.36
5323,1234,264,1,170.77
5324,1237,339,3,9.27
5325,782,381,2,8.67
5326,1380,264,2,170.77
5327,2000,332,5,209.27
5328,1830,380,2,189.1
5329,116,98,2,176.81
5330,513,420,1,45.9
5331,1068,545,2,31.17
5332,1171,501,3,203.03
5333,432,75,3,58.94
5334,1592,164,3,233.68
5335,500,255,2,91.33
5336,1612,449,5,106.91
5337,1264,397,3,169.75
5338,1228,43,1,47.02
5339,974,137,3,23.35
5340,865,50,3,21
5341,1430,432,5,52.86
5342,1628,11,1,224.42
5343,1786,132,5,119.44
5344,298,17,5,80.59
5345,633,386,4,235.37
5346,1314,556,5,155.56
5347,361,46,1,9.21
5348,369,244,5,60.13
5349,956,259,4,63.94
5350,1051,320,1,208
5351,1637,352,3,35.94
5352,1479,121,1,163.68
5353,778,357,5,247.37
5354,1714,452,2,154.1
5355,811,501,1,203.03
5356,1801,260,1,137.01
5357,140,113,1,138.62
5358,775,508,2,174.79
5359,1442,374,4,45.52
5360,1967,528,5,21.45
5361,1196,319,1,189.91
5362,530,517,5,105.79
5363,748,263,4,114.14
5364,1652,335,5,223.36
5365,1973,413,3,92.52
5366,321,560,2,233.09
5367,769,41,5,187.24
5368,1123,244,2,60.13
5369,1422,558,5,154.68
5370,152,210,5,139.75
5371,383,235,3,61
5372,197,388,5,56.49
5373,1974,53,4,88.37
5374,781,114,4,144.78
5375,1201,162,2,67.27
5376,1026,75,2,58.94
5377,806,368,4,236.39
5378,1489,523,3,195.84
5379,225,584,3,169.83
5380,997,440,5,162.74
5381,563,203,5,7.03
5382,834,423,3,80.89
5383,11,174,2,228.53
5384,1205,214,3,118.77
5385,1849,500,5,179.13
5386,1129,115,2,226.48
5387,585,115,1,226.48
5388,53,246,2,108.45
5389,1400,330,5,57.51
5390,1542,499,3,21.14
5391,385,38,3,133.35
5392,6,207,4,130.56
5393,1135,196,3,203.87
5394,1786,396,1,36.78
5395,1869,599,1,117.25
5396,1076,496,2,152.06
5397,1318,100,5,43.17
5398,202,49,4,233.39
5399,65,488,1,213.06
5400,1689,594,2,99.59
5401,865,281,4,224.13
5402,335,53,1,88.37
5403,1659,174,2,228.53
5404,903,578,1,142.5
5405,18,132,2,119.44
5406,1393,339,4,9.27
5407,1208,16,3,95.78
5408,1481,121,1,163.68
5409,1720,457,1,229.67
5410,1344,575,5,76.66
5411,1126,572,4,126.63
5412,1941,73,3,82.6
5413,1732,598,4,180.11
5414,597,360,5,243.58
5415,1703,317,5,136.16
5416,956,421,5,44.47
5417,771,147,5,195.72
5418,1351,347,1,149.45
5419,437,86,3,139.57
5420,239,63,5,111.6
5421,1294,149,4,21.72
5422,38,485,2,42.17
5423,1415,569,4,61.74
5424,52,410,3,238.4
5425,1166,330,5,57.51
5426,1276,13,4,122.66
5427,833,338,2,70.64
5428,1567,92,2,48.51
5429,1201,394,3,33.17
5430,1942,115,2,226.48
5431,381,110,4,158.74
5432,1386,278,3,97.19
5433,975,258,1,139.54
5434,1577,233,2,215.96
5435,934,165,1,51.58
5436,942,227,1,202.25
5437,865,521,3,110.4
5438,648,333,1,132.85
5439,1671,44,2,54.1
5440,698,400,1,54.03
5441,149,309,3,201.42
5442,1767,413,4,92.52
5443,1388,110,2,158.74
5444,112,240,1,87.91
5445,1887,322,2,128.54
5446,333,310,1,180.45
5447,1276,157,1,85.88
5448,590,225,3,89.94
5449,1931,506,4,37.78
5450,775,247,2,206.44
5451,740,539,2,135.83
5452,1056,363,4,231.78
5453,69,402,2,13.66
5454,1596,452,2,154.1
5455,9,55,4,104.62
5456,636,515,2,86.3
5457,1459,176,4,167.74
5458,1753,337,2,248.3
5459,486,352,5,35.94
5460,1291,456,3,132.24
5461,542,316,3,60.15
5462,99,519,3,169.02
5463,1752,458,5,8.24
5464,1301,275,2,142.78
5465,1190,477,1,49.2
5466,1865,456,4,132.24
5467,884,115,3,226.48
5468,1661,223,1,164.17
5469,158,435,5,130.55
5470,528,320,2,208
5471,124,481,2,129.33
5472,678,43,5,47.02
5473,1227,63,5,111.6
5474,924,322,1,128.54
5475,284,74,4,86.91
5476,1379,588,1,219.78
5477,214,366,3,236.73
5478,1293,502,3,135.74
5479,1819,593,2,102.68
5480,1961,100,3,43.17
5481,1083,403,2,142.82
5482,1803,145,4,22.77
5483,1532,262,2,165.33
5484,1873,165,1,51.58
5485,167,432,3,52.86
5486,287,66,1,100.86
5487,332,100,2,43.17
5488,1399,264,5,170.77
5489,712,260,4,137.01
5490,1040,41,5,187.24
5491,1061,527,2,41.86
5492,1011,198,3,199.58
5493,1597,173,5,214.37
5494,1237,142,4,68.4
5495,1326,87,4,101.95
5496,1387,286,1,112.95
5497,720,527,5,41.86
5498,679,369,5,172.68
5499,860,257,1,136.26
5500,1579,404,2,58.5
5501,18,543,4,20.48
5502,1791,151,3,222.77
5503,1222,292,1,247.95
5504,1665,434,4,216.37
5505,359,320,2,208
5506,480,454,3,245.66
5507,328,192,5,177.21
5508,1625,528,2,21.45
5509,1809,308,2,238.69
5510,857,296,5,199.63
5511,547,423,5,80.89
5512,346,259,5,63.94
5513,745,375,4,153.81
5514,95,194,3,12.12
5515,1144,554,2,135.66
5516,841,227,1,202.25
5517,1023,224,1,154.91
5518,676,232,4,160.25
5519,724,292,5,247.95
5520,1149,19,2,104.09
5521,1333,516,2,39.97
5522,549,104,1,240.06
5523,1314,491,4,142.78
5524,1018,503,3,97.02
5525,1570,587,5,157.08
5526,720,396,2,36.78
5527,522,107,5,240.06
5528,455,36,2,40.88
5529,864,479,4,113.19
5530,994,386,3,235.37
5531,168,315,3,54.59
5532,293,7,2,192.11
5533,1535,239,3,125.37
5534,27,240,3,87.91
5535,1658,93,1,63.4
5536,1645,48,2,110.16
5537,1792,228,1,217.27
5538,613,579,5,193.72
5539,1154,484,5,30.33
5540,1184,268,5,230.32
5541,1544,425,1,172.85
5542,854,490,2,136.35
5543,897,394,1,33.17
5544,1275,529,3,120.1
5545,1128,322,1,128.54
5546,1056,100,2,43.17
5547,557,16,3,95.78
5548,185,76,5,70.68
5549,1226,521,5,110.4
5550,1512,95,5,16.81
5551,1846,163,1,13.69
5552,439,374,5,45.52
5553,1834,23,4,235.55
5554,1236,111,3,47.35
5555,803,328,3,71.64
5556,1146,522,5,215.65
5557,1295,172,4,48.51
5558,711,7,2,192.11
5559,967,155,3,188.9
5560,1416,575,4,76.66
5561,190,418,4,239.74
5562,651,527,4,41.86
5563,208,301,4,45.84
5564,1826,424,5,229.51
5565,1098,124,5,115.1
5566,1648,101,3,172
5567,1371,160,4,102.98
5568,90,482,3,128.85
5569,1468,460,3,112.26
5570,157,110,3,158.74
5571,508,43,4,47.02
5572,549,465,5,165.34
5573,216,216,4,40.45
5574,1909,468,3,140.82
5575,513,472,2,115.1
5576,789,310,2,180.45
5577,432,138,4,130.32
5578,1235,93,1,63.4
5579,1486,459,4,150.38
5580,1839,554,5,135.66
5581,387,28,4,115.98
5582,1753,290,2,42.8
5583,1616,551,3,154.7
5584,999,386,4,235.37
5585,542,370,1,94.05
5586,655,246,1,108.45
5587,901,575,2,76.66
5588,851,230,5,30.93
5589,1315,117,4,127.59
5590,1601,552,5,46.56
5591,130,533,4,28.56
5592,1865,76,5,70.68
5593,997,82,1,223.97
5594,340,584,3,169.83
5595,485,379,3,18.29
5596,1292,286,2,112.95
5597,824,125,2,133.92
5598,1408,294,5,194.88
5599,205,524,5,36.66
5600,1461,458,3,8.24
5601,1075,96,4,130.35
5602,1781,572,2,126.63
5603,356,569,3,61.74
5604,227,231,4,132.58
5605,1190,76,2,70.68
5606,650,425,5,172.85
5607,48,511,4,98.99
5608,1188,4,2,70.25
5609,648,204,5,23.72
5610,1438,70,3,65.36
5611,227,536,3,101.05
5612,1335,454,5,245.66
5613,1543,266,2,209.12
5614,1242,501,4,203.03
5615,50,248,4,171.77
5616,760,2,2,198.24
5617,1312,11,1,224.42
5618,1052,100,2,43.17
5619,1596,21,5,197
5620,1342,300,5,239.04
5621,1005,212,5,103.52
5622,1705,241,3,136.02
5623,105,126,3,87.32
5624,222,423,5,80.89
5625,1433,484,2,30.33
5626,1114,252,2,65.99
5627,727,258,1,139.54
5628,1031,361,4,53.09
5629,1109,117,5,127.59
5630,673,366,5,236.73
5631,855,357,3,247.37
5632,1227,557,3,214.74
5633,1145,550,2,32.45
5634,1135,400,5,54.03
5635,143,438,5,50.07
5636,841,72,4,100.67
5637,1739,572,2,126.63
5638,1164,580,1,39.05
5639,242,324,3,180.84
5640,657,251,1,23.96
5641,499,170,4,139
5642,317,340,3,151.05
5643,849,87,2,101.95
5644,251,599,4,117.25
5645,339,449,2,106.91
5646,1800,556,1,155.56
5647,107,107,1,240.06
5648,1312,493,5,64.05
5649,268,187,5,78.09
5650,1242,126,5,87.32
5651,1059,543,4,20.48
5652,1188,393,1,110.24
5653,622,408,1,54.06
5654,9,92,4,48.51
5655,102,332,5,209.27
5656,1750,136,5,134.38
5657,1519,79,4,23.89
5658,707,249,3,10.67
5659,1088,134,1,45.21
5660,643,59,2,8.03
5661,1332,519,3,169.02
5662,52,47,2,43.46
5663,1015,600,4,64.63
5664,1670,438,1,50.07
5665,1204,425,1,172.85
5666,669,206,2,175.52
5667,1396,437,2,194.26
5668,312,161,1,8.72
5669,1622,131,1,42.26
5670,1848,413,1,92.52
5671,393,485,5,42.17
5672,1820,563,1,217.58
5673,1694,467,1,37.25
5674,1713,286,3,112.95
5675,1220,339,1,9.27
5676,452,227,4,202.25
5677,1717,459,1,150.38
5678,1861,220,2,237.59
5679,753,319,1,189.91
5680,1725,519,5,169.02
5681,372,203,4,7.03
5682,72,103,3,202.95
5683,617,83,3,206.15
5684,1193,546,1,120.07
5685,524,596,2,181.75
5686,124,451,3,92.33
5687,1682,274,4,205.83
5688,1487,432,3,52.86
5689,1587,6,2,173.19
5690,70,502,2,135.74
5691,1634,304,3,93.2
5692,223,247,2,206.44
5693,1559,44,4,54.1
5694,741,452,2,154.1
5695,1211,508,3,174.79
5696,365,339,1,9.27
5697,545,181,4,128.17
5698,1695,508,2,174.79
5699,1988,443,3,214.05
5700,1968,244,4,60.13
5701,784,261,2,103.81
5702,606,376,2,153.13
5703,1378,82,4,223.97
5704,1318,415,3,153.21
5705,54,197,2,55.06
5706,567,91,2,47.18
5707,235,294,2,194.88
5708,24,260,2,137.01
5709,1024,390,5,126.99
5710,712,3,1,111.03
5711,1414,63,2,111.6
5712,1991,421,4,44.47
5713,995,566,2,81.49
5714,1919,236,3,41.34
5715,335,575,3,76.66
5716,822,26,1,215.95
5717,1596,200,2,223.36
5718,793,68,4,197.36
5719,1047,272,4,208.78
5720,318,375,5,153.81
5721,490,124,3,115.1
5722,1662,591,2,165.89
5723,1024,559,3,210.93
5724,1018,108,2,166.82
5725,1710,258,5,139.54
5726,846,151,4,222.77
5727,1602,185,4,28.86
5728,1173,74,2,86.91
5729,1697,380,5,189.1
5730,378,48,3,110.16
5731,176,193,1,103.63
5732,1129,241,4,136.02
5733,62,42,4,7.08
5734,1666,161,2,8.72
5735,48,86,2,139.57
5736,1036,476,1,124.63
5737,192,125,1,133.92
5738,1644,277,2,166.1
5739,1931,480,2,188.06
5740,1411,494,3,196.25
5741,1099,333,3,132.85
5742,1249,128,5,104.71
5743,1099,538,2,227.76
5744,1299,50,4,21
5745,1494,327,5,242.1
5746,1911,84,5,78.24
5747,1972,43,4,47.02
5748,827,463,5,242.61
5749,873,546,3,120.07
5750,224,3,3,111.03
5751,619,236,1,41.34
5752,1836,462,5,37.99
5753,1961,69,4,68.48
5754,410,468,5,140.82
5755,655,296,5,199.63
5756,1932,491,1,142.78
5757,1774,345,5,86.95
5758,1187,452,4,154.1
5759,975,59,2,8.03
5760,10,500,2,179.13
5761,543,98,1,176.81
5762,1835,168,3,19.75
5763,1289,115,1,226.48
5764,1339,81,1,178.78
5765,1327,20,1,227.89
5766,328,43,3,47.02
5767,242,444,2,124.61
5768,1826,188,5,133.9
5769,1793,572,4,126.63
5770,779,8,4,61.56
5771,1333,257,1,136.26
5772,1573,547,1,179.19
5773,960,152,3,177.46
5774,1201,498,5,7.05
5775,606,592,5,243.21
5776,1644,238,5,71.19
5777,1357,413,1,92.52
5778,236,387,1,159.29
5779,1975,421,3,44.47
5780,252,98,1,176.81
5781,1339,148,1,189.09
5782,1137,304,5,93.2
5783,206,576,3,151.56
5784,1819,5,5,12.49
5785,615,98,4,176.81
5786,563,434,3,216.37
5787,93,278,1,97.19
5788,991,84,4,78.24
5789,1972,138,5,130.32
5790,894,562,5,198.35
5791,1575,401,3,49.76
5792,257,560,4,233.09
5793,1706,125,3,133.92
5794,1327,116,2,241.41
5795,356,278,2,97.19
5796,145,275,5,142.78
5797,1038,440,1,162.74
5798,528,564,1,42.97
5799,126,169,2,109.98
5800,443,384,1,11.67
5801,665,228,3,217.27
5802,1267,24,2,89.79
5803,131,573,1,140.64
5804,1623,586,1,148.25
5805,353,293,2,167.26
5806,1096,382,5,180.56
5807,406,250,4,66.45
5808,101,454,1,245.66
5809,1734,51,4,45.81
5810,1435,127,4,246.97
5811,1061,175,5,246.25
5812,1653,471,4,34.17
5813,459,339,4,9.27
5814,893,532,1,112.28
5815,1164,94,2,179.65
5816,811,337,4,248.3
5817,156,201,5,115.79
5818,1088,123,3,152.2
5819,524,516,4,39.97
5820,1450,387,1,159.29
5821,727,195,1,227.17
5822,730,33,4,81.44
5823,1941,31,5,165.88
5824,1363,353,4,56.59
5825,495,68,4,197.36
5826,1546,13,5,122.66
5827,1670,424,3,229.51
5828,1371,249,3,10.67
5829,903,238,5,71.19
5830,658,72,1,100.67
5831,989,399,4,197.36
5832,1702,250,4,66.45
5833,434,552,2,46.56
5834,1755,568,5,197.94
5835,918,356,5,113.34
5836,356,172,3,48.51
5837,597,325,4,138.52
5838,1533,354,2,185.7
5839,88,114,1,144.78
5840,227,73,5,82.6
5841,716,465,4,165.34
5842,1727,400,5,54.03
5843,1642,196,1,203.87
5844,1496,112,4,81.23
5845,1819,475,1,132.88
5846,1315,95,5,16.81
5847,614,37,5,138.45
5848,1839,586,2,148.25
5849,996,402,3,13.66
5850,1437,595,3,114.2
5851,91,433,4,39.51
5852,263,349,3,179.18
5853,1914,297,5,65.74
5854,107,496,3,152.06
5855,194,599,1,117.25
5856,651,396,3,36.78
5857,1579,205,2,91.2
5858,351,183,1,164.88
5859,9,71,1,27.17
5860,846,306,2,232.45
5861,1729,551,5,154.7
5862,975,144,4,232.36
5863,1424,117,3,127.59
5864,929,350,5,189.88
5865,1261,308,5,238.69
5866,326,201,4,115.79
5867,552,70,2,65.36
5868,774,4,3,70.25
5869,641,353,4,56.59
5870,1826,259,4,63.94
5871,1249,228,3,217.27
5872,1371,96,4,130.35
5873,1081,472,2,115.1
5874,1470,250,3,66.45
5875,1435,76,5,70.68
5876,361,376,4,153.13
5877,1360,341,5,106.71
5878,1786,600,5,64.63
5879,1788,198,4,199.58
5880,1925,437,1,194.26
5881,419,523,4,195.84
5882,1138,464,4,7.05
5883,114,163,1,13.69
5884,1193,11,3,224.42
5885,1275,96,3,130.35
5886,1269,386,2,235.37
5887,619,377,4,61.88
5888,161,87,3,101.95
5889,364,467,5,37.25
5890,58,437,1,194.26
5891,1714,461,1,113.26
5892,962,379,4,18.29
5893,394,554,1,135.66
5894,455,75,2,58.94
5895,185,269,5,117.58
5896,668,170,5,139
5897,78,526,2,237.96
5898,780,556,1,155.56
5899,1271,99,3,224.67
5900,424,437,1,194.26
5901,1274,582,4,201.39
5902,1754,212,4,103.52
5903,703,568,3,197.94
5904,528,372,3,163.5
5905,1295,6,3,173.19
5906,1003,288,2,31.7
5907,1968,303,2,176.14
5908,760,88,3,10.98
5909,410,541,3,129.94
5910,1722,410,4,238.4
5911,1210,251,2,23.96
5912,520,63,4,111.6
5913,817,464,1,7.05
5914,394,399,1,197.36
5915,1382,505,3,34.36
5916,1424,531,5,64.24
5917,1391,512,2,181.18
5918,1386,83,4,206.15
5919,1049,152,4,177.46
5920,14,274,2,205.83
5921,76,551,1,154.7
5922,584,294,4,194.88
5923,869,584,2,169.83
5924,1503,283,4,180.56
5925,741,435,5,130.55
5926,998,314,5,232.23
5927,862,318,2,177.82
5928,1480,310,5,180.45
5929,1643,578,3,142.5
5930,754,411,1,179.94
5931,645,517,2,105.79
5932,1537,578,3,142.5
5933,776,436,5,72.85
5934,584,56,5,33.1
5935,104,179,4,81.74
5936,1838,21,4,197
5937,1490,41,3,187.24
5938,1606,309,4,201.42
5939,715,456,1,132.24
5940,50,141,2,123.49
5941,403,34,1,31.65
5942,239,25,3,151.96
5943,1001,309,5,201.42
5944,429,3,5,111.03
5945,443,447,4,9.67
5946,1684,110,4,158.74
5947,957,453,2,91.17
5948,1733,266,3,209.12
5949,1205,586,3,148.25
5950,1911,568,3,197.94
5951,1598,26,2,215.95
5952,1166,266,5,209.12
5953,646,527,1,41.86
5954,1722,296,2,199.63
5955,242,195,5,227.17
5956,1642,148,5,189.09
5957,988,476,4,124.63
5958,1419,558,5,154.68
5959,1730,335,3,223.36
5960,639,92,4,48.51
5961,815,309,1,201.42
5962,509,236,4,41.34
5963,931,339,2,9.27
5964,1434,293,5,167.26
5965,959,196,1,203.87
5966,545,338,3,70.64
5967,334,470,5,74.22
5968,870,21,2,197
5969,1841,426,4,182.91
5970,321,79,4,23.89
5971,1901,143,3,213.68
5972,185,203,4,7.03
5973,1164,320,3,208
5974,1457,245,3,172.77
5975,1866,229,2,172.08
5976,992,167,3,85.8
5977,662,544,1,68.5
5978,1071,302,3,248.06
5979,112,331,2,28.04
5980,1859,399,1,197.36
5981,1975,114,3,144.78
5982,1684,199,3,10.35
5983,1847,88,5,10.98
5984,1692,282,1,122.66
5985,446,567,3,200.56
5986,950,410,4,238.4
5987,1384,559,4,210.93
5988,333,554,5,135.66
5989,1070,281,5,224.13
5990,804,437,4,194.26
5991,972,321,1,32.57
5992,1995,465,2,165.34
5993,1536,53,3,88.37
5994,628,188,5,133.9
5995,605,56,4,33.1
5996,49,98,2,176.81
5997,882,184,1,187.08
5998,1035,243,2,122.7
5999,1279,237,2,135.53
6000,348,386,2,235.37
6001,810,301,3,45.84
6002,1746,15,5,112.55
6003,1401,136,5,134.38
6004,1131,131,3,42.26
6005,852,418,1,239.74
6006,1182,522,5,215.65
6007,1206,465,5,165.34
6008,204,113,2,138.62
6009,935,473,2,18.24
6010,157,308,4,238.69
6011,1162,170,5,139
6012,1735,375,3,153.81
6013,1073,97,5,174.68
6014,848,395,2,96.32
6015,1709,9,3,231.99
6016,276,228,4,217.27
6017,892,448,1,69.31
6018,856,167,3,85.8
6019,76,540,4,116.61
6020,1657,113,3,138.62
6021,169,320,3,208
6022,1144,237,1,135.53
6023,400,163,4,13.69
6024,937,259,4,63.94
6025,191,547,3,179.19
6026,532,467,3,37.25
6027,493,558,3,154.68
6028,1410,587,1,157.08
6029,500,114,5,144.78
6030,1791,277,2,166.1
6031,1990,510,1,93.33
6032,112,92,1,48.51
6033,1317,561,5,91.92
6034,1957,263,2,114.14
6035,1319,398,5,18.48
6036,633,534,2,5.88
6037,302,324,3,180.84
6038,681,95,4,16.81
6039,967,427,3,129.4
6040,1393,332,4,209.27
6041,1500,356,3,113.34
6042,1820,547,2,179.19
6043,1585,209,3,115.87
6044,1313,144,3,232.36
6045,836,69,1,68.48
6046,1290,400,4,54.03
6047,1589,598,5,180.11
6048,1435,510,3,93.33
6049,1418,299,2,244.63
6050,1813,67,1,242.6
6051,86,166,5,173.26
6052,210,82,3,223.97
6053,1963,462,4,37.99
6054,1861,383,5,196.36
6055,1869,418,3,239.74
6056,667,436,2,72.85
6057,358,420,5,45.9
6058,477,13,5,122.66
6059,1344,88,3,10.98
6060,1286,14,3,94.95
6061,1981,159,2,222.76
6062,1210,442,4,82.44
6063,1184,442,2,82.44
6064,1379,432,4,52.86
6065,592,409,4,19.08
6066,450,102,3,131.19
6067,484,88,2,10.98
6068,508,558,5,154.68
6069,1301,235,4,61
6070,1051,10,1,159.19
6071,223,418,4,239.74
6072,606,71,4,27.17
6073,702,40,5,80.06
6074,238,591,3,165.89
6075,1126,549,2,163.42
6076,1947,518,4,21
6077,219,421,3,44.47
6078,796,235,1,61
6079,823,66,2,100.86
6080,36,283,3,180.56
6081,1393,447,4,9.67
6082,1802,299,2,244.63
6083,773,372,4,163.5
6084,373,196,1,203.87
6085,285,431,5,93.14
6086,574,546,3,120.07
6087,885,519,5,169.02
6088,1972,535,3,124.45
6089,1561,250,2,66.45
6090,929,350,5,189.88
6091,1230,469,2,46.6
6092,865,524,4,36.66
6093,1178,574,2,236.61
6094,191,452,2,154.1
6095,1892,23,3,235.55
6096,1939,281,4,224.13
6097,1076,287,3,210.74
6098,298,487,5,186.5
6099,2,389,5,5.36
6100,470,343,4,233.56
6101,526,71,2,27.17
6102,1126,300,1,239.04
6103,1524,557,2,214.74
6104,1652,596,2,181.75
6105,968,432,2,52.86
6106,342,259,4,63.94
6107,181,401,5,49.76
6108,1680,44,3,54.1
6109,69,157,2,85.88
6110,134,162,1,67.27
6111,134,339,2,9.27
6112,262,483,4,154.7
6113,468,36,4,40.88
6114,1394,62,4,115.47
6115,227,505,3,34.36
6116,786,257,3,136.26
6117,1336,350,1,189.88
6118,1214,100,2,43.17
6119,1532,170,3,139
6120,184,477,1,49.2
6121,94,539,5,135.83
6122,1831,471,2,34.17
6123,1849,574,1,236.61
6124,543,501,5,203.03
6125,1710,318,4,177.82
6126,543,164,5,233.68
6127,1592,184,2,187.08
6128,536,266,1,209.12
6129,1291,430,2,210.25
6130,542,566,3,81.49
6131,1954,51,3,45.81
6132,1947,16,5,95.78
6133,547,469,4,46.6
6134,1727,335,5,223.36
6135,1177,591,1,165.89
6136,1887,434,5,216.37
6137,1217,81,4,178.78
6138,1629,171,2,179.82
6139,274,324,5,180.84
6140,1003,213,4,231.67
6141,1222,72,4,100.67
6142,303,22,2,109.39
6143,259,334,5,88.55
6144,391,320,3,208
6145,1427,393,3,110.24
6146,915,297,3,65.74
6147,1565,170,1,139
6148,1642,511,5,98.99
6149,1890,417,5,105.27
6150,1151,191,4,37.97
6151,1626,332,4,209.27
6152,1643,81,3,178.78
6153,865,335,4,223.36
6154,409,474,5,38.64
6155,1670,280,3,88.67
6156,293,277,3,166.1
6157,1155,252,3,65.99
6158,173,535,3,124.45
6159,1206,53,3,88.37
6160,527,92,5,48.51
6161,986,585,3,90.17
6162,1028,362,3,232.13
6163,1056,510,3,93.33
6164,517,72,2,100.67
6165,766,97,5,174.68
6166,806,255,3,91.33
6167,1006,108,1,166.82
6168,1458,477,4,49.2
6169,185,584,3,169.83
6170,1306,152,4,177.46
6171,263,203,4,7.03
6172,1794,519,4,169.02
6173,218,436,2,72.85
6174,889,298,4,99.81
6175,112,55,5,104.62
6176,1873,571,4,65.96
6177,1261,49,5,233.39
6178,1227,379,4,18.29
6179,602,485,4,42.17
6180,668,100,3,43.17
6181,1368,325,3,138.52
6182,1354,11,5,224.42
6183,1183,486,4,102.52
6184,747,138,5,130.32
6185,1871,535,2,124.45
6186,275,44,5,54.1
6187,814,163,4,13.69
6188,1406,531,5,64.24
6189,1887,335,5,223.36
6190,25,190,3,228.66
6191,399,298,3,99.81
6192,447,331,3,28.04
6193,1235,238,5,71.19
6194,1149,312,5,197.62
6195,544,97,2,174.68
6196,1511,440,2,162.74
6197,1611,369,5,172.68
6198,439,332,2,209.27
6199,456,101,4,172
6200,1078,575,5,76.66
6201,396,315,3,54.59
6202,842,17,5,80.59
6203,1116,272,4,208.78
6204,432,312,2,197.62
6205,1997,74,4,86.91
6206,1780,354,3,185.7
6207,616,375,2,153.81
6208,1368,10,3,159.19
6209,1646,176,2,167.74
6210,1375,227,1,202.25
6211,1728,202,1,182.83
6212,1699,381,1,8.67
6213,1926,143,5,213.68
6214,1846,521,1,110.4
6215,1224,570,1,176.81
6216,1797,565,1,122.01
6217,1567,515,4,86.3
6218,1798,23,3,235.55
6219,1359,560,2,233.09
6220,600,471,2,34.17
6221,554,21,5,197
6222,409,366,2,236.73
6223,763,369,5,172.68
6224,1389,421,3,44.47
6225,476,93,4,63.4
6226,694,434,1,216.37
6227,1271,239,1,125.37
6228,1700,150,2,232.51
6229,1165,75,4,58.94
6230,1629,580,4,39.05
6231,580,443,2,214.05
6232,804,171,2,179.82
6233,1712,67,1,242.6
6234,1310,219,4,111.21
6235,1407,264,1,170.77
6236,220,340,4,151.05
6237,58,181,5,128.17
6238,560,68,2,197.36
6239,757,334,5,88.55
6240,52,404,1,58.5
6241,1400,336,1,147.91
6242,766,49,2,233.39
6243,997,261,3,103.81
6244,1698,522,5,215.65
6245,381,305,5,196.24
6246,931,557,1,214.74
6247,974,103,5,202.95
6248,439,546,3,120.07
6249,195,553,2,141
6250,275,329,3,142.08
6251,1109,482,3,128.85
6252,449,249,5,10.67
6253,1638,407,2,240.64
6254,515,528,4,21.45
6255,1214,414,2,26.9
6256,783,583,2,201.79
6257,406,32,5,177.14
6258,163,326,3,169.54
6259,157,343,4,233.56
6260,1242,217,3,95.1
6261,1497,262,2,165.33
6262,1447,308,2,238.69
6263,616,12,4,79.33
6264,453,438,2,50.07
6265,974,35,1,205.17
6266,304,234,3,18.83
6267,1557,145,5,22.77
6268,1113,520,1,18.28
6269,1688,490,1,136.35
6270,1934,330,1,57.51
6271,1601,416,2,221.94
6272,585,573,3,140.64
6273,400,95,5,16.81
6274,1246,525,2,33.72
6275,412,211,4,185.35
6276,377,542,1,121.96
6277,1646,464,1,7.05
6278,1503,114,3,144.78
6279,409,337,3,248.3
6280,121,414,5,26.9
6281,1653,102,1,131.19
6282,1718,25,2,151.96
6283,112,66,1,100.86
6284,405,376,1,153.13
6285,26,11,4,224.42
6286,1578,228,1,217.27
6287,734,215,1,100.17
6288,275,125,1,133.92
6289,76,529,3,120.1
6290,414,438,5,50.07
6291,326,527,2,41.86
6292,232,78,5,119.86
6293,1345,324,2,180.84
6294,947,434,2,216.37
6295,9,26,2,215.95
6296,1706,320,5,208
6297,1737,187,4,78.09
6298,551,243,5,122.7
6299,27,163,4,13.69
6300,620,197,4,55.06
6301,579,203,1,7.03
6302,681,33,2,81.44
6303,662,126,4,87.32
6304,724,72,4,100.67
6305,76,585,3,90.17
6306,543,3,4,111.03
6307,201,471,3,34.17
6308,1481,243,5,122.7
6309,797,280,4,88.67
6310,872,520,2,18.28
6311,60,155,2,188.9
6312,1590,246,1,108.45
6313,426,280,5,88.67
6314,1162,503,1,97.02
6315,871,511,4,98.99
6316,1091,208,1,137.8
6317,58,166,3,173.26
6318,1761,45,2,125.63
6319,835,65,1,14.71
6320,104,343,2,233.56
6321,108,264,1,170.77
6322,1721,252,2,65.99
6323,1505,372,3,163.5
6324,1583,124,1,115.1
6325,1560,527,2,41.86
6326,1703,558,5,154.68
6327,914,313,2,107.23
6328,1063,7,1,192.11
6329,1511,161,5,8.72
6330,1342,10,1,159.19
6331,1713,51,4,45.81
6332,626,473,3,18.24
6333,3,496,3,152.06
6334,1820,341,5,106.71
6335,552,321,3,32.57
6336,1368,574,3,236.61
6337,1891,406,2,209.08
6338,709,345,1,86.95
6339,1001,309,5,201.42
6340,1723,553,4,141
6341,347,355,5,88.22
6342,891,366,3,236.73
6343,788,581,3,122.34
6344,1523,102,3,131.19
6345,620,6,2,173.19
6346,1942,69,4,68.48
6347,1989,154,5,59.41
6348,248,95,2,16.81
6349,1248,510,2,93.33
6350,974,60,3,33.2
6351,95,549,1,163.42
6352,1522,575,4,76.66
6353,1695,523,4,195.84
6354,1601,410,4,238.4
6355,878,415,1,153.21
6356,452,498,3,7.05
6357,1950,396,2,36.78
6358,690,267,4,77.35
6359,244,39,1,19.4
6360,1030,247,5,206.44
6361,1410,218,3,68.19
6362,671,273,4,196.82
6363,189,356,5,113.34
6364,1359,453,4,91.17
6365,1000,262,3,165.33
6366,1525,314,4,232.23
6367,1128,294,4,194.88
6368,1147,244,3,60.13
6369,717,335,2,223.36
6370,1073,489,5,49.03
6371,1513,193,5,103.63
6372,718,164,1,233.68
6373,1174,316,2,60.15
6374,1626,275,2,142.78
6375,539,302,4,248.06
6376,883,58,2,117.15
6377,1940,98,3,176.81
6378,631,505,2,34.36
6379,728,564,2,42.97
6380,1437,281,3,224.13
6381,1307,67,1,242.6
6382,1385,544,1,68.5
6383,666,567,4,200.56
6384,1612,142,1,68.4
6385,1463,535,5,124.45
6386,687,100,1,43.17
6387,622,492,2,174.3
6388,1637,467,5,37.25
6389,1008,594,2,99.59
6390,1520,5,2,12.49
6391,1626,48,3,110.16
6392,1528,195,5,227.17
6393,486,71,2,27.17
6394,1882,473,5,18.24
6395,38,76,1,70.68
6396,259,47,4,43.46
6397,917,87,3,101.95
6398,1295,28,5,115.98
6399,9,254,3,171.51
6400,975,470,4,74.22
6401,17,562,1,198.35
6402,1926,213,2,231.67
6403,126,311,4,100.87
6404,1688,562,3,198.35
6405,688,346,2,227.91
6406,8,5,5,12.49
6407,356,116,1,241.41
6408,1509,486,1,102.52
6409,1902,542,3,121.96
6410,364,461,3,113.26
6411,687,496,5,152.06
6412,556,362,4,232.13
6413,582,590,2,208.71
6414,1316,312,2,197.62
6415,748,522,4,215.65
6416,1154,320,4,208
6417,154,99,2,224.67
6418,1189,126,3,87.32
6419,1265,319,3,189.91
6420,905,554,5,135.66
6421,1710,211,1,185.35
6422,674,541,3,129.94
6423,758,91,1,47.18
6424,800,120,1,196.86
6425,1229,581,1,122.34
6426,109,474,1,38.64
6427,1694,86,2,139.57
6428,1384,87,3,101.95
6429,203,52,4,152.05
6430,1671,494,1,196.25
6431,549,59,2,8.03
6432,123,232,4,160.25
6433,1558,357,5,247.37
6434,647,443,3,214.05
6435,1355,234,3,18.83
6436,1647,83,5,206.15
6437,1454,471,1,34.17
6438,194,310,1,180.45
6439,463,326,2,169.54
6440,1987,274,2,205.83
6441,954,435,2,130.55
6442,739,49,5,233.39
6443,1741,344,2,147.77
6444,1530,467,5,37.25
6445,531,172,5,48.51
6446,994,471,5,34.17
6447,1386,236,2,41.34
6448,645,258,2,139.54
6449,1283,480,5,188.06
6450,16,560,1,233.09
6451,560,185,3,28.86
6452,1701,70,3,65.36
6453,196,34,2,31.65
6454,519,365,5,61.37
6455,1652,352,4,35.94
6456,744,317,3,136.16
6457,273,499,1,21.14
6458,1975,383,3,196.36
6459,1862,179,1,81.74
6460,1480,190,5,228.66
6461,380,367,2,64.54
6462,1621,15,4,112.55
6463,1094,593,3,102.68
6464,485,490,4,136.35
6465,1577,350,4,189.88
6466,411,509,1,37.72
6467,244,501,5,203.03
6468,917,183,3,164.88
6469,1048,149,1,21.72
6470,1236,542,4,121.96
6471,339,540,4,116.61
6472,1792,259,1,63.94
6473,1928,82,1,223.97
6474,500,26,5,215.95
6475,1685,22,5,109.39
6476,696,238,4,71.19
6477,617,578,3,142.5
6478,1032,109,1,240.15
6479,1283,170,2,139
6480,1129,169,3,109.98
6481,1505,470,4,74.22
6482,863,228,1,217.27
6483,634,572,3,126.63
6484,536,199,1,10.35
6485,592,131,4,42.26
6486,713,343,1,233.56
6487,1507,206,3,175.52
6488,996,494,2,196.25
6489,173,359,3,243.4
6490,514,239,3,125.37
6491,1951,303,3,176.14
6492,1317,434,5,216.37
6493,1429,73,2,82.6
6494,1238,191,5,37.97
6495,843,93,2,63.4
6496,1245,524,3,36.66
6497,677,568,5,197.94
6498,99,473,2,18.24
6499,590,207,3,130.56
6500,251,368,3,236.39
6501,1582,14,4,94.95
6502,954,502,5,135.74
6503,317,367,4,64.54
6504,853,574,3,236.61
6505,744,256,1,104.26
6506,1194,97,5,174.68
6507,1062,166,2,173.26
6508,678,546,4,120.07
6509,355,186,2,78.62
6510,1180,276,2,229.5
6511,809,66,2,100.86
6512,558,52,4,152.05
6513,902,106,5,45.36
6514,629,320,4,208
6515,1915,571,2,65.96
6516,1235,230,1,30.93
6517,1025,33,5,81.44
6518,1329,125,4,133.92
6519,15,219,4,111.21
6520,1208,355,3,88.22
6521,1946,12,1,79.33
6522,1021,16,5,95.78
6523,1159,462,3,37.99
6524,1302,446,4,106.81
6525,409,207,3,130.56
6526,1388,442,2,82.44
6527,661,590,4,208.71
6528,956,134,2,45.21
6529,300,521,1,110.4
6530,29,30,1,76.12
6531,1050,481,3,129.33
6532,650,245,5,172.77
6533,1227,258,1,139.54
6534,1245,6,5,173.19
6535,685,246,4,108.45
6536,461,218,1,68.19
6537,314,162,5,67.27
6538,1808,391,4,112.06
6539,1119,425,3,172.85
6540,1498,591,3,165.89
6541,234,109,2,240.15
6542,867,11,4,224.42
6543,584,271,5,29.3
6544,1157,590,1,208.71
6545,661,556,1,155.56
6546,1383,129,5,212.34
6547,567,248,3,171.77
6548,1510,41,3,187.24
6549,675,39,5,19.4
6550,233,7,2,192.11
6551,766,169,2,109.98
6552,1466,2,3,198.24
6553,1291,595,4,114.2
6554,1059,431,3,93.14
6555,1741,478,3,243.97
6556,654,10,2,159.19
6557,798,201,5,115.79
6558,1490,459,4,150.38
6559,1907,324,3,180.84
6560,408,371,5,207.69
6561,1011,548,2,157.52
6562,1531,319,2,189.91
6563,1153,599,5,117.25
6564,1593,597,4,25.44
6565,826,537,2,227.69
6566,1573,101,1,172
6567,506,108,2,166.82
6568,656,156,4,139.02
6569,1560,511,3,98.99
6570,29,155,1,188.9
6571,1872,79,2,23.89
6572,468,571,1,65.96
6573,1636,147,2,195.72
6574,250,284,1,165.87
6575,695,117,3,127.59
6576,436,377,5,61.88
6577,426,208,3,137.8
6578,438,317,4,136.16
6579,759,589,3,160.43
6580,653,513,2,15.33
6581,418,122,5,248.73
6582,1485,71,4,27.17
6583,712,321,1,32.57
6584,378,523,4,195.84
6585,687,274,5,205.83
6586,100,279,2,200.56
6587,762,78,2,119.86
6588,1472,283,4,180.56
6589,1261,398,4,18.48
6590,928,546,5,120.07
6591,1794,558,2,154.68
6592,1829,217,1,95.1
6593,1924,120,5,196.86
6594,1023,458,5,8.24
6595,1047,407,2,240.64
6596,1074,203,1,7.03
6597,1094,110,3,158.74
6598,629,360,1,243.58
6599,278,81,1,178.78
6600,884,497,4,227.24
6601,103,180,5,214.69
6602,1071,198,2,199.58
6603,1628,349,5,179.18
6604,477,551,4,154.7
6605,60,18,3,46.31
6606,316,179,3,81.74
6607,1072,257,3,136.26
6608,1963,466,3,35.22
6609,143,406,4,209.08
6610,417,161,4,8.72
6611,1612,289,1,117.41
6612,1376,525,5,33.72
6613,760,240,2,87.91
6614,288,414,4,26.9
6615,1495,343,4,233.56
6616,1282,276,4,229.5
6617,387,231,3,132.58
6618,741,491,4,142.78
6619,1400,50,2,21
6620,864,230,2,30.93
6621,793,393,2,110.24
6622,1709,70,3,65.36
6623,1758,561,4,91.92
6624,53,68,3,197.36
6625,1969,351,5,23.35
6626,1861,394,3,33.17
6627,499,58,5,117.15
6628,1056,26,3,215.95
6629,1516,368,5,236.39
6630,868,425,5,172.85
6631,934,352,2,35.94
6632,910,250,3,66.45
6633,1246,574,1,236.61
6634,203,504,4,52.52
6635,1704,411,4,179.94
6636,1327,401,1,49.76
6637,786,64,2,179.34
6638,1026,59,5,8.03
6639,1275,113,4,138.62
6640,1472,340,2,151.05
6641,288,343,2,233.56
6642,1046,479,3,113.19
6643,559,478,1,243.97
6644,1975,230,1,30.93
6645,1191,371,1,207.69
6646,1816,299,2,244.63
6647,1119,36,3,40.88
6648,369,600,5,64.63
6649,865,548,4,157.52
6650,941,256,4,104.26
6651,918,346,2,227.91
6652,1988,596,1,181.75
6653,1636,354,2,185.7
6654,270,579,1,193.72
6655,211,5,2,12.49
6656,1474,343,3,233.56
6657,321,304,4,93.2
6658,553,300,2,239.04
6659,523,115,5,226.48
6660,287,501,4,203.03
6661,684,557,3,214.74
6662,404,320,1,208
6663,828,472,1,115.1
6664,971,97,5,174.68
6665,307,69,4,68.48
6666,1069,98,1,176.81
6667,1579,430,5,210.25
6668,1336,237,5,135.53
6669,1061,185,5,28.86
6670,942,481,2,129.33
6671,800,112,3,81.23
6672,1899,122,1,248.73
6673,1200,418,1,239.74
6674,892,357,2,247.37
6675,1260,451,5,92.33
6676,106,258,4,139.54
6677,92,480,3,188.06
6678,1301,419,2,79.09
6679,1912,354,5,185.7
6680,1549,328,2,71.64
6681,1108,306,4,232.45
6682,1097,431,2,93.14
6683,327,2,5,198.24
6684,119,37,5,138.45
6685,1565,194,5,12.12
6686,550,152,3,177.46
6687,106,574,1,236.61
6688,173,285,5,95.54
6689,700,576,1,151.56
6690,1008,205,1,91.2
6691,549,53,3,88.37
6692,1345,527,1,41.86
6693,380,452,3,154.1
6694,160,228,2,217.27
6695,1470,531,2,64.24
6696,310,208,1,137.8
6697,501,506,2,37.78
6698,1501,383,1,196.36
6699,303,500,1,179.13
6700,1197,145,3,22.77
6701,190,447,1,9.67
6702,800,492,4,174.3
6703,1063,100,4,43.17
6704,504,512,1,181.18
6705,1613,367,1,64.54
6706,276,437,4,194.26
6707,1810,173,5,214.37
6708,1944,129,2,212.34
6709,826,409,4,19.08
6710,734,402,4,13.66
6711,62,184,4,187.08
6712,924,133,1,22.09
6713,762,221,5,20.79
6714,1363,592,4,243.21
6715,98,483,2,154.7
6716,1079,140,2,154.37
6717,881,34,1,31.65
6718,483,162,1,67.27
6719,507,590,1,208.71
6720,622,597,2,25.44
6721,1945,245,1,172.77
6722,595,367,4,64.54
6723,766,164,1,233.68
6724,739,327,4,242.1
6725,168,194,1,12.12
6726,957,597,4,25.44
6727,700,557,2,214.74
6728,294,454,1,245.66
6729,1751,248,1,171.77
6730,85,133,5,22.09
6731,946,138,2,130.32
6732,1257,21,5,197
6733,18,157,4,85.88
6734,152,263,5,114.14
6735,155,112,3,81.23
6736,1782,573,3,140.64
6737,1751,430,1,210.25
6738,941,600,4,64.63
6739,723,171,1,179.82
6740,1390,427,3,129.4
6741,404,101,5,172
6742,526,572,4,126.63
6743,300,34,2,31.65
6744,864,5,4,12.49
6745,1932,355,5,88.22
6746,523,237,4,135.53
6747,1423,218,1,68.19
6748,669,590,4,208.71
6749,1919,533,5,28.56
6750,297,180,2,214.69
6751,1193,548,4,157.52
6752,50,403,1,142.82
6753,1989,375,4,153.81
6754,1549,429,2,221.89
6755,844,525,3,33.72
6756,1108,320,2,208
6757,123,160,2,102.98
6758,1526,358,3,178.19
6759,988,84,1,78.24
6760,1761,11,2,224.42
6761,1181,287,3,210.74
6762,219,365,1,61.37
6763,205,416,1,221.94
6764,591,306,3,232.45
6765,26,180,1,214.69
6766,1607,244,1,60.13
6767,1121,35,2,205.17
6768,1905,506,2,37.78
6769,1809,505,4,34.36
6770,1089,94,5,179.65
6771,1253,10,5,159.19
6772,1725,228,5,217.27
6773,1551,125,1,133.92
6774,1866,19,3,104.09
6775,215,318,5,177.82
6776,1774,342,5,145.58
6777,772,339,2,9.27
6778,1018,70,3,65.36
6779,651,600,4,64.63
6780,898,454,2,245.66
6781,300,547,2,179.19
6782,1837,123,3,152.2
6783,835,441,1,145.91
6784,581,202,4,182.83
6785,1598,513,1,15.33
6786,1945,192,4,177.21
6787,1323,254,5,171.51
6788,1341,138,2,130.32
6789,779,319,2,189.91
6790,1790,83,1,206.15
6791,1505,239,3,125.37
6792,1793,236,1,41.34
6793,1136,234,4,18.83
6794,1189,6,4,173.19
6795,1446,261,3,103.81
6796,85,15,2,112.55
6797,1658,469,1,46.6
6798,298,393,3,110.24
6799,222,380,4,189.1
6800,840,151,4,222.77
6801,1800,108,5,166.82
6802,1159,69,3,68.48
6803,1727,98,3,176.81
6804,1576,148,1,189.09
6805,1565,142,2,68.4
6806,1133,466,1,35.22
6807,100,190,5,228.66
6808,1179,570,5,176.81
6809,629,289,4,117.41
6810,52,445,1,223.15
6811,1626,481,3,129.33
6812,469,418,3,239.74
6813,1677,12,2,79.33
6814,1332,24,2,89.79
6815,233,423,3,80.89
6816,1623,493,3,64.05
6817,1446,266,2,209.12
6818,1127,52,5,152.05
6819,824,582,3,201.39
6820,752,64,5,179.34
6821,1228,232,4,160.25
6822,1907,468,5,140.82
6823,989,22,5,109.39
6824,1082,564,2,42.97
6825,1069,210,3,139.75
6826,72,32,2,177.14
6827,1528,197,3,55.06
6828,1256,454,5,245.66
6829,1892,259,5,63.94
6830,109,522,3,215.65
6831,905,431,4,93.14
6832,1963,306,5,232.45
6833,1066,335,5,223.36
6834,860,556,5,155.56
6835,1397,143,2,213.68
6836,815,61,4,197.45
6837,1939,251,1,23.96
6838,590,451,5,92.33
6839,1786,562,3,198.35
6840,52,398,5,18.48
6841,453,151,4,222.77
6842,920,541,4,129.94
6843,404,351,5,23.35
6844,811,226,5,248.81
6845,1464,147,1,195.72
6846,510,489,3,49.03
6847,598,210,5,139.75
6848,600,407,5,240.64
6849,1959,461,4,113.26
6850,437,438,4,50.07
6851,824,152,4,177.46
6852,162,467,5,37.25
6853,670,555,5,225.06
6854,1796,73,3,82.6
6855,731,448,5,69.31
6856,1738,147,5,195.72
6857,1505,413,3,92.52
6858,1556,174,2,228.53
6859,606,210,3,139.75
6860,1085,226,3,248.81
6861,857,220,2,237.59
6862,145,105,3,213.49
6863,350,132,4,119.44
6864,714,586,5,148.25
6865,1635,89,1,174.47
6866,1815,466,5,35.22
6867,786,518,2,21
6868,1264,253,1,24.19
6869,1047,172,1,48.51
6870,1157,511,2,98.99
6871,1131,7,2,192.11
6872,202,8,5,61.56
6873,581,325,2,138.52
6874,1299,294,1,194.88
6875,1794,541,1,129.94
6876,1963,279,2,200.56
6877,987,119,1,180.9
6878,634,38,3,133.35
6879,1505,227,4,202.25
6880,1239,153,5,167.42
6881,526,459,1,150.38
6882,1659,53,1,88.37
6883,1400,314,4,232.23
6884,1971,567,2,200.56
6885,1919,386,4,235.37
6886,701,9,2,231.99
6887,361,128,3,104.71
6888,132,162,2,67.27
6889,1072,444,1,124.61
6890,644,485,5,42.17
6891,1688,133,3,22.09
6892,79,530,5,136.98
6893,1203,305,2,196.24
6894,762,159,2,222.76
6895,1365,425,2,172.85
6896,925,198,1,199.58
6897,1280,394,4,33.17
6898,902,539,3,135.83
6899,251,140,4,154.37
6900,1070,73,4,82.6
6901,152,295,5,148.41
6902,1502,444,3,124.61
6903,526,7,3,192.11
6904,279,224,2,154.91
6905,1994,290,2,42.8
6906,1366,447,2,9.67
6907,797,128,2,104.71
6908,55,209,3,115.87
6909,1625,71,4,27.17
6910,1405,200,4,223.36
6911,705,29,1,70.82
6912,432,549,1,163.42
6913,1889,147,1,195.72
6914,1358,247,5,206.44
6915,371,115,3,226.48
6916,699,393,2,110.24
6917,617,439,4,171.1
6918,1297,567,2,200.56
6919,1216,270,2,233.71
6920,713,521,4,110.4
6921,759,254,4,171.51
6922,647,51,2,45.81
6923,1721,344,5,147.77
6924,1961,347,1,149.45
6925,765,583,5,201.79
6926,1949,82,2,223.97
6927,573,213,1,231.67
6928,1947,458,1,8.24
6929,374,31,4,165.88
6930,625,37,4,138.45
6931,1701,369,5,172.68
6932,28,434,4,216.37
6933,1814,179,3,81.74
6934,843,186,4,78.62
6935,199,479,4,113.19
6936,1791,541,2,129.94
6937,1495,119,5,180.9
6938,1159,319,2,189.91
6939,878,392,4,235.07
6940,1651,538,5,227.76
6941,1299,524,5,36.66
6942,655,250,5,66.45
6943,350,220,1,237.59
6944,200,208,3,137.8
6945,1693,219,5,111.21
6946,267,531,2,64.24
6947,440,390,3,126.99
6948,1820,443,4,214.05
6949,872,439,5,171.1
6950,1443,230,3,30.93
6951,1113,450,1,16.91
6952,1414,435,4,130.55
6953,1415,184,1,187.08
6954,1243,102,5,131.19
6955,13,563,1,217.58
6956,1638,510,3,93.33
6957,893,78,1,119.86
6958,115,237,1,135.53
6959,214,531,1,64.24
6960,750,40,2,80.06
6961,106,440,5,162.74
6962,1480,212,1,103.52
6963,935,526,3,237.96
6964,832,382,5,180.56
6965,1997,403,2,142.82
6966,1171,558,1,154.68
6967,1471,39,3,19.4
6968,1694,180,1,214.69
6969,1870,585,4,90.17
6970,1514,176,1,167.74
6971,1791,128,4,104.71
6972,1770,396,3,36.78
6973,1371,450,2,16.91
6974,1870,337,2,248.3
6975,599,596,5,181.75
6976,848,452,5,154.1
6977,1168,422,3,92.21
6978,1250,189,3,145.41
6979,1331,144,5,232.36
6980,1371,343,2,233.56
6981,1608,91,1,47.18
6982,364,112,2,81.23
6983,1678,339,4,9.27
6984,1460,458,1,8.24
6985,546,482,2,128.85
6986,1230,479,4,113.19
6987,1029,550,3,32.45
6988,231,446,4,106.81
6989,82,510,5,93.33
6990,479,539,4,135.83
6991,1192,585,3,90.17
6992,1351,204,4,23.72
6993,1899,155,4,188.9
6994,834,579,2,193.72
6995,1405,377,5,61.88
6996,932,469,5,46.6
6997,1225,257,1,136.26
6998,1248,175,2,246.25
6999,1009,217,4,95.1
7000,1721,484,5,30.33
7001,817,213,5,231.67
7002,516,191,2,37.97
7003,1179,31,4,165.88
7004,1912,444,5,124.61
7005,16,146,3,153.53
7006,810,180,4,214.69
7007,1015,573,5,140.64
7008,1353,267,1,77.35
7009,144,211,1,185.35
7010,1049,590,4,208.71
7011,256,593,5,102.68
7012,1263,258,4,139.54
7013,438,549,4,163.42
7014,630,592,5,243.21
7015,552,178,5,26.02
7016,1326,193,5,103.63
7017,1950,132,4,119.44
7018,350,64,3,179.34
7019,111,118,3,190.86
7020,962,455,5,183.96
7021,737,60,1,33.2
7022,1479,559,5,210.93
7023,944,158,5,16.32
7024,1627,75,3,58.94
7025,1638,403,5,142.82
7026,3,565,3,122.01
7027,290,380,5,189.1
7028,89,448,5,69.31
7029,1952,555,3,225.06
7030,1947,537,1,227.69
7031,1618,498,2,7.05
7032,812,294,5,194.88
7033,643,476,1,124.63
7034,207,53,3,88.37
7035,83,69,3,68.48
7036,1431,454,5,245.66
7037,1607,319,2,189.91
7038,711,24,1,89.79
7039,398,89,2,174.47
7040,324,231,1,132.58
7041,654,287,3,210.74
7042,556,371,3,207.69
7043,152,566,2,81.49
7044,1249,226,3,248.81
7045,1253,22,2,109.39
7046,1583,126,1,87.32
7047,842,368,2,236.39
7048,1968,535,4,124.45
7049,1290,87,4,101.95
7050,163,5,3,12.49
7051,947,91,4,47.18
7052,1600,594,2,99.59
7053,1634,357,3,247.37
7054,489,339,3,9.27
7055,927,104,2,240.06
7056,1356,102,5,131.19
7057,1067,186,1,78.62
7058,559,498,1,7.05
7059,751,546,2,120.07
7060,1421,514,1,200.33
7061,1653,550,4,32.45
7062,618,444,2,124.61
7063,506,194,4,12.12
7064,1205,461,1,113.26
7065,1383,301,2,45.84
7066,888,498,5,7.05
7067,1490,187,4,78.09
7068,1665,565,4,122.01
7069,171,328,1,71.64
7070,655,347,5,149.45
7071,709,167,5,85.8
7072,1863,276,1,229.5
7073,1033,49,5,233.39
7074,794,293,2,167.26
7075,722,93,5,63.4
7076,342,339,4,9.27
7077,90,293,4,167.26
7078,352,473,3,18.24
7079,296,133,5,22.09
7080,1545,410,3,238.4
7081,359,97,4,174.68
7082,1839,594,1,99.59
7083,291,583,2,201.79
7084,661,539,3,135.83
7085,1276,556,5,155.56
7086,1140,493,5,64.05
7087,487,314,2,232.23
7088,1559,73,2,82.6
7089,142,102,4,131.19
7090,985,572,1,126.63
7091,1017,220,4,237.59
7092,225,14,3,94.95
7093,669,52,2,152.05
7094,1522,556,3,155.56
7095,1311,63,5,111.6
7096,263,490,3,136.35
7097,1222,269,3,117.58
7098,1110,358,1,178.19
7099,1403,42,2,7.08
7100,937,393,1,110.24
7101,1474,339,3,9.27
7102,1224,200,3,223.36
7103,1931,57,5,143.66
7104,181,225,3,89.94
7105,1526,133,2,22.09
7106,268,37,1,138.45
7107,315,564,2,42.97
7108,1117,422,2,92.21
7109,930,400,1,54.03
7110,1069,548,2,157.52
7111,1012,516,5,39.97
7112,614,565,2,122.01
7113,678,380,3,189.1
7114,434,143,3,213.68
7115,1960,469,1,46.6
7116,1757,526,4,237.96
7117,180,458,1,8.24
7118,340,589,3,160.43
7119,231,130,5,228.6
7120,1569,243,5,122.7
7121,1142,304,3,93.2
7122,73,204,3,23.72
7123,1546,561,4,91.92
7124,1856,432,5,52.86
7125,989,81,5,178.78
7126,326,399,1,197.36
7127,1041,505,5,34.36
7128,1040,186,3,78.62
7129,325,68,2,197.36
7130,996,253,4,24.19
7131,1053,525,2,33.72
7132,1706,562,4,198.35
7133,1079,70,3,65.36
7134,565,280,1,88.67
7135,530,560,3,233.09
7136,756,277,3,166.1
7137,1774,68,5,197.36
7138,418,448,1,69.31
7139,1097,116,2,241.41
7140,477,21,1,197
7141,1543,256,5,104.26
7142,543,273,4,196.82
7143,1458,322,2,128.54
7144,1771,111,2,47.35
7145,1588,272,3,208.78
7146,154,592,2,243.21
7147,1603,259,2,63.94
7148,4,156,1,139.02
7149,482,403,3,142.82
7150,1319,134,4,45.21
7151,93,256,1,104.26
7152,1601,151,3,222.77
7153,810,424,5,229.51
7154,1553,112,4,81.23
7155,17,78,5,119.86
7156,484,221,4,20.79
7157,600,577,5,129.64
7158,1323,241,5,136.02
7159,1142,280,1,88.67
7160,294,457,1,229.67
7161,1446,186,4,78.62
7162,1378,359,4,243.4
7163,1149,520,3,18.28
7164,1870,121,3,163.68
7165,296,39,3,19.4
7166,955,263,2,114.14
7167,696,445,2,223.15
7168,634,72,1,100.67
7169,968,124,2,115.1
7170,1892,525,4,33.72
7171,475,98,3,176.81
7172,562,9,4,231.99
7173,487,262,2,165.33
7174,1318,126,5,87.32
7175,1347,508,1,174.79
7176,186,563,5,217.58
7177,306,112,4,81.23
7178,896,201,5,115.79
7179,844,110,5,158.74
7180,751,330,1,57.51
7181,33,352,1,35.94
7182,77,245,2,172.77
7183,1671,259,3,63.94
7184,1327,384,4,11.67
7185,1177,420,5,45.9
7186,1641,304,1,93.2
7187,1456,576,2,151.56
7188,1415,421,1,44.47
7189,1490,415,2,153.21
7190,234,536,1,101.05
7191,1303,95,2,16.81
7192,1349,122,3,248.73
7193,509,540,5,116.61
7194,375,242,2,163.04
7195,352,163,4,13.69
7196,569,558,2,154.68
7197,1452,314,5,232.23
7198,342,494,3,196.25
7199,20,462,3,37.99
7200,1340,358,5,178.19
7201,1231,122,1,248.73
7202,1453,335,2,223.36
7203,1053,453,2,91.17
7204,1571,325,2,138.52
7205,857,324,2,180.84
7206,653,559,3,210.93
7207,154,125,1,133.92
7208,395,570,5,176.81
7209,875,442,1,82.44
7210,487,90,2,68.48
7211,1461,436,2,72.85
7212,1325,533,2,28.56
7213,1429,469,2,46.6
7214,1111,157,2,85.88
7215,495,129,4,212.34
7216,390,579,5,193.72
7217,666,36,4,40.88
7218,180,15,1,112.55
7219,447,53,4,88.37
7220,1357,320,1,208
7221,1635,543,5,20.48
7222,279,9,5,231.99
7223,999,373,2,151.99
7224,1861,160,5,102.98
7225,283,109,1,240.15
7226,668,530,4,136.98
7227,1999,231,5,132.58
7228,5,59,5,8.03
7229,921,41,4,187.24
7230,490,298,1,99.81
7231,955,483,3,154.7
7232,834,487,1,186.5
7233,946,300,2,239.04
7234,410,109,2,240.15
7235,1214,192,2,177.21
7236,73,563,5,217.58
7237,71,546,5,120.07
7238,598,417,4,105.27
7239,596,415,5,153.21
7240,42,328,2,71.64
7241,1132,235,4,61
7242,683,204,2,23.72
7243,1640,169,3,109.98
7244,653,396,4,36.78
7245,438,74,4,86.91
7246,1194,467,3,37.25
7247,383,508,4,174.79
7248,1872,154,3,59.41
7249,60,588,1,219.78
7250,1089,453,4,91.17
7251,597,57,5,143.66
7252,306,389,5,5.36
7253,1561,567,3,200.56
7254,1804,144,2,232.36
7255,904,308,5,238.69
7256,916,559,5,210.93
7257,1043,138,4,130.32
7258,1271,523,3,195.84
7259,664,29,3,70.82
7260,1456,525,2,33.72
7261,704,356,3,113.34
7262,334,301,2,45.84
7263,1683,68,4,197.36
7264,505,192,5,177.21
7265,323,410,5,238.4
7266,465,23,5,235.55
7267,482,458,1,8.24
7268,1315,83,4,206.15
7269,1558,49,1,233.39
7270,943,108,4,166.82
7271,1642,554,3,135.66
7272,127,307,5,99.14
7273,126,8,5,61.56
7274,1665,212,4,103.52
7275,726,33,2,81.44
7276,289,300,5,239.04
7277,771,495,5,107.84
7278,1268,186,1,78.62
7279,703,505,4,34.36
7280,1332,184,5,187.08
7281,1749,123,3,152.2
7282,513,513,1,15.33
7283,1657,115,3,226.48
7284,1566,492,1,174.3
7285,797,194,5,12.12
7286,109,529,5,120.1
7287,1454,55,4,104.62
7288,160,367,3,64.54
7289,423,310,3,180.45
7290,558,333,3,132.85
7291,1671,400,3,54.03
7292,973,550,3,32.45
7293,772,360,4,243.58
7294,1238,524,2,36.66
7295,1587,195,2,227.17
7296,1619,285,3,95.54
7297,514,475,2,132.88
7298,1085,340,5,151.05
7299,297,563,1,217.58
7300,1983,149,2,21.72
7301,988,277,4,166.1
7302,512,197,4,55.06
7303,1671,478,3,243.97
7304,1563,490,3,136.35
7305,927,267,1,77.35
7306,1085,323,3,166.91
7307,1346,372,1,163.5
7308,1089,67,5,242.6
7309,646,339,4,9.27
7310,1462,486,1,102.52
7311,871,554,3,135.66
7312,1474,205,4,91.2
7313,1039,210,3,139.75
7314,1629,62,3,115.47
7315,328,274,3,205.83
7316,1776,11,5,224.42
7317,816,264,5,170.77
7318,1558,325,1,138.52
7319,1701,587,2,157.08
7320,623,402,1,13.66
7321,799,139,4,165
7322,667,453,2,91.17
7323,516,436,5,72.85
7324,1907,416,1,221.94
7325,860,567,3,200.56
7326,1506,309,1,201.42
7327,361,78,4,119.86
7328,367,99,5,224.67
7329,1108,323,2,166.91
7330,1161,554,2,135.66
7331,109,257,5,136.26
7332,1810,383,3,196.36
7333,573,578,5,142.5
7334,545,91,4,47.18
7335,655,94,2,179.65
7336,1229,457,5,229.67
7337,1397,137,2,23.35
7338,1887,111,4,47.35
7339,109,438,5,50.07
7340,971,291,5,118.79
7341,1266,139,1,165
7342,1663,309,4,201.42
7343,1329,27,4,211.23
7344,1882,467,1,37.25
7345,1055,571,4,65.96
7346,1600,554,5,135.66
7347,1202,330,2,57.51
7348,658,535,4,124.45
7349,1133,534,5,5.88
7350,1701,434,4,216.37
7351,259,544,3,68.5
7352,1016,4,2,70.25
7353,1521,308,2,238.69
7354,96,63,1,111.6
7355,929,399,2,197.36
7356,1709,403,3,142.82
7357,217,81,5,178.78
7358,793,335,3,223.36
7359,425,36,1,40.88
7360,1782,179,5,81.74
7361,315,155,5,188.9
7362,579,51,1,45.81
7363,248,219,2,111.21
7364,1991,61,2,197.45
7365,1103,192,3,177.21
7366,280,362,4,232.13
7367,1098,525,1,33.72
7368,1263,19,5,104.09
7369,250,238,5,71.19
7370,1937,532,3,112.28
7371,1065,491,1,142.78
7372,269,570,2,176.81
7373,1277,575,3,76.66
7374,1245,488,5,213.06
7375,1549,59,2,8.03
7376,703,120,1,196.86
7377,1126,37,5,138.45
7378,59,358,2,178.19
7379,1502,35,5,205.17
7380,1460,155,2,188.9
7381,266,101,1,172
7382,1932,164,5,233.68
7383,684,385,3,79.12
7384,1635,152,1,177.46
7385,1871,430,4,210.25
7386,372,412,1,182.36
7387,190,177,5,185.47
7388,1655,69,2,68.48
7389,1115,297,5,65.74
7390,197,106,4,45.36
7391,1763,486,4,102.52
7392,383,593,1,102.68
7393,1847,131,3,42.26
7394,1720,450,2,16.91
7395,1418,415,5,153.21
7396,1647,234,4,18.83
7397,656,32,1,177.14
7398,147,251,3,23.96
7399,202,596,4,181.75
7400,430,332,5,209.27
7401,192,101,5,172
7402,1753,83,2,206.15
7403,1290,581,5,122.34
7404,947,121,5,163.68
7405,1419,586,2,148.25
7406,1399,524,5,36.66
7407,201,395,2,96.32
7408,1430,254,4,171.51
7409,928,383,4,196.36
7410,640,347,3,149.45
7411,703,552,1,46.56
7412,322,407,2,240.64
7413,1216,391,3,112.06
7414,1471,400,3,54.03
7415,411,435,5,130.55
7416,540,309,1,201.42
7417,1714,219,3,111.21
7418,6,402,5,13.66
7419,783,423,1,80.89
7420,1510,285,5,95.54
7421,589,139,5,165
7422,327,402,1,13.66
7423,1775,316,5,60.15
7424,1583,55,3,104.62
7425,1110,300,3,239.04
7426,1541,218,1,68.19
7427,157,454,5,245.66
7428,384,10,1,159.19
7429,525,555,3,225.06
7430,307,388,4,56.49
7431,1503,69,1,68.48
7432,1269,579,4,193.72
7433,1415,56,5,33.1
7434,510,549,3,163.42
7435,598,65,1,14.71
7436,1130,352,2,35.94
7437,1438,354,3,185.7
7438,1488,131,4,42.26
7439,485,221,2,20.79
7440,1011,285,1,95.54
7441,1546,185,2,28.86
7442,1955,153,4,167.42
7443,242,548,2,157.52
7444,432,204,2,23.72
7445,179,356,2,113.34
7446,1321,320,2,208
7447,1638,134,2,45.21
7448,181,244,3,60.13
7449,596,270,2,233.71
7450,480,38,2,133.35
7451,228,270,5,233.71
7452,1104,290,1,42.8
7453,800,156,5,139.02
7454,956,164,1,233.68
7455,1684,288,2,31.7
7456,381,79,1,23.89
7457,1512,262,2,165.33
7458,1491,217,5,95.1
7459,1221,355,5,88.22
7460,1447,74,4,86.91
7461,1436,539,5,135.83
7462,1147,487,5,186.5
7463,1754,306,4,232.45
7464,1505,257,4,136.26
7465,1228,486,3,102.52
7466,317,535,3,124.45
7467,563,194,3,12.12
7468,1378,510,4,93.33
7469,802,577,5,129.64
7470,788,12,5,79.33
7471,1918,533,5,28.56
7472,413,564,4,42.97
7473,33,456,3,132.24
7474,1544,477,1,49.2
7475,1538,429,1,221.89
7476,636,380,4,189.1
7477,1918,350,4,189.88
7478,414,404,4,58.5
7479,1226,149,3,21.72
7480,851,393,5,110.24
7481,381,40,5,80.06
7482,1872,525,1,33.72
7483,1170,13,1,122.66
7484,769,246,4,108.45
7485,1142,498,3,7.05
7486,285,177,5,185.47
7487,1437,279,5,200.56
7488,1721,427,3,129.4
7489,666,279,3,200.56
7490,145,293,2,167.26
7491,891,108,3,166.82
7492,11,390,5,126.99
7493,1719,560,3,233.09
7494,139,133,3,22.09
7495,1938,259,1,63.94
7496,1566,378,2,175.59
7497,1236,441,1,145.91
7498,1954,407,2,240.64
7499,1675,418,2,239.74
7500,844,511,2,98.99
7501,341,29,1,70.82
7502,62,508,2,174.79
7503,467,584,4,169.83
7504,1393,431,2,93.14
7505,235,470,3,74.22
7506,1583,17,4,80.59
7507,1268,374,1,45.52
7508,1612,591,2,165.89
7509,1305,93,4,63.4
7510,257,163,5,13.69
7511,794,498,1,7.05
7512,114,575,4,76.66
7513,1111,46,3,9.21
7514,916,465,5,165.34
7515,550,323,2,166.91
7516,458,34,5,31.65
7517,360,356,2,113.34
7518,1131,362,1,232.13
7519,471,526,4,237.96
7520,1423,62,1,115.47
7521,112,338,4,70.64
7522,335,546,3,120.07
7523,1182,250,5,66.45
7524,375,52,3,152.05
7525,422,597,1,25.44
7526,1351,120,2,196.86
7527,1517,479,3,113.19
7528,1195,125,2,133.92
7529,1855,461,4,113.26
7530,21,419,1,79.09
7531,285,351,2,23.35
7532,292,239,4,125.37
7533,538,186,1,78.62
7534,71,336,2,147.91
7535,1377,410,3,238.4
7536,1667,155,1,188.9
7537,1230,100,4,43.17
7538,186,182,3,239.29
7539,157,6,1,173.19
7540,1654,261,5,103.81
7541,358,37,4,138.45
7542,1629,71,4,27.17
7543,93,526,3,237.96
7544,1597,382,2,180.56
7545,1703,52,1,152.05
7546,395,56,2,33.1
7547,12,354,3,185.7
7548,1164,122,4,248.73
7549,1136,302,2,248.06
7550,420,112,3,81.23
7551,4,519,5,169.02
7552,1013,99,3,224.67
7553,1622,231,4,132.58
7554,684,185,4,28.86
7555,193,319,4,189.91
7556,1734,226,5,248.81
7557,1317,1,2,33.89
7558,756,533,5,28.56
7559,1832,275,2,142.78
7560,782,197,1,55.06
7561,389,198,3,199.58
7562,1682,348,3,248.93
7563,844,129,4,212.34
7564,1348,120,5,196.86
7565,13,195,2,227.17
7566,1079,319,5,189.91
7567,607,146,2,153.53
7568,1677,455,1,183.96
7569,1587,26,3,215.95
7570,508,530,2,136.98
7571,670,73,4,82.6
7572,104,572,1,126.63
7573,823,343,2,233.56
7574,393,17,5,80.59
7575,43,466,2,35.22
7576,754,255,4,91.33
7577,1992,327,4,242.1
7578,1837,400,3,54.03
7579,1549,424,2,229.51
7580,1411,510,2,93.33
7581,307,62,2,115.47
7582,428,331,5,28.04
7583,1814,5,4,12.49
7584,705,414,3,26.9
7585,123,25,1,151.96
7586,1802,200,2,223.36
7587,124,384,2,11.67
7588,1953,303,2,176.14
7589,1625,293,1,167.26
7590,1807,378,3,175.59
7591,1743,393,3,110.24
7592,420,565,1,122.01
7593,523,240,5,87.91
7594,434,300,3,239.04
7595,531,513,2,15.33
7596,1059,204,5,23.72
7597,563,62,1,115.47
7598,485,506,5,37.78
7599,1998,521,2,110.4
7600,1742,334,3,88.55
7601,1246,584,3,169.83
7602,584,170,4,139
7603,1340,481,3,129.33
7604,1626,424,3,229.51
7605,1775,189,3,145.41
7606,1879,476,5,124.63
7607,1640,377,4,61.88
7608,1463,7,3,192.11
7609,1712,411,3,179.94
7610,748,68,5,197.36
7611,1000,460,2,112.26
7612,704,313,5,107.23
7613,1499,406,2,209.08
7614,904,391,1,112.06
7615,695,146,1,153.53
7616,733,367,3,64.54
7617,1803,276,3,229.5
7618,983,288,3,31.7
7619,724,408,4,54.06
7620,1365,186,5,78.62
7621,268,42,2,7.08
7622,160,367,5,64.54
7623,552,47,4,43.46
7624,258,270,2,233.71
7625,417,554,3,135.66
7626,1375,109,4,240.15
7627,490,91,5,47.18
7628,562,131,3,42.26
7629,88,260,5,137.01
7630,1529,419,3,79.09
7631,1048,11,3,224.42
7632,368,192,2,177.21
7633,1274,478,1,243.97
7634,6,22,3,109.39
7635,548,54,4,147.09
7636,939,303,4,176.14
7637,747,596,3,181.75
7638,1160,501,4,203.03
7639,350,275,3,142.78
7640,737,470,4,74.22
7641,1653,278,1,97.19
7642,512,331,5,28.04
7643,964,193,3,103.63
7644,1563,353,2,56.59
7645,1371,152,2,177.46
7646,79,364,3,12.9
7647,968,294,5,194.88
7648,972,253,5,24.19
7649,267,186,4,78.62
7650,249,459,3,150.38
7651,1702,114,2,144.78
7652,1983,20,4,227.89
7653,85,223,3,164.17
7654,1926,507,3,10.08
7655,574,562,4,198.35
7656,1044,149,4,21.72
7657,1844,253,1,24.19
7658,1267,172,5,48.51
7659,933,272,3,208.78
7660,1388,317,4,136.16
7661,1777,152,1,177.46
7662,397,220,3,237.59
7663,332,1,5,33.89
7664,1591,62,1,115.47
7665,380,305,4,196.24
7666,132,214,2,118.77
7667,382,302,2,248.06
7668,859,291,3,118.79
7669,1340,346,3,227.91
7670,574,207,1,130.56
7671,477,430,5,210.25
7672,799,132,4,119.44
7673,1614,184,1,187.08
7674,1187,156,5,139.02
7675,1647,92,2,48.51
7676,54,488,1,213.06
7677,1535,494,3,196.25
7678,731,420,5,45.9
7679,1695,440,1,162.74
7680,1962,309,5,201.42
7681,685,104,4,240.06
7682,1510,171,1,179.82
7683,1682,116,3,241.41
7684,1780,140,5,154.37
7685,1987,580,2,39.05
7686,1529,111,1,47.35
7687,1916,69,4,68.48
7688,1,16,2,95.78
7689,1175,333,5,132.85
7690,1502,295,4,148.41
7691,280,125,3,133.92
7692,1693,540,3,116.61
7693,1058,214,3,118.77
7694,207,54,1,147.09
7695,1746,187,3,78.09
7696,1398,599,5,117.25
7697,1931,104,5,240.06
7698,262,13,5,122.66
7699,883,319,1,189.91
7700,1483,24,1,89.79
7701,1472,259,5,63.94
7702,1251,521,5,110.4
7703,1917,501,2,203.03
7704,1897,578,5,142.5
7705,1968,556,3,155.56
7706,1698,355,2,88.22
7707,1899,49,3,233.39
7708,837,284,1,165.87
7709,459,537,3,227.69
7710,1355,122,4,248.73
7711,1688,579,4,193.72
7712,1299,286,5,112.95
7713,1353,261,3,103.81
7714,1459,34,1,31.65
7715,397,82,3,223.97
7716,636,206,2,175.52
7717,645,208,5,137.8
7718,829,416,3,221.94
7719,342,237,3,135.53
7720,1873,428,4,165.28
7721,856,167,4,85.8
7722,1490,418,3,239.74
7723,1626,369,1,172.68
7724,152,301,3,45.84
7725,1846,256,2,104.26
7726,1666,456,2,132.24
7727,1455,423,3,80.89
7728,1829,425,3,172.85
7729,1887,181,2,128.17
7730,1091,199,3,10.35
7731,1173,434,1,216.37
7732,989,384,3,11.67
7733,47,426,3,182.91
7734,734,321,1,32.57
7735,946,12,5,79.33
7736,537,290,5,42.8
7737,1291,367,3,64.54
7738,186,555,1,225.06
7739,738,10,3,159.19
7740,1226,385,5,79.12
7741,1830,480,2,188.06
7742,440,571,5,65.96
7743,82,349,5,179.18
7744,1513,218,2,68.19
7745,1199,536,4,101.05
7746,810,556,5,155.56
7747,570,199,5,10.35
7748,1274,378,3,175.59
7749,436,328,4,71.64
7750,290,2,1,198.24
7751,1081,397,1,169.75
7752,633,104,4,240.06
7753,1132,51,1,45.81
7754,127,444,4,124.61
7755,589,411,5,179.94
7756,1234,557,1,214.74
7757,1156,418,1,239.74
7758,1503,94,1,179.65
7759,1630,224,3,154.91
7760,84,121,1,163.68
7761,584,283,5,180.56
7762,562,535,5,124.45
7763,1370,291,5,118.79
7764,1453,406,5,209.08
7765,1817,195,3,227.17
7766,703,69,2,68.48
7767,1182,26,4,215.95
7768,1772,191,4,37.97
7769,342,262,1,165.33
7770,290,114,3,144.78
7771,1063,407,2,240.64
7772,1033,105,1,213.49
7773,1131,161,5,8.72
7774,297,356,1,113.34
7775,587,323,4,166.91
7776,1777,159,4,222.76
7777,171,569,3,61.74
7778,535,316,3,60.15
7779,1575,122,2,248.73
7780,1287,555,3,225.06
7781,1255,329,4,142.08
7782,815,20,5,227.89
7783,1934,186,5,78.62
7784,1860,156,2,139.02
7785,945,138,2,130.32
7786,684,224,2,154.91
7787,197,4,4,70.25
7788,606,419,2,79.09
7789,1795,544,3,68.5
7790,1291,437,2,194.26
7791,599,280,5,88.67
7792,1558,285,3,95.54
7793,568,157,5,85.88
7794,623,555,1,225.06
7795,567,317,4,136.16
7796,328,333,2,132.85
7797,79,83,5,206.15
7798,780,82,4,223.97
7799,1486,57,5,143.66
7800,213,210,2,139.75
7801,1305,175,2,246.25
7802,1961,300,3,239.04
7803,1697,267,2,77.35
7804,159,238,4,71.19
7805,306,311,4,100.87
7806,1094,494,5,196.25
7807,976,513,3,15.33
7808,342,175,5,246.25
7809,864,455,3,183.96
7810,714,388,3,56.49
7811,1103,358,5,178.19
7812,389,518,4,21
7813,1802,384,4,11.67
7814,493,77,4,160.67
7815,595,103,4,202.95
7816,334,586,3,148.25
7817,266,282,3,122.66
7818,1241,362,5,232.13
7819,1943,161,5,8.72
7820,20,523,2,195.84
7821,1834,463,3,242.61
7822,411,63,3,111.6
7823,319,382,1,180.56
7824,470,247,1,206.44
7825,941,248,4,171.77
7826,749,590,1,208.71
7827,372,312,2,197.62
7828,1687,469,5,46.6
7829,1468,262,3,165.33
7830,1418,490,2,136.35
7831,467,492,1,174.3
7832,1444,102,2,131.19
7833,902,81,4,178.78
7834,1418,189,1,145.41
7835,547,46,2,9.21
7836,1961,539,2,135.83
7837,584,553,3,141
7838,1131,167,3,85.8
7839,512,509,4,37.72
7840,1417,484,5,30.33
7841,463,348,1,248.93
7842,1410,79,2,23.89
7843,114,354,3,185.7
7844,4,222,4,30.3
7845,1829,72,4,100.67
7846,32,110,4,158.74
7847,1616,208,4,137.8
7848,946,342,3,145.58
7849,1620,522,2,215.65
7850,1636,298,3,99.81
7851,482,411,2,179.94
7852,465,512,2,181.18
7853,1657,424,2,229.51
7854,382,174,5,228.53
7855,541,432,4,52.86
7856,1450,417,3,105.27
7857,450,579,4,193.72
7858,1937,286,2,112.95
7859,1702,420,5,45.9
7860,101,517,2,105.79
7861,1335,88,2,10.98
7862,1097,596,5,181.75
7863,291,435,5,130.55
7864,1200,102,2,131.19
7865,970,53,4,88.37
7866,89,153,2,167.42
7867,1709,6,1,173.19
7868,1581,568,2,197.94
7869,1253,227,3,202.25
7870,964,39,5,19.4
7871,198,132,2,119.44
7872,720,84,1,78.24
7873,1918,552,1,46.56
7874,1181,538,2,227.76
7875,1078,35,1,205.17
7876,871,475,5,132.88
7877,1090,35,4,205.17
7878,437,199,5,10.35
7879,1859,313,1,107.23
7880,1201,281,1,224.13
7881,1699,75,5,58.94
7882,1840,509,2,37.72
7883,641,144,4,232.36
7884,1187,584,2,169.83
7885,1049,411,2,179.94
7886,228,548,2,157.52
7887,1682,452,2,154.1
7888,426,578,1,142.5
7889,1213,215,1,100.17
7890,1653,150,1,232.51
7891,1789,233,1,215.96
7892,1482,177,5,185.47
7893,1349,172,2,48.51
7894,1066,2,5,198.24
7895,71,479,1,113.19
7896,782,479,1,113.19
7897,1094,304,2,93.2
7898,755,146,3,153.53
7899,1398,581,4,122.34
7900,338,118,1,190.86
7901,850,547,3,179.19
7902,1042,372,4,163.5
7903,1856,1,5,33.89
7904,923,386,3,235.37
7905,1813,515,1,86.3
7906,737,182,3,239.29
7907,1935,437,1,194.26
7908,1775,105,2,213.49
7909,1048,105,3,213.49
7910,122,563,5,217.58
7911,1706,576,1,151.56
7912,1412,214,5,118.77
7913,1569,473,5,18.24
7914,1092,51,1,45.81
7915,1582,518,5,21
7916,1246,458,4,8.24
7917,218,280,3,88.67
7918,1854,484,1,30.33
7919,89,531,4,64.24
7920,1737,82,5,223.97
7921,1066,488,3,213.06
7922,228,217,3,95.1
7923,1224,388,1,56.49
7924,536,374,3,45.52
7925,1703,567,4,200.56
7926,1124,190,3,228.66
7927,1581,481,1,129.33
7928,743,564,4,42.97
7929,342,510,1,93.33
7930,437,534,3,5.88
7931,1117,183,3,164.88
7932,96,217,1,95.1
7933,854,25,3,151.96
7934,1959,9,3,231.99
7935,487,400,3,54.03
7936,1620,468,2,140.82
7937,830,72,5,100.67
7938,68,364,5,12.9
7939,927,191,2,37.97
7940,1181,368,4,236.39
7941,1038,466,3,35.22
7942,1963,537,4,227.69
7943,827,95,1,16.81
7944,41,591,5,165.89
7945,1114,300,4,239.04
7946,1506,117,3,127.59
7947,83,515,1,86.3
7948,1139,204,2,23.72
7949,353,424,2,229.51
7950,291,479,3,113.19
7951,1587,24,4,89.79
7952,844,84,5,78.24
7953,1623,505,5,34.36
7954,1000,335,2,223.36
7955,1526,513,3,15.33
7956,931,38,5,133.35
7957,880,251,1,23.96
7958,1240,340,2,151.05
7959,822,528,4,21.45
7960,768,232,2,160.25
7961,1795,24,2,89.79
7962,1762,568,1,197.94
7963,624,138,2,130.32
7964,1376,207,2,130.56
7965,728,479,1,113.19
7966,863,347,2,149.45
7967,981,229,5,172.08
7968,1348,254,3,171.51
7969,660,242,4,163.04
7970,946,43,3,47.02
7971,1891,117,1,127.59
7972,1486,515,4,86.3
7973,1584,137,4,23.35
7974,964,305,5,196.24
7975,1051,93,5,63.4
7976,523,573,5,140.64
7977,1326,125,4,133.92
7978,339,104,4,240.06
7979,1296,30,2,76.12
7980,1045,125,5,133.92
7981,53,497,5,227.24
7982,863,48,3,110.16
7983,543,87,1,101.95
7984,355,389,2,5.36
7985,159,433,4,39.51
7986,1054,386,1,235.37
7987,1366,273,1,196.82
7988,673,472,2,115.1
7989,1667,267,5,77.35
7990,1001,86,5,139.57
7991,1134,34,3,31.65
7992,1051,237,1,135.53
7993,54,183,5,164.88
7994,520,52,1,152.05
7995,1286,45,3,125.63
7996,742,398,5,18.48
7997,1008,565,3,122.01
7998,1668,86,4,139.57
7999,736,319,4,189.91
8000,1740,244,4,60.13
8001,688,239,5,125.37
8002,552,417,1,105.27
8003,207,560,5,233.09
8004,913,169,1,109.98
8005,1176,552,1,46.56
8006,512,273,4,196.82
8007,1933,434,3,216.37
8008,1170,518,1,21
8009,535,391,5,112.06
8010,759,269,3,117.58
8011,1014,109,5,240.15
8012,293,265,4,94.45
8013,972,122,4,248.73
8014,1101,320,1,208
8015,867,553,1,141
8016,1644,257,3,136.26
8017,931,548,5,157.52
8018,629,164,1,233.68
8019,136,361,4,53.09
8020,1771,267,2,77.35
8021,1,388,2,56.49
8022,1252,293,1,167.26
8023,224,28,3,115.98
8024,22,381,3,8.67
8025,132,377,5,61.88
8026,990,146,1,153.53
8027,1356,407,2,240.64
8028,17,182,3,239.29
8029,990,19,3,104.09
8030,1576,394,2,33.17
8031,150,25,4,151.96
8032,878,131,2,42.26
8033,23,518,1,21
8034,1606,536,3,101.05
8035,562,174,3,228.53
8036,1674,169,4,109.98
8037,1364,582,4,201.39
8038,1906,349,1,179.18
8039,1015,37,3,138.45
8040,1798,402,5,13.66
8041,742,356,1,113.34
8042,1679,332,5,209.27
8043,440,409,5,19.08
8044,676,211,5,185.35
8045,401,209,5,115.87
8046,627,538,4,227.76
8047,744,506,4,37.78
8048,300,356,4,113.34
8049,941,249,2,10.67
8050,1298,340,1,151.05
8051,1425,568,5,197.94
8052,755,422,5,92.21
8053,662,10,2,159.19
8054,800,105,4,213.49
8055,122,117,2,127.59
8056,351,340,1,151.05
8057,754,244,3,60.13
8058,1807,74,1,86.91
8059,579,60,1,33.2
8060,546,398,4,18.48
8061,1992,188,5,133.9
8062,668,98,4,176.81
8063,641,265,2,94.45
8064,1471,338,3,70.64
8065,15,271,4,29.3
8066,1274,537,5,227.69
8067,851,351,1,23.35
8068,1400,449,5,106.91
8069,1144,94,2,179.65
8070,621,551,3,154.7
8071,683,175,2,246.25
8072,830,270,1,233.71
8073,1927,512,4,181.18
8074,1194,464,3,7.05
8075,1519,272,4,208.78
8076,1833,537,3,227.69
8077,1758,116,4,241.41
8078,1688,243,4,122.7
8079,1177,522,5,215.65
8080,975,315,4,54.59
8081,1762,164,4,233.68
8082,1113,498,5,7.05
8083,277,581,5,122.34
8084,507,385,1,79.12
8085,1032,303,1,176.14
8086,1745,83,5,206.15
8087,348,364,4,12.9
8088,1711,469,2,46.6
8089,1481,335,2,223.36
8090,833,139,3,165
8091,676,495,5,107.84
8092,175,206,2,175.52
8093,1488,9,1,231.99
8094,840,515,5,86.3
8095,879,298,5,99.81
8096,679,141,2,123.49
8097,1129,405,4,199.74
8098,1415,127,4,246.97
8099,1967,534,2,5.88
8100,190,588,4,219.78
8101,1346,458,2,8.24
8102,882,472,4,115.1
8103,205,567,1,200.56
8104,668,582,3,201.39
8105,1424,35,1,205.17
8106,259,549,4,163.42
8107,709,34,1,31.65
8108,409,52,3,152.05
8109,287,42,2,7.08
8110,789,435,5,130.55
8111,1570,511,4,98.99
8112,591,306,5,232.45
8113,1910,316,5,60.15
8114,1322,583,5,201.79
8115,1239,184,4,187.08
8116,1167,41,3,187.24
8117,84,365,4,61.37
8118,641,504,4,52.52
8119,420,224,1,154.91
8120,329,507,4,10.08
8121,1212,422,5,92.21
8122,165,109,1,240.15
8123,995,69,2,68.48
8124,418,546,3,120.07
8125,1623,535,2,124.45
8126,498,164,1,233.68
8127,75,68,3,197.36
8128,789,448,3,69.31
8129,1877,487,4,186.5
8130,1002,65,5,14.71
8131,766,543,4,20.48
8132,1051,306,3,232.45
8133,996,509,4,37.72
8134,58,39,3,19.4
8135,1203,326,4,169.54
8136,613,483,4,154.7
8137,1047,374,4,45.52
8138,1334,93,2,63.4
8139,1121,301,4,45.84
8140,1655,248,2,171.77
8141,236,459,5,150.38
8142,1919,375,5,153.81
8143,758,369,4,172.68
8144,523,467,1,37.25
8145,1511,452,2,154.1
8146,490,283,1,180.56
8147,263,34,2,31.65
8148,1968,426,1,182.91
8149,184,429,2,221.89
8150,27,401,4,49.76
8151,1227,144,2,232.36
8152,1719,458,1,8.24
8153,47,179,4,81.74
8154,1474,482,1,128.85
8155,14,271,3,29.3
8156,1217,16,1,95.78
8157,922,265,1,94.45
8158,1731,26,3,215.95
8159,823,87,3,101.95
8160,581,497,1,227.24
8161,1169,486,2,102.52
8162,186,517,3,105.79
8163,1785,530,3,136.98
8164,282,2,3,198.24
8165,1724,167,3,85.8
8166,1718,301,5,45.84
8167,1940,489,5,49.03
8168,177,15,1,112.55
8169,675,59,1,8.03
8170,1783,479,2,113.19
8171,327,567,2,200.56
8172,311,90,2,68.48
8173,1028,259,1,63.94
8174,1266,355,2,88.22
8175,497,87,1,101.95
8176,433,384,3,11.67
8177,1821,342,3,145.58
8178,72,102,3,131.19
8179,209,224,4,154.91
8180,451,44,4,54.1
8181,381,273,4,196.82
8182,1170,523,1,195.84
8183,55,323,2,166.91
8184,674,408,1,54.06
8185,1440,600,1,64.63
8186,582,548,1,157.52
8187,1800,376,1,153.13
8188,1245,101,1,172
8189,503,224,5,154.91
8190,151,35,1,205.17
8191,476,5,2,12.49
8192,262,77,3,160.67
8193,1387,281,1,224.13
8194,20,379,3,18.29
8195,1206,342,4,145.58
8196,1513,329,5,142.08
8197,736,501,5,203.03
8198,1439,600,2,64.63
8199,1256,547,3,179.19
8200,916,134,4,45.21
8201,537,316,1,60.15
8202,1874,317,4,136.16
8203,319,432,4,52.86
8204,1980,237,5,135.53
8205,1771,300,2,239.04
8206,632,141,1,123.49
8207,1890,198,4,199.58
8208,283,360,4,243.58
8209,1753,77,3,160.67
8210,554,508,4,174.79
8211,1102,240,1,87.91
8212,144,512,2,181.18
8213,417,557,4,214.74
8214,792,2,2,198.24
8215,72,242,2,163.04
8216,1400,302,5,248.06
8217,704,196,3,203.87
8218,96,154,3,59.41
8219,1571,552,3,46.56
8220,934,140,5,154.37
8221,143,456,1,132.24
8222,651,438,2,50.07
8223,1892,383,5,196.36
8224,230,550,4,32.45
8225,449,254,2,171.51
8226,189,198,1,199.58
8227,1824,510,3,93.33
8228,1730,234,4,18.83
8229,1800,400,5,54.03
8230,60,381,4,8.67
8231,115,247,4,206.44
8232,442,176,4,167.74
8233,25,98,3,176.81
8234,314,368,1,236.39
8235,1326,488,1,213.06
8236,1143,23,1,235.55
8237,30,410,5,238.4
8238,1951,332,5,209.27
8239,125,527,3,41.86
8240,96,194,5,12.12
8241,1973,42,3,7.08
8242,549,443,2,214.05
8243,1612,1,2,33.89
8244,1756,266,2,209.12
8245,1422,581,3,122.34
8246,1777,520,4,18.28
8247,1130,332,5,209.27
8248,1263,368,1,236.39
8249,1429,440,2,162.74
8250,995,484,1,30.33
8251,615,306,3,232.45
8252,1399,63,3,111.6
8253,1596,160,3,102.98
8254,1858,324,3,180.84
8255,342,384,1,11.67
8256,1812,458,3,8.24
8257,1900,289,2,117.41
8258,17,426,4,182.91
8259,1547,275,2,142.78
8260,1650,344,4,147.77
8261,1746,51,2,45.81
8262,1739,577,4,129.64
8263,1122,376,4,153.13
8264,508,493,2,64.05
8265,1149,5,4,12.49
8266,217,299,4,244.63
8267,394,163,5,13.69
8268,671,470,1,74.22
8269,1750,60,4,33.2
8270,1530,190,1,228.66
8271,1392,226,4,248.81
8272,48,498,2,7.05
8273,411,380,3,189.1
8274,844,58,1,117.15
8275,356,20,4,227.89
8276,753,395,2,96.32
8277,772,382,5,180.56
8278,1044,249,4,10.67
8279,757,152,2,177.46
8280,1092,129,3,212.34
8281,802,592,2,243.21
8282,911,378,2,175.59
8283,1591,75,4,58.94
8284,350,380,4,189.1
8285,1088,380,1,189.1
8286,1650,261,2,103.81
8287,1686,293,3,167.26
8288,1171,76,2,70.68
8289,548,95,3,16.81
8290,972,358,3,178.19
8291,959,324,2,180.84
8292,884,547,4,179.19
8293,866,7,4,192.11
8294,1560,10,3,159.19
8295,1099,269,5,117.58
8296,571,94,4,179.65
8297,1905,170,5,139
8298,576,294,4,194.88
8299,1810,526,1,237.96
8300,203,2,1,198.24
8301,808,276,4,229.5
8302,1646,598,2,180.11
8303,390,589,4,160.43
8304,834,320,3,208
8305,690,148,1,189.09
8306,762,354,2,185.7
8307,1140,358,1,178.19
8308,36,524,4,36.66
8309,646,452,3,154.1
8310,1972,252,4,65.99
8311,908,126,3,87.32
8312,1324,600,2,64.63
8313,104,112,2,81.23
8314,23,17,3,80.59
8315,1269,518,3,21
8316,490,45,3,125.63
8317,765,36,5,40.88
8318,510,469,5,46.6
8319,1196,73,1,82.6
8320,1710,79,4,23.89
8321,596,145,1,22.77
8322,1683,152,2,177.46
8323,903,213,2,231.67
8324,1210,328,4,71.64
8325,1454,377,1,61.88
8326,1154,330,4,57.51
8327,413,106,5,45.36
8328,163,64,5,179.34
8329,1197,455,1,183.96
8330,1657,89,4,174.47
8331,1072,434,3,216.37
8332,1543,573,4,140.64
8333,403,64,1,179.34
8334,593,311,2,100.87
8335,178,553,2,141
8336,1606,57,3,143.66
8337,1216,491,3,142.78
8338,1968,126,1,87.32
8339,30,15,5,112.55
8340,27,21,5,197
8341,1005,354,5,185.7
8342,481,523,3,195.84
8343,1512,416,5,221.94
8344,313,439,4,171.1
8345,805,364,4,12.9
8346,884,208,1,137.8
8347,1891,94,4,179.65
8348,735,316,2,60.15
8349,1133,66,1,100.86
8350,1313,584,1,169.83
8351,157,7,2,192.11
8352,1636,302,5,248.06
8353,1190,356,2,113.34
8354,1854,341,1,106.71
8355,1856,146,2,153.53
8356,11,340,3,151.05
8357,95,566,5,81.49
8358,1847,338,4,70.64
8359,1970,335,3,223.36
8360,1629,96,5,130.35
8361,1550,131,4,42.26
8362,1839,79,4,23.89
8363,1269,171,1,179.82
8364,1485,91,1,47.18
8365,1775,207,2,130.56
8366,607,233,2,215.96
8367,318,303,3,176.14
8368,645,156,3,139.02
8369,909,21,1,197
8370,819,151,1,222.77
8371,1246,548,1,157.52
8372,1185,282,4,122.66
8373,317,122,1,248.73
8374,568,352,5,35.94
8375,97,265,1,94.45
8376,1364,351,5,23.35
8377,1102,96,1,130.35
8378,1311,356,5,113.34
8379,1959,434,2,216.37
8380,1,378,5,175.59
8381,1078,466,4,35.22
8382,128,148,3,189.09
8383,1575,484,2,30.33
8384,1816,65,5,14.71
8385,436,288,2,31.7
8386,1268,153,1,167.42
8387,930,149,5,21.72
8388,1038,391,2,112.06
8389,348,410,3,238.4
8390,1125,98,4,176.81
8391,823,39,1,19.4
8392,1692,302,1,248.06
8393,1520,186,3,78.62
8394,151,92,1,48.51
8395,1669,329,4,142.08
8396,523,55,3,104.62
8397,184,157,4,85.88
8398,613,569,4,61.74
8399,1695,511,2,98.99
8400,404,220,5,237.59
8401,720,332,2,209.27
8402,943,429,1,221.89
8403,466,486,2,102.52
8404,756,527,2,41.86
8405,1022,462,2,37.99
8406,1203,48,3,110.16
8407,1113,562,5,198.35
8408,699,57,3,143.66
8409,1028,313,4,107.23
8410,1283,597,3,25.44
8411,313,537,2,227.69
8412,971,290,5,42.8
8413,367,563,3,217.58
8414,1731,380,2,189.1
8415,1201,33,3,81.44
8416,1315,538,5,227.76
8417,1282,144,1,232.36
8418,11,481,2,129.33
8419,623,117,5,127.59
8420,281,535,3,124.45
8421,68,269,5,117.58
8422,1058,468,3,140.82
8423,1420,120,2,196.86
8424,523,64,2,179.34
8425,394,267,3,77.35
8426,1443,94,3,179.65
8427,2000,492,5,174.3
8428,1841,402,1,13.66
8429,1400,399,2,197.36
8430,752,346,2,227.91
8431,371,91,3,47.18
8432,8,407,4,240.64
8433,540,340,2,151.05
8434,338,411,1,179.94
8435,187,397,3,169.75
8436,1017,24,5,89.79
8437,52,234,1,18.83
8438,174,432,1,52.86
8439,1756,437,4,194.26
8440,1883,507,4,10.08
8441,772,348,5,248.93
8442,1587,542,4,121.96
8443,46,253,3,24.19
8444,637,572,5,126.63
8445,1243,578,1,142.5
8446,572,327,3,242.1
8447,1674,190,1,228.66
8448,1907,109,5,240.15
8449,564,587,1,157.08
8450,643,379,2,18.29
8451,1931,113,4,138.62
8452,258,227,3,202.25
8453,1049,532,4,112.28
8454,1766,349,2,179.18
8455,881,505,3,34.36
8456,783,484,5,30.33
8457,1946,44,4,54.1
8458,231,412,4,182.36
8459,882,497,5,227.24
8460,1489,524,1,36.66
8461,1528,278,4,97.19
8462,1846,466,1,35.22
8463,805,484,4,30.33
8464,883,585,5,90.17
8465,1748,41,5,187.24
8466,319,181,3,128.17
8467,1463,114,1,144.78
8468,1727,143,3,213.68
8469,1288,319,5,189.91
8470,70,447,4,9.67
8471,300,51,2,45.81
8472,1655,94,5,179.65
8473,359,479,2,113.19
8474,506,177,1,185.47
8475,753,360,4,243.58
8476,1532,577,5,129.64
8477,704,338,4,70.64
8478,1698,29,4,70.82
8479,891,447,4,9.67
8480,1312,239,4,125.37
8481,223,243,2,122.7
8482,1696,342,1,145.58
8483,38,555,4,225.06
8484,1071,547,3,179.19
8485,1672,521,4,110.4
8486,30,258,4,139.54
8487,1104,594,3,99.59
8488,1832,2,1,198.24
8489,775,465,3,165.34
8490,1794,184,2,187.08
8491,167,46,3,9.21
8492,1052,192,2,177.21
8493,1871,177,3,185.47
8494,1423,338,3,70.64
8495,25,401,2,49.76
8496,1091,167,1,85.8
8497,787,345,5,86.95
8498,453,582,1,201.39
8499,1682,171,3,179.82
8500,1816,38,4,133.35
8501,1102,120,2,196.86
8502,59,254,2,171.51
8503,1440,26,3,215.95
8504,605,380,5,189.1
8505,490,41,5,187.24
8506,536,68,1,197.36
8507,1041,312,4,197.62
8508,90,439,5,171.1
8509,843,218,2,68.19
8510,269,222,3,30.3
8511,1714,191,2,37.97
8512,1149,81,1,178.78
8513,997,156,4,139.02
8514,1229,465,5,165.34
8515,198,145,5,22.77
8516,1414,329,1,142.08
8517,1315,406,1,209.08
8518,418,136,2,134.38
8519,117,403,3,142.82
8520,470,388,3,56.49
8521,1062,509,4,37.72
8522,1492,551,4,154.7
8523,1916,443,3,214.05
8524,777,217,4,95.1
8525,257,257,5,136.26
8526,1802,45,4,125.63
8527,1794,1,4,33.89
8528,1061,367,5,64.54
8529,443,80,2,246.3
8530,778,4,1,70.25
8531,137,466,2,35.22
8532,1409,157,3,85.88
8533,930,414,1,26.9
8534,1879,82,2,223.97
8535,899,127,5,246.97
8536,1037,374,3,45.52
8537,1693,74,5,86.91
8538,116,95,2,16.81
8539,222,478,2,243.97
8540,1618,138,3,130.32
8541,352,549,3,163.42
8542,918,22,2,109.39
8543,199,439,4,171.1
8544,1556,63,5,111.6
8545,1418,392,4,235.07
8546,98,94,1,179.65
8547,590,447,2,9.67
8548,512,27,5,211.23
8549,1048,365,4,61.37
8550,596,251,4,23.96
8551,1291,43,2,47.02
8552,1439,68,5,197.36
8553,150,128,4,104.71
8554,1162,348,1,248.93
8555,1953,199,5,10.35
8556,734,258,2,139.54
8557,889,320,5,208
8558,1606,318,2,177.82
8559,827,526,5,237.96
8560,1117,139,4,165
8561,968,596,3,181.75
8562,1033,491,5,142.78
8563,678,465,4,165.34
8564,218,334,3,88.55
8565,374,126,3,87.32
8566,1792,18,5,46.31
8567,1510,347,3,149.45
8568,28,296,4,199.63
8569,727,276,1,229.5
8570,244,319,1,189.91
8571,1844,121,5,163.68
8572,1608,23,5,235.55
8573,305,295,2,148.41
8574,544,44,1,54.1
8575,1901,70,2,65.36
8576,945,398,1,18.48
8577,1332,323,3,166.91
8578,83,51,5,45.81
8579,1749,102,5,131.19
8580,889,195,2,227.17
8581,231,576,1,151.56
8582,159,496,5,152.06
8583,196,503,2,97.02
8584,641,27,4,211.23
8585,1244,586,2,148.25
8586,1204,164,2,233.68
8587,602,257,5,136.26
8588,1572,66,1,100.86
8589,1898,531,2,64.24
8590,726,155,4,188.9
8591,205,103,4,202.95
8592,983,200,3,223.36
8593,118,473,5,18.24
8594,967,392,5,235.07
8595,1865,447,3,9.67
8596,1424,301,5,45.84
8597,1109,183,4,164.88
8598,861,156,5,139.02
8599,1663,497,3,227.24
8600,1314,266,1,209.12
8601,154,300,5,239.04
8602,1179,494,1,196.25
8603,149,184,4,187.08
8604,1431,506,5,37.78
8605,1194,336,3,147.91
8606,1559,52,4,152.05
8607,1194,476,5,124.63
8608,723,530,4,136.98
8609,379,406,4,209.08
8610,1644,363,3,231.78
8611,1135,396,5,36.78
8612,1941,486,2,102.52
8613,1517,502,5,135.74
8614,391,465,5,165.34
8615,1803,525,3,33.72
8616,1939,304,4,93.2
8617,1576,496,5,152.06
8618,446,132,4,119.44
8619,1489,411,3,179.94
8620,66,310,2,180.45
8621,628,465,3,165.34
8622,1668,358,2,178.19
8623,574,519,4,169.02
8624,1281,24,3,89.79
8625,910,220,4,237.59
8626,201,159,2,222.76
8627,713,336,1,147.91
8628,1095,562,3,198.35
8629,661,113,3,138.62
8630,1749,140,5,154.37
8631,725,372,2,163.5
8632,691,156,2,139.02
8633,737,64,3,179.34
8634,730,519,1,169.02
8635,1304,360,5,243.58
8636,1244,373,2,151.99
8637,572,198,4,199.58
8638,1847,132,5,119.44
8639,410,7,2,192.11
8640,802,203,2,7.03
8641,15,71,5,27.17
8642,874,227,1,202.25
8643,1550,58,4,117.15
8644,140,540,2,116.61
8645,1093,539,4,135.83
8646,150,317,3,136.16
8647,69,221,5,20.79
8648,742,154,5,59.41
8649,1760,434,1,216.37
8650,1575,525,4,33.72
8651,1634,122,2,248.73
8652,31,165,5,51.58
8653,1576,429,4,221.89
8654,1631,489,2,49.03
8655,206,468,5,140.82
8656,1201,351,2,23.35
8657,72,113,5,138.62
8658,872,269,1,117.58
8659,101,498,2,7.05
8660,976,294,5,194.88
8661,899,570,2,176.81
8662,1504,28,3,115.98
8663,1805,56,2,33.1
8664,1703,9,3,231.99
8665,347,421,5,44.47
8666,403,144,1,232.36
8667,1884,90,2,68.48
8668,676,186,2,78.62
8669,1054,499,5,21.14
8670,1043,363,4,231.78
8671,1258,473,2,18.24
8672,1113,322,4,128.54
8673,535,548,4,157.52
8674,910,150,5,232.51
8675,761,281,5,224.13
8676,1074,522,3,215.65
8677,294,359,4,243.4
8678,619,530,1,136.98
8679,1798,459,1,150.38
8680,156,460,5,112.26
8681,371,136,5,134.38
8682,1390,132,4,119.44
8683,794,255,5,91.33
8684,1321,241,3,136.02
8685,362,556,2,155.56
8686,1126,155,5,188.9
8687,1654,418,1,239.74
8688,395,416,1,221.94
8689,553,562,4,198.35
8690,1275,118,3,190.86
8691,336,161,3,8.72
8692,1397,575,2,76.66
8693,1450,293,5,167.26
8694,608,533,4,28.56
8695,1957,311,2,100.87
8696,1088,380,5,189.1
8697,1606,504,3,52.52
8698,1720,523,3,195.84
8699,956,166,2,173.26
8700,333,185,2,28.86
8701,66,146,2,153.53
8702,916,142,4,68.4
8703,1127,83,4,206.15
8704,1238,599,1,117.25
8705,1238,7,4,192.11
8706,1608,474,1,38.64
8707,1194,467,4,37.25
8708,1965,457,3,229.67
8709,1591,323,1,166.91
8710,533,97,1,174.68
8711,1157,383,1,196.36
8712,506,304,3,93.2
8713,819,376,2,153.13
8714,203,217,2,95.1
8715,365,50,4,21
8716,1413,17,2,80.59
8717,1387,28,4,115.98
8718,95,576,1,151.56
8719,1704,450,5,16.91
8720,494,547,2,179.19
8721,860,265,3,94.45
8722,46,513,2,15.33
8723,944,329,5,142.08
8724,503,301,4,45.84
8725,792,301,2,45.84
8726,22,164,2,233.68
8727,1670,115,1,226.48
8728,1497,309,4,201.42
8729,893,186,4,78.62
8730,1056,224,2,154.91
8731,871,524,4,36.66
8732,1159,312,5,197.62
8733,1891,367,1,64.54
8734,1252,209,4,115.87
8735,1050,459,2,150.38
8736,1450,67,3,242.6
8737,1808,221,3,20.79
8738,1384,34,4,31.65
8739,1355,352,1,35.94
8740,1267,52,4,152.05
8741,1110,308,3,238.69
8742,1933,47,5,43.46
8743,875,114,3,144.78
8744,1801,572,5,126.63
8745,1718,528,5,21.45
8746,615,371,2,207.69
8747,1415,418,2,239.74
8748,824,237,3,135.53
8749,1829,137,5,23.35
8750,1294,540,3,116.61
8751,336,301,3,45.84
8752,883,283,3,180.56
8753,1811,190,5,228.66
8754,1159,72,1,100.67
8755,108,110,1,158.74
8756,1372,477,3,49.2
8757,511,285,2,95.54
8758,1519,569,1,61.74
8759,519,497,2,227.24
8760,1576,40,1,80.06
8761,515,94,3,179.65
8762,1230,593,4,102.68
8763,87,441,1,145.91
8764,260,340,5,151.05
8765,647,599,4,117.25
8766,952,383,5,196.36
8767,1390,2,3,198.24
8768,1016,383,3,196.36
8769,331,196,3,203.87
8770,1864,306,4,232.45
8771,1871,35,3,205.17
8772,930,118,2,190.86
8773,141,491,1,142.78
8774,846,194,3,12.12
8775,1821,276,2,229.5
8776,412,61,4,197.45
8777,1073,121,1,163.68
8778,836,577,4,129.64
8779,191,320,1,208
8780,1474,457,3,229.67
8781,474,14,3,94.95
8782,703,585,3,90.17
8783,1298,414,1,26.9
8784,1659,230,3,30.93
8785,1704,356,1,113.34
8786,1494,24,5,89.79
8787,281,168,4,19.75
8788,1140,355,4,88.22
8789,686,545,2,31.17
8790,957,491,4,142.78
8791,1750,427,4,129.4
8792,853,312,2,197.62
8793,641,189,4,145.41
8794,693,357,2,247.37
8795,196,142,1,68.4
8796,1869,433,3,39.51
8797,1920,20,5,227.89
8798,558,499,4,21.14
8799,62,193,2,103.63
8800,1931,193,3,103.63
8801,967,561,5,91.92
8802,1778,533,2,28.56
8803,543,59,3,8.03
8804,267,386,1,235.37
8805,1396,365,4,61.37
8806,1164,424,2,229.51
8807,1331,536,4,101.05
8808,1644,5,2,12.49
8809,922,294,3,194.88
8810,1469,586,5,148.25
8811,1954,282,1,122.66
8812,696,184,5,187.08
8813,1939,156,2,139.02
8814,693,584,5,169.83
8815,1927,254,3,171.51
8816,781,325,3,138.52
8817,528,542,3,121.96
8818,1298,28,4,115.98
8819,1440,362,2,232.13
8820,1771,285,2,95.54
8821,657,445,5,223.15
8822,371,350,4,189.88
8823,576,388,3,56.49
8824,586,259,3,63.94
8825,1095,139,4,165
8826,1540,346,3,227.91
8827,514,125,1,133.92
8828,1843,218,4,68.19
8829,1306,194,4,12.12
8830,940,460,4,112.26
8831,1072,404,1,58.5
8832,1563,255,1,91.33
8833,984,444,5,124.61
8834,1770,434,4,216.37
8835,1734,295,4,148.41
8836,947,326,3,169.54
8837,65,194,4,12.12
8838,1497,2,1,198.24
8839,1824,253,5,24.19
8840,455,33,2,81.44
8841,292,124,2,115.1
8842,1718,300,5,239.04
8843,725,362,3,232.13
8844,1461,520,2,18.28
8845,444,492,3,174.3
8846,596,182,2,239.29
8847,78,246,2,108.45
8848,619,543,3,20.48
8849,166,126,2,87.32
8850,1074,417,2,105.27
8851,173,259,5,63.94
8852,1360,17,1,80.59
8853,133,513,2,15.33
8854,911,554,5,135.66
8855,882,67,3,242.6
8856,470,203,5,7.03
8857,1886,290,2,42.8
8858,1228,71,5,27.17
8859,759,590,5,208.71
8860,925,80,1,246.3
8861,1606,295,4,148.41
8862,959,354,3,185.7
8863,1249,145,3,22.77
8864,1176,490,4,136.35
8865,1409,533,2,28.56
8866,888,109,4,240.15
8867,545,124,5,115.1
8868,634,212,3,103.52
8869,986,288,5,31.7
8870,3,183,3,164.88
8871,1974,452,3,154.1
8872,375,399,5,197.36
8873,1644,479,4,113.19
8874,314,150,3,232.51
8875,989,89,4,174.47
8876,1667,135,5,160.81
8877,1485,311,5,100.87
8878,796,304,3,93.2
8879,525,77,1,160.67
8880,1993,352,1,35.94
8881,1907,409,5,19.08
8882,327,281,4,224.13
8883,642,404,1,58.5
8884,1633,573,5,140.64
8885,176,434,5,216.37
8886,1872,341,4,106.71
8887,1008,558,3,154.68
8888,1571,246,4,108.45
8889,375,207,5,130.56
8890,1052,421,1,44.47
8891,967,127,3,246.97
8892,428,561,1,91.92
8893,1100,501,4,203.03
8894,1182,492,2,174.3
8895,1987,269,3,117.58
8896,1299,413,5,92.52
8897,12,529,4,120.1
8898,522,269,4,117.58
8899,769,191,2,37.97
8900,1041,187,5,78.09
8901,790,283,1,180.56
8902,599,368,5,236.39
8903,821,179,2,81.74
8904,843,51,4,45.81
8905,633,85,5,66.88
8906,227,166,4,173.26
8907,147,16,3,95.78
8908,61,62,2,115.47
8909,1099,259,1,63.94
8910,260,346,1,227.91
8911,1131,520,2,18.28
8912,1544,30,2,76.12
8913,940,241,4,136.02
8914,1834,535,5,124.45
8915,1766,569,5,61.74
8916,806,461,3,113.26
8917,640,119,5,180.9
8918,221,490,1,136.35
8919,1856,383,5,196.36
8920,1845,258,4,139.54
8921,894,433,3,39.51
8922,1014,501,1,203.03
8923,919,398,5,18.48
8924,230,396,4,36.78
8925,1045,209,3,115.87
8926,1567,423,4,80.89
8927,1997,230,4,30.93
8928,881,599,3,117.25
8929,1698,179,1,81.74
8930,123,96,1,130.35
8931,258,262,4,165.33
8932,643,452,4,154.1
8933,192,249,1,10.67
8934,954,321,1,32.57
8935,1026,317,1,136.16
8936,435,99,1,224.67
8937,392,417,4,105.27
8938,1632,418,3,239.74
8939,1360,79,1,23.89
8940,954,52,5,152.05
8941,220,452,5,154.1
8942,670,262,1,165.33
8943,582,112,1,81.23
8944,1262,213,2,231.67
8945,781,156,2,139.02
8946,890,154,2,59.41
8947,747,319,3,189.91
8948,1068,466,5,35.22
8949,1633,14,5,94.95
8950,781,136,1,134.38
8951,471,566,4,81.49
8952,263,388,3,56.49
8953,882,11,1,224.42
8954,691,84,3,78.24
8955,1753,417,3,105.27
8956,446,402,2,13.66
8957,143,427,2,129.4
8958,1163,168,3,19.75
8959,61,19,1,104.09
8960,1213,16,3,95.78
8961,79,591,5,165.89
8962,1175,392,4,235.07
8963,1210,535,4,124.45
8964,936,526,4,237.96
8965,262,165,1,51.58
8966,867,31,3,165.88
8967,1287,197,2,55.06
8968,876,491,2,142.78
8969,338,241,2,136.02
8970,1298,395,5,96.32
8971,1770,549,1,163.42
8972,1863,50,2,21
8973,1889,148,4,189.09
8974,351,54,3,147.09
8975,959,168,4,19.75
8976,1487,496,1,152.06
8977,1756,267,2,77.35
8978,1798,490,4,136.35
8979,1376,524,2,36.66
8980,628,327,2,242.1
8981,378,99,3,224.67
8982,1800,25,4,151.96
8983,1789,17,2,80.59
8984,810,430,2,210.25
8985,1436,175,4,246.25
8986,677,568,3,197.94
8987,866,579,1,193.72
8988,1682,545,5,31.17
8989,1105,563,3,217.58
8990,1475,197,2,55.06
8991,1299,449,5,106.91
8992,1146,32,4,177.14
8993,651,359,4,243.4
8994,1115,212,2,103.52
8995,1617,143,1,213.68
8996,1774,16,1,95.78
8997,1953,90,3,68.48
8998,1232,405,2,199.74
8999,1920,443,3,214.05
9000,574,307,2,99.14
9001,605,518,1,21
9002,1173,316,2,60.15
9003,605,244,5,60.13
9004,1278,276,3,229.5
9005,355,391,1,112.06
9006,661,269,3,117.58
9007,482,265,4,94.45
9008,114,168,5,19.75
9009,1358,586,3,148.25
9010,935,473,5,18.24
9011,1500,140,4,154.37
9012,698,190,1,228.66
9013,393,54,5,147.09
9014,173,581,1,122.34
9015,202,137,2,23.35
9016,235,536,1,101.05
9017,751,318,3,177.82
9018,1017,469,5,46.6
9019,1850,349,3,179.18
9020,129,376,1,153.13
9021,1814,330,4,57.51
9022,400,8,1,61.56
9023,1558,530,1,136.98
9024,1954,192,3,177.21
9025,376,594,3,99.59
9026,1752,566,4,81.49
9027,472,367,5,64.54
9028,1535,247,3,206.44
9029,192,133,5,22.09
9030,705,461,1,113.26
9031,1926,214,4,118.77
9032,1607,569,2,61.74
9033,1640,36,1,40.88
9034,629,88,3,10.98
9035,103,183,3,164.88
9036,881,408,3,54.06
9037,1592,273,2,196.82
9038,202,396,2,36.78
9039,560,66,2,100.86
9040,17,218,5,68.19
9041,791,275,3,142.78
9042,1237,464,1,7.05
9043,1172,573,3,140.64
9044,1250,11,2,224.42
9045,288,125,1,133.92
9046,408,81,3,178.78
9047,634,17,5,80.59
9048,1950,353,5,56.59
9049,60,576,3,151.56
9050,491,316,3,60.15
9051,55,414,3,26.9
9052,1481,338,1,70.64
9053,1534,4,4,70.25
9054,1297,568,4,197.94
9055,290,525,5,33.72
9056,530,448,3,69.31
9057,515,83,5,206.15
9058,1937,536,3,101.05
9059,1159,418,3,239.74
9060,543,455,1,183.96
9061,1295,63,2,111.6
9062,1415,250,5,66.45
9063,479,20,5,227.89
9064,921,49,1,233.39
9065,544,539,2,135.83
9066,1337,433,1,39.51
9067,464,276,1,229.5
9068,473,201,1,115.79
9069,1988,224,5,154.91
9070,1665,578,4,142.5
9071,427,392,2,235.07
9072,1128,499,3,21.14
9073,220,176,4,167.74
9074,727,577,5,129.64
9075,1683,3,4,111.03
9076,279,362,2,232.13
9077,123,235,3,61
9078,1865,310,3,180.45
9079,1414,446,1,106.81
9080,1489,281,5,224.13
9081,1852,505,2,34.36
9082,47,139,5,165
9083,951,282,5,122.66
9084,1498,50,5,21
9085,438,394,4,33.17
9086,292,431,3,93.14
9087,492,34,1,31.65
9088,1804,118,4,190.86
9089,884,184,5,187.08
9090,1619,544,4,68.5
9091,91,20,1,227.89
9092,1911,320,1,208
9093,487,475,5,132.88
9094,1273,4,4,70.25
9095,1051,18,5,46.31
9096,293,18,1,46.31
9097,99,531,4,64.24
9098,1683,412,2,182.36
9099,1338,164,5,233.68
9100,1209,317,2,136.16
9101,1303,349,2,179.18
9102,1245,531,4,64.24
9103,330,193,2,103.63
9104,939,472,3,115.1
9105,487,2,3,198.24
9106,1301,16,3,95.78
9107,1191,327,5,242.1
9108,949,166,3,173.26
9109,1867,236,2,41.34
9110,1623,246,2,108.45
9111,604,374,2,45.52
9112,23,240,4,87.91
9113,1738,65,1,14.71
9114,139,79,2,23.89
9115,1072,443,5,214.05
9116,682,478,2,243.97
9117,509,555,5,225.06
9118,746,524,3,36.66
9119,1551,400,4,54.03
9120,1109,58,5,117.15
9121,1213,76,2,70.68
9122,867,418,2,239.74
9123,241,82,5,223.97
9124,1438,567,1,200.56
9125,1228,173,2,214.37
9126,986,277,2,166.1
9127,103,75,1,58.94
9128,1194,132,4,119.44
9129,1887,2,1,198.24
9130,1641,312,5,197.62
9131,765,249,5,10.67
9132,211,476,5,124.63
9133,1546,242,4,163.04
9134,956,363,3,231.78
9135,1972,498,1,7.05
9136,675,270,5,233.71
9137,1634,534,2,5.88
9138,995,4,5,70.25
9139,1325,396,1,36.78
9140,1563,48,1,110.16
9141,1853,100,4,43.17
9142,892,249,4,10.67
9143,585,223,4,164.17
9144,748,144,2,232.36
9145,1674,446,4,106.81
9146,258,541,2,129.94
9147,389,433,1,39.51
9148,798,258,1,139.54
9149,954,191,3,37.97
9150,2000,575,4,76.66
9151,600,13,1,122.66
9152,154,223,4,164.17
9153,1841,209,2,115.87
9154,1776,289,1,117.41
9155,166,424,4,229.51
9156,449,80,1,246.3
9157,1033,267,1,77.35
9158,1786,279,5,200.56
9159,1397,135,4,160.81
9160,133,276,5,229.5
9161,1734,491,5,142.78
9162,1178,352,2,35.94
9163,1916,529,4,120.1
9164,1162,2,3,198.24
9165,5,46,1,9.21
9166,495,572,1,126.63
9167,406,136,4,134.38
9168,221,239,2,125.37
9169,1777,483,2,154.7
9170,586,232,4,160.25
9171,1646,339,2,9.27
9172,679,578,1,142.5
9173,57,284,4,165.87
9174,533,274,1,205.83
9175,1067,421,4,44.47
9176,1125,414,5,26.9
9177,1248,279,2,200.56
9178,1621,378,4,175.59
9179,1723,322,3,128.54
9180,115,209,3,115.87
9181,295,31,4,165.88
9182,807,560,2,233.09
9183,810,501,3,203.03
9184,1489,592,1,243.21
9185,140,564,5,42.97
9186,1684,321,3,32.57
9187,40,384,4,11.67
9188,1003,163,5,13.69
9189,756,210,5,139.75
9190,1780,579,2,193.72
9191,1150,217,5,95.1
9192,49,449,4,106.91
9193,1235,560,4,233.09
9194,1443,26,5,215.95
9195,1913,147,5,195.72
9196,237,379,2,18.29
9197,508,282,4,122.66
9198,1357,265,1,94.45
9199,1289,110,1,158.74
9200,1420,341,5,106.71
9201,1510,432,2,52.86
9202,770,85,5,66.88
9203,344,552,2,46.56
9204,912,74,2,86.91
9205,718,243,3,122.7
9206,434,325,4,138.52
9207,677,175,1,246.25
9208,1078,490,4,136.35
9209,579,232,2,160.25
9210,864,64,1,179.34
9211,1430,111,5,47.35
9212,469,76,4,70.68
9213,1762,325,1,138.52
9214,1245,480,4,188.06
9215,205,597,1,25.44
9216,1013,296,5,199.63
9217,1789,553,1,141
9218,1336,441,1,145.91
9219,1295,166,4,173.26
9220,1015,358,1,178.19
9221,638,278,3,97.19
9222,495,400,1,54.03
9223,1943,105,4,213.49
9224,1,216,3,40.45
9225,1817,584,2,169.83
9226,476,363,1,231.78
9227,1030,483,2,154.7
9228,1160,380,1,189.1
9229,340,194,3,12.12
9230,1085,76,1,70.68
9231,807,223,2,164.17
9232,1728,478,4,243.97
9233,1447,169,3,109.98
9234,353,417,3,105.27
9235,516,285,3,95.54
9236,1703,170,2,139
9237,344,192,4,177.21
9238,205,76,5,70.68
9239,1142,521,5,110.4
9240,1190,7,3,192.11
9241,1792,366,2,236.73
9242,1962,21,1,197
9243,671,158,2,16.32
9244,850,472,3,115.1
9245,1954,65,2,14.71
9246,756,259,1,63.94
9247,1819,293,5,167.26
9248,1480,91,2,47.18
9249,225,538,1,227.76
9250,848,326,1,169.54
9251,1826,193,1,103.63
9252,1422,153,5,167.42
9253,1331,426,4,182.91
9254,1779,222,4,30.3
9255,246,586,2,148.25
9256,1992,137,1,23.35
9257,196,570,1,176.81
9258,1260,114,5,144.78
9259,451,25,3,151.96
9260,1017,70,1,65.36
9261,401,107,3,240.06
9262,100,582,3,201.39
9263,1271,84,2,78.24
9264,1508,332,1,209.27
9265,1420,229,3,172.08
9266,860,375,3,153.81
9267,1217,190,1,228.66
9268,1061,20,3,227.89
9269,1229,529,3,120.1
9270,765,153,5,167.42
9271,430,85,4,66.88
9272,1017,326,5,169.54
9273,877,588,3,219.78
9274,150,293,3,167.26
9275,93,434,2,216.37
9276,41,227,2,202.25
9277,1881,506,1,37.78
9278,294,203,4,7.03
9279,621,478,1,243.97
9280,49,3,3,111.03
9281,1913,588,4,219.78
9282,1856,360,5,243.58
9283,34,452,3,154.1
9284,798,415,3,153.21
9285,460,276,5,229.5
9286,1623,276,4,229.5
9287,1671,158,2,16.32
9288,1263,65,4,14.71
9289,1756,457,2,229.67
9290,2,152,1,177.46
9291,377,527,3,41.86
9292,1196,583,5,201.79
9293,460,41,1,187.24
9294,240,533,3,28.56
9295,346,381,3,8.67
9296,1079,17,4,80.59
9297,7,26,2,215.95
9298,1157,166,5,173.26
9299,849,258,3,139.54
9300,1096,313,5,107.23
9301,1202,187,3,78.09
9302,430,204,4,23.72
9303,1223,445,3,223.15
9304,717,307,2,99.14
9305,1822,61,5,197.45
9306,1451,56,3,33.1
9307,1699,275,2,142.78
9308,504,48,2,110.16
9309,858,26,2,215.95
9310,205,523,1,195.84
9311,659,394,1,33.17
9312,1114,252,1,65.99
9313,959,158,2,16.32
9314,585,250,2,66.45
9315,1859,499,2,21.14
9316,1941,57,5,143.66
9317,1795,555,3,225.06
9318,1195,452,3,154.1
9319,82,542,5,121.96
9320,1221,438,3,50.07
9321,698,194,3,12.12
9322,1609,357,2,247.37
9323,1860,311,2,100.87
9324,1702,134,2,45.21
9325,142,42,5,7.08
9326,1300,304,1,93.2
9327,208,590,3,208.71
9328,1390,77,2,160.67
9329,1841,159,5,222.76
9330,174,137,2,23.35
9331,1755,272,5,208.78
9332,846,515,3,86.3
9333,682,560,4,233.09
9334,123,201,5,115.79
9335,48,20,4,227.89
9336,718,583,1,201.79
9337,976,48,4,110.16
9338,777,167,3,85.8
9339,1099,360,2,243.58
9340,1695,168,5,19.75
9341,589,399,3,197.36
9342,1782,563,4,217.58
9343,1802,49,1,233.39
9344,1172,282,1,122.66
9345,241,493,1,64.05
9346,1069,313,2,107.23
9347,1125,182,2,239.29
9348,1438,423,1,80.89
9349,1971,551,3,154.7
9350,231,45,2,125.63
9351,32,327,2,242.1
9352,843,385,2,79.12
9353,177,226,1,248.81
9354,128,115,1,226.48
9355,214,10,4,159.19
9356,691,380,2,189.1
9357,156,557,2,214.74
9358,98,590,3,208.71
9359,1437,150,1,232.51
9360,1818,423,2,80.89
9361,39,274,4,205.83
9362,1547,591,2,165.89
9363,1394,264,2,170.77
9364,1003,437,4,194.26
9365,1099,40,4,80.06
9366,839,566,2,81.49
9367,507,272,3,208.78
9368,248,136,5,134.38
9369,1741,311,1,100.87
9370,1633,265,5,94.45
9371,1088,553,5,141
9372,179,448,2,69.31
9373,855,43,4,47.02
9374,536,84,4,78.24
9375,1361,46,3,9.21
9376,1953,500,2,179.13
9377,1783,411,1,179.94
9378,419,196,5,203.87
9379,71,420,5,45.9
9380,1384,245,4,172.77
9381,1550,493,5,64.05
9382,166,162,3,67.27
9383,1344,319,2,189.91
9384,381,544,1,68.5
9385,703,303,5,176.14
9386,139,484,4,30.33
9387,1574,330,2,57.51
9388,577,1,4,33.89
9389,754,308,3,238.69
9390,251,62,5,115.47
9391,1343,16,5,95.78
9392,1337,383,3,196.36
9393,347,369,3,172.68
9394,1653,294,1,194.88
9395,1471,135,3,160.81
9396,1746,142,5,68.4
9397,932,162,1,67.27
9398,1355,572,5,126.63
9399,52,59,4,8.03
9400,1872,380,1,189.1
9401,960,457,2,229.67
9402,1698,309,4,201.42
9403,295,5,1,12.49
9404,1327,333,4,132.85
9405,1735,291,3,118.79
9406,414,404,4,58.5
9407,311,231,2,132.58
9408,1670,165,4,51.58
9409,628,22,4,109.39
9410,665,287,2,210.74
9411,540,476,4,124.63
9412,459,249,4,10.67
9413,522,430,4,210.25
9414,192,336,4,147.91
9415,174,20,3,227.89
9416,140,340,2,151.05
9417,1836,497,1,227.24
9418,678,447,2,9.67
9419,1014,424,5,229.51
9420,1962,368,3,236.39
9421,1676,571,3,65.96
9422,381,399,5,197.36
9423,1268,354,2,185.7
9424,120,577,2,129.64
9425,1111,28,1,115.98
9426,1461,202,3,182.83
9427,528,248,5,171.77
9428,729,275,4,142.78
9429,1891,436,4,72.85
9430,290,583,1,201.79
9431,1342,238,3,71.19
9432,95,180,5,214.69
9433,355,234,1,18.83
9434,1821,357,2,247.37
9435,1148,562,2,198.35
9436,674,127,4,246.97
9437,947,575,5,76.66
9438,551,540,5,116.61
9439,1913,467,1,37.25
9440,301,282,5,122.66
9441,1180,351,1,23.35
9442,1792,49,5,233.39
9443,84,366,4,236.73
9444,1485,513,1,15.33
9445,856,475,5,132.88
9446,1761,322,5,128.54
9447,728,400,5,54.03
9448,1261,199,4,10.35
9449,1586,50,5,21
9450,956,307,3,99.14
9451,1565,52,3,152.05
9452,1720,323,3,166.91
9453,1345,538,2,227.76
9454,204,380,3,189.1
9455,1993,304,4,93.2
9456,282,200,1,223.36
9457,1037,295,5,148.41
9458,1940,473,4,18.24
9459,360,371,5,207.69
9460,302,172,3,48.51
9461,1779,52,1,152.05
9462,555,306,3,232.45
9463,654,487,5,186.5
9464,881,310,4,180.45
9465,1149,76,4,70.68
9466,539,592,3,243.21
9467,573,550,4,32.45
9468,915,74,3,86.91
9469,1489,346,2,227.91
9470,1030,256,4,104.26
9471,1233,380,1,189.1
9472,1005,461,5,113.26
9473,167,591,1,165.89
9474,823,398,2,18.48
9475,815,414,4,26.9
9476,346,370,1,94.05
9477,1596,459,2,150.38
9478,302,581,3,122.34
9479,61,435,2,130.55
9480,1215,56,4,33.1
9481,868,201,4,115.79
9482,1240,391,3,112.06
9483,586,58,2,117.15
9484,436,277,4,166.1
9485,980,188,1,133.9
9486,306,525,1,33.72
9487,733,566,4,81.49
9488,886,41,2,187.24
9489,1768,306,2,232.45
9490,1413,558,2,154.68
9491,479,8,5,61.56
9492,1994,525,1,33.72
9493,1145,17,5,80.59
9494,1740,17,2,80.59
9495,1509,357,3,247.37
9496,1222,290,4,42.8
9497,1118,197,5,55.06
9498,1595,38,5,133.35
9499,1635,552,5,46.56
9500,1829,90,2,68.48
9501,1802,545,1,31.17
9502,1504,9,5,231.99
9503,694,116,5,241.41
9504,1290,284,5,165.87
9505,75,534,3,5.88
9506,494,555,2,225.06
9507,973,31,2,165.88
9508,414,16,3,95.78
9509,1694,6,1,173.19
9510,1277,548,5,157.52
9511,575,247,5,206.44
9512,1151,419,1,79.09
9513,307,371,2,207.69
9514,158,381,4,8.67
9515,1881,379,5,18.29
9516,612,5,4,12.49
9517,228,501,1,203.03
9518,1132,306,1,232.45
9519,1162,190,3,228.66
9520,1106,532,1,112.28
9521,1201,290,2,42.8
9522,906,116,2,241.41
9523,1279,539,3,135.83
9524,1795,219,3,111.21
9525,930,407,4,240.64
9526,797,25,3,151.96
9527,586,546,3,120.07
9528,825,381,1,8.67
9529,1510,481,5,129.33
9530,1875,370,1,94.05
9531,1699,67,2,242.6
9532,468,404,3,58.5
9533,776,148,5,189.09
9534,1228,8,2,61.56
9535,15,9,3,231.99
9536,395,399,2,197.36
9537,1274,84,1,78.24
9538,323,317,4,136.16
9539,751,585,4,90.17
9540,871,413,2,92.52
9541,1465,256,4,104.26
9542,1202,429,1,221.89
9543,324,74,5,86.91
9544,807,135,4,160.81
9545,465,76,2,70.68
9546,1201,599,2,117.25
9547,1166,28,1,115.98
9548,1003,567,5,200.56
9549,125,355,3,88.22
9550,165,319,1,189.91
9551,358,213,2,231.67
9552,953,495,4,107.84
9553,1786,23,5,235.55
9554,1535,186,2,78.62
9555,257,265,1,94.45
9556,1118,33,2,81.44
9557,1132,553,3,141
9558,1170,511,2,98.99
9559,1709,155,5,188.9
9560,1000,2,3,198.24
9561,1881,347,3,149.45
9562,1985,67,2,242.6
9563,921,26,5,215.95
9564,573,405,4,199.74
9565,392,120,2,196.86
9566,880,278,1,97.19
9567,1892,291,2,118.79
9568,475,98,1,176.81
9569,1062,156,4,139.02
9570,1945,282,4,122.66
9571,740,192,1,177.21
9572,740,157,3,85.88
9573,1885,478,1,243.97
9574,300,519,4,169.02
9575,173,115,3,226.48
9576,1956,79,1,23.89
9577,829,39,1,19.4
9578,1484,256,4,104.26
9579,1901,101,1,172
9580,72,431,2,93.14
9581,1288,588,1,219.78
9582,1902,351,3,23.35
9583,511,583,2,201.79
9584,612,469,4,46.6
9585,731,7,5,192.11
9586,680,335,2,223.36
9587,1655,495,1,107.84
9588,1164,73,4,82.6
9589,16,402,5,13.66
9590,1214,11,3,224.42
9591,1372,391,1,112.06
9592,453,85,2,66.88
9593,449,59,4,8.03
9594,936,459,4,150.38
9595,253,75,3,58.94
9596,163,233,1,215.96
9597,314,327,5,242.1
9598,1331,52,1,152.05
9599,1628,283,5,180.56
9600,937,199,5,10.35
9601,661,228,3,217.27
9602,1871,274,3,205.83
9603,539,129,4,212.34
9604,1640,345,2,86.95
9605,297,277,4,166.1
9606,818,482,2,128.85
9607,436,67,5,242.6
9608,740,578,1,142.5
9609,1097,359,3,243.4
9610,87,230,5,30.93
9611,1108,326,3,169.54
9612,988,208,2,137.8
9613,1099,67,3,242.6
9614,182,348,4,248.93
9615,1027,532,3,112.28
9616,1092,235,4,61
9617,1442,45,5,125.63
9618,603,292,3,247.95
9619,720,437,3,194.26
9620,450,537,2,227.69
9621,305,365,2,61.37
9622,1525,386,5,235.37
9623,409,115,2,226.48
9624,1837,544,3,68.5
9625,1654,103,5,202.95
9626,978,21,4,197
9627,971,264,2,170.77
9628,954,428,3,165.28
9629,585,118,3,190.86
9630,1038,365,2,61.37
9631,735,286,2,112.95
9632,179,163,1,13.69
9633,534,196,2,203.87
9634,456,135,1,160.81
9635,520,177,1,185.47
9636,1175,557,5,214.74
9637,1895,378,2,175.59
9638,296,544,4,68.5
9639,239,131,4,42.26
9640,1208,70,1,65.36
9641,393,525,2,33.72
9642,1881,262,3,165.33
9643,1843,57,2,143.66
9644,813,65,4,14.71
9645,1908,187,3,78.09
9646,793,51,5,45.81
9647,1215,152,4,177.46
9648,90,310,4,180.45
9649,1026,135,3,160.81
9650,1201,64,2,179.34
9651,1152,200,1,223.36
9652,400,544,2,68.5
9653,838,325,1,138.52
9654,29,360,3,243.58
9655,636,378,2,175.59
9656,129,230,5,30.93
9657,895,375,5,153.81
9658,493,249,2,10.67
9659,1897,516,2,39.97
9660,567,145,1,22.77
9661,556,321,2,32.57
9662,1430,326,4,169.54
9663,1573,210,2,139.75
9664,334,134,1,45.21
9665,1790,518,4,21
9666,1667,62,4,115.47
9667,1356,573,3,140.64
9668,1809,134,2,45.21
9669,1400,573,4,140.64
9670,1586,588,1,219.78
9671,1878,152,4,177.46
9672,76,308,1,238.69
9673,1387,310,3,180.45
9674,766,260,2,137.01
9675,211,505,1,34.36
9676,743,227,4,202.25
9677,881,239,3,125.37
9678,1176,110,3,158.74
9679,1300,292,5,247.95
9680,288,493,2,64.05
9681,86,241,5,136.02
9682,944,50,3,21
9683,617,591,2,165.89
9684,574,377,3,61.88
9685,1071,81,1,178.78
9686,1761,393,4,110.24
9687,948,550,3,32.45
9688,1421,226,2,248.81
9689,567,585,2,90.17
9690,1824,511,4,98.99
9691,886,309,2,201.42
9692,509,445,3,223.15
9693,780,59,5,8.03
9694,1219,584,3,169.83
9695,1877,520,4,18.28
9696,559,317,2,136.16
9697,772,41,1,187.24
9698,1785,296,1,199.63
9699,160,179,5,81.74
9700,1911,340,3,151.05
9701,1726,578,1,142.5
9702,546,363,2,231.78
9703,1506,331,3,28.04
9704,1951,153,5,167.42
9705,886,1,1,33.89
9706,319,593,1,102.68
9707,1728,274,3,205.83
9708,307,89,3,174.47
9709,709,362,5,232.13
9710,528,414,5,26.9
9711,1741,110,3,158.74
9712,1951,540,1,116.61
9713,962,503,1,97.02
9714,678,398,3,18.48
9715,1032,369,4,172.68
9716,926,304,1,93.2
9717,366,34,2,31.65
9718,224,145,1,22.77
9719,1214,456,1,132.24
9720,472,329,3,142.08
9721,714,357,5,247.37
9722,774,244,4,60.13
9723,1637,362,4,232.13
9724,312,106,4,45.36
9725,852,273,1,196.82
9726,1520,36,4,40.88
9727,1962,90,4,68.48
9728,221,32,2,177.14
9729,1248,136,1,134.38
9730,724,292,1,247.95
9731,1141,40,2,80.06
9732,1743,76,1,70.68
9733,24,18,1,46.31
9734,123,522,2,215.65
9735,1401,387,2,159.29
9736,281,553,2,141
9737,72,546,1,120.07
9738,1898,262,2,165.33
9739,1986,315,1,54.59
9740,449,466,1,35.22
9741,1828,107,2,240.06
9742,1844,503,1,97.02
9743,1819,117,5,127.59
9744,1462,492,3,174.3
9745,896,308,3,238.69
9746,200,401,3,49.76
9747,1981,600,2,64.63
9748,888,356,4,113.34
9749,1058,555,5,225.06
9750,1000,103,1,202.95
9751,1116,590,3,208.71
9752,1359,126,2,87.32
9753,188,424,5,229.51
9754,232,462,1,37.99
9755,97,357,5,247.37
9756,1641,178,2,26.02
9757,550,500,4,179.13
9758,738,181,5,128.17
9759,490,90,4,68.48
9760,1844,155,2,188.9
9761,1145,266,1,209.12
9762,1611,198,2,199.58
9763,125,556,4,155.56
9764,999,3,1,111.03
9765,275,389,4,5.36
9766,88,397,4,169.75
9767,1545,141,5,123.49
9768,1528,581,4,122.34
9769,630,327,5,242.1
9770,542,364,2,12.9
9771,129,406,4,209.08
9772,1188,378,2,175.59
9773,56,162,1,67.27
9774,1599,254,4,171.51
9775,575,120,5,196.86
9776,1762,202,3,182.83
9777,71,220,4,237.59
9778,383,430,2,210.25
9779,1144,299,5,244.63
9780,414,526,5,237.96
9781,1486,116,1,241.41
9782,1039,265,5,94.45
9783,1490,449,4,106.91
9784,1073,560,2,233.09
9785,184,548,4,157.52
9786,1729,521,5,110.4
9787,1199,147,5,195.72
9788,357,6,1,173.19
9789,654,278,4,97.19
9790,1575,419,4,79.09
9791,1064,170,5,139
9792,1903,284,4,165.87
9793,475,210,2,139.75
9794,1061,577,3,129.64
9795,551,185,1,28.86
9796,1701,14,1,94.95
9797,555,449,3,106.91
9798,932,443,1,214.05
9799,971,227,3,202.25
9800,560,76,4,70.68
9801,177,465,4,165.34
9802,1675,387,4,159.29
9803,1930,476,5,124.63
9804,774,526,5,237.96
9805,1422,7,1,192.11
9806,1190,462,5,37.99
9807,1067,4,5,70.25
9808,307,259,2,63.94
9809,1705,17,3,80.59
9810,199,392,1,235.07
9811,990,95,2,16.81
9812,454,19,5,104.09
9813,1304,359,1,243.4
9814,677,157,1,85.88
9815,1703,172,5,48.51
9816,1051,440,5,162.74
9817,42,388,4,56.49
9818,982,596,5,181.75
9819,726,515,2,86.3
9820,1305,298,1,99.81
9821,1240,348,3,248.93
9822,1297,390,1,126.99
9823,194,277,5,166.1
9824,800,221,1,20.79
9825,1032,390,2,126.99
9826,31,515,1,86.3
9827,1483,596,2,181.75
9828,1648,244,3,60.13
9829,1925,362,2,232.13
9830,1066,166,4,173.26
9831,1429,546,4,120.07
9832,642,337,1,248.3
9833,1148,514,1,200.33
9834,1686,65,4,14.71
9835,1656,186,5,78.62
9836,221,590,5,208.71
9837,717,291,4,118.79
9838,1885,516,3,39.97
9839,616,159,5,222.76
9840,1885,127,1,246.97
9841,1876,405,5,199.74
9842,1537,306,1,232.45
9843,616,504,4,52.52
9844,372,204,1,23.72
9845,592,32,5,177.14
9846,1913,447,4,9.67
9847,1644,522,5,215.65
9848,1836,576,4,151.56
9849,1721,252,3,65.99
9850,277,295,5,148.41
9851,1084,242,3,163.04
9852,1157,70,5,65.36
9853,1342,90,1,68.48
9854,100,15,3,112.55
9855,762,88,1,10.98
9856,152,148,4,189.09
9857,1680,384,3,11.67
9858,1002,100,4,43.17
9859,1968,260,2,137.01
9860,1300,219,3,111.21
9861,926,64,1,179.34
9862,57,212,5,103.52
9863,483,416,4,221.94
9864,1039,516,4,39.97
9865,167,320,3,208
9866,294,162,1,67.27
9867,48,403,4,142.82
9868,810,521,5,110.4
9869,1826,432,5,52.86
9870,526,498,5,7.05
9871,60,468,5,140.82
9872,250,420,3,45.9
9873,1500,397,3,169.75
9874,1833,482,5,128.85
9875,1908,370,1,94.05
9876,136,308,5,238.69
9877,1682,312,4,197.62
9878,1941,282,5,122.66
9879,1185,428,2,165.28
9880,1809,332,5,209.27
9881,397,308,3,238.69
9882,526,575,4,76.66
9883,1046,455,1,183.96
9884,1779,70,1,65.36
9885,1366,533,3,28.56
9886,1554,295,1,148.41
9887,252,231,2,132.58
9888,1095,335,3,223.36
9889,1190,471,4,34.17
9890,22,443,3,214.05
9891,1004,383,1,196.36
9892,1466,358,1,178.19
9893,1040,327,3,242.1
9894,848,296,2,199.63
9895,1533,280,4,88.67
9896,581,311,3,100.87
9897,1051,260,2,137.01
9898,1020,416,2,221.94
9899,997,45,5,125.63
9900,1521,178,4,26.02
9901,1498,408,2,54.06
9902,472,548,3,157.52
9903,53,187,3,78.09
9904,1487,582,1,201.39
9905,1955,131,2,42.26
9906,254,521,4,110.4
9907,72,154,5,59.41
9908,1059,583,5,201.79
9909,1546,393,2,110.24
9910,952,355,1,88.22
9911,1027,62,5,115.47
9912,1099,441,3,145.91
9913,68,549,3,163.42
9914,564,16,1,95.78
9915,306,105,2,213.49
9916,1364,527,4,41.86
9917,1688,309,2,201.42
9918,1761,104,5,240.06
9919,1032,136,5,134.38
9920,448,13,5,122.66
9921,1227,254,4,171.51
9922,101,208,2,137.8
9923,1746,397,3,169.75
9924,1192,403,5,142.82
9925,1526,289,4,117.41
9926,572,49,2,233.39
9927,1409,35,1,205.17
9928,1881,507,5,10.08
9929,1820,315,2,54.59
9930,59,460,5,112.26
9931,1699,403,4,142.82
9932,1773,195,3,227.17
9933,1489,546,2,120.07
9934,1353,452,1,154.1
9935,331,304,5,93.2
9936,1222,10,1,159.19
9937,1817,455,1,183.96
9938,1041,186,2,78.62
9939,1671,581,5,122.34
9940,220,348,5,248.93
9941,1075,455,2,183.96
9942,837,490,5,136.35
9943,1161,276,1,229.5
9944,683,259,2,63.94
9945,379,469,1,46.6
9946,1973,103,2,202.95
9947,1679,487,5,186.5
9948,690,304,2,93.2
9949,1431,506,1,37.78
9950,925,229,1,172.08
9951,555,114,3,144.78
9952,1313,390,3,126.99
9953,1463,390,1,126.99
9954,323,233,1,215.96
9955,233,245,3,172.77
9956,1544,504,2,52.52
9957,1076,339,2,9.27
9958,649,22,3,109.39
9959,1407,23,4,235.55
9960,208,63,1,111.6
9961,814,241,5,136.02
9962,1593,557,2,214.74
9963,281,570,5,176.81
9964,169,345,4,86.95
9965,234,37,4,138.45
9966,876,408,4,54.06
9967,1708,278,3,97.19
9968,1052,121,5,163.68
9969,1060,409,3,19.08
9970,1593,528,2,21.45
9971,1534,383,3,196.36
9972,1844,207,1,130.56
9973,184,221,1,20.79
9974,430,31,5,165.88
9975,1403,340,4,151.05
9976,479,399,2,197.36
9977,1623,463,2,242.61
9978,1721,583,1,201.79
9979,437,410,1,238.4
9980,1082,347,2,149.45
9981,1883,408,1,54.06
9982,23,471,4,34.17
9983,975,6,2,173.19
9984,1595,218,4,68.19
9985,1522,577,2,129.64
9986,749,459,3,150.38
9987,1136,280,4,88.67
9988,1517,187,4,78.09
9989,1519,77,1,160.67
9990,1248,102,2,131.19
9991,838,378,2,175.59
9992,1241,456,3,132.24
9993,5,254,3,171.51
9994,440,197,1,55.06
9995,1409,438,2,50.07
9996,638,332,3,209.27
9997,962,87,3,101.95
9998,1674,563,2,217.58
9999,855,178,5,26.02
10000,1999,379,1,18.29
10001,323,313,1,107.23
10002,985,266,1,209.12
10003,1110,344,5,147.77
10004,330,533,2,28.56
10005,977,121,4,163.68
10006,1857,435,1,130.55
10007,440,532,4,112.28
10008,732,317,5,136.16
10009,553,302,4,248.06
10010,901,282,4,122.66
10011,272,587,2,157.08
10012,1716,595,3,114.2
10013,114,141,4,123.49
10014,1963,516,1,39.97
10015,479,559,2,210.93
10016,1678,373,5,151.99
10017,851,161,2,8.72
10018,520,454,1,245.66
10019,1491,500,4,179.13
10020,1263,599,3,117.25
10021,1619,127,2,246.97
10022,63,459,2,150.38
10023,476,546,5,120.07
10024,875,1,3,33.89
10025,632,527,3,41.86
10026,822,126,5,87.32
10027,622,7,5,192.11
10028,24,280,4,88.67
10029,280,73,1,82.6
10030,556,88,5,10.98
10031,1687,293,4,167.26
10032,1540,292,1,247.95
10033,1474,210,3,139.75
10034,456,181,5,128.17
10035,1570,484,5,30.33
10036,681,213,2,231.67
10037,1665,107,3,240.06
10038,264,101,3,172
10039,1820,506,5,37.78
10040,420,554,3,135.66
10041,1793,243,4,122.7
10042,1755,3,4,111.03
10043,1133,368,2,236.39
10044,1665,563,2,217.58
10045,1300,67,4,242.6
10046,1867,317,5,136.16
10047,1340,86,3,139.57
10048,482,151,4,222.77
10049,294,53,2,88.37
10050,153,307,2,99.14
10051,334,598,2,180.11
10052,1707,191,2,37.97
10053,1984,165,4,51.58
10054,545,37,4,138.45
10055,519,23,3,235.55
10056,276,427,4,129.4
10057,1627,533,3,28.56
10058,1133,60,5,33.2
10059,1166,557,1,214.74
10060,1968,11,5,224.42
10061,800,403,4,142.82
10062,539,432,3,52.86
10063,396,543,3,20.48
10064,352,566,4,81.49
10065,1214,516,5,39.97
10066,1329,212,1,103.52
10067,6,385,4,79.12
10068,641,502,4,135.74
10069,1317,562,4,198.35
10070,903,126,2,87.32
10071,1258,131,1,42.26
10072,1975,263,5,114.14
10073,682,526,5,237.96
10074,1430,537,3,227.69
10075,1853,110,4,158.74
10076,1062,243,1,122.7
10077,1745,332,4,209.27
10078,948,509,5,37.72
10079,614,438,3,50.07
10080,1905,282,3,122.66
10081,1941,96,3,130.35
10082,50,39,4,19.4
10083,38,66,2,100.86
10084,1811,141,5,123.49
10085,235,218,5,68.19
10086,855,520,3,18.28
10087,1169,290,1,42.8
10088,1284,249,3,10.67
10089,355,375,1,153.81
10090,569,94,5,179.65
10091,1425,11,4,224.42
10092,1728,475,4,132.88
10093,1294,241,2,136.02
10094,698,419,4,79.09
10095,1862,23,2,235.55
10096,1819,69,4,68.48
10097,1626,490,2,136.35
10098,75,320,3,208
10099,797,410,2,238.4
10100,982,558,4,154.68
10101,1879,278,1,97.19
10102,1515,238,5,71.19
10103,651,536,4,101.05
10104,298,279,3,200.56
10105,196,150,1,232.51
10106,492,195,5,227.17
10107,991,234,1,18.83
10108,104,175,1,246.25
10109,74,329,1,142.08
10110,1657,304,1,93.2
10111,26,320,3,208
10112,394,591,1,165.89
10113,1832,31,3,165.88
10114,813,325,1,138.52
10115,1654,97,5,174.68
10116,1268,354,1,185.7
10117,344,219,1,111.21
10118,979,442,3,82.44
10119,511,429,2,221.89
10120,1773,578,4,142.5
10121,478,543,3,20.48
10122,828,247,2,206.44
10123,662,224,5,154.91
10124,1374,478,4,243.97
10125,675,408,4,54.06
10126,302,248,5,171.77
10127,1942,106,2,45.36
10128,1736,318,1,177.82
10129,263,487,3,186.5
10130,1664,496,3,152.06
10131,1876,253,1,24.19
10132,646,39,2,19.4
10133,283,515,5,86.3
10134,461,21,4,197
10135,976,147,3,195.72
10136,1633,37,5,138.45
10137,1086,343,3,233.56
10138,1239,120,4,196.86
10139,1527,271,5,29.3
10140,1472,511,4,98.99
10141,1939,310,4,180.45
10142,752,278,5,97.19
10143,816,4,2,70.25
10144,1586,594,2,99.59
10145,1225,147,4,195.72
10146,553,228,2,217.27
10147,637,597,1,25.44
10148,960,113,5,138.62
10149,953,526,5,237.96
10150,1804,404,3,58.5
10151,98,514,3,200.33
10152,949,79,3,23.89
10153,1963,147,4,195.72
10154,26,269,3,117.58
10155,1605,1,5,33.89
10156,327,320,4,208
10157,313,574,2,236.61
10158,1945,495,4,107.84
10159,974,47,5,43.46
10160,1849,167,2,85.8
10161,187,583,3,201.79
10162,1063,448,1,69.31
10163,750,139,5,165
10164,1229,590,4,208.71
10165,15,212,3,103.52
10166,571,241,2,136.02
10167,331,235,1,61
10168,439,161,5,8.72
10169,450,282,4,122.66
10170,1664,550,3,32.45
10171,1817,538,5,227.76
10172,1603,295,4,148.41
10173,1097,583,1,201.79
10174,1741,350,5,189.88
10175,902,388,3,56.49
10176,536,264,5,170.77
10177,1265,81,1,178.78
10178,908,45,3,125.63
10179,1152,437,2,194.26
10180,1360,2,1,198.24
10181,361,154,1,59.41
10182,1269,121,3,163.68
10183,1307,351,4,23.35
10184,1203,367,4,64.54
10185,283,449,3,106.91
10186,1844,397,1,169.75
10187,1496,136,3,134.38
10188,1243,158,1,16.32
10189,1670,157,4,85.88
10190,754,576,2,151.56
10191,1308,229,4,172.08
10192,1962,269,3,117.58
10193,408,381,2,8.67
10194,1031,273,4,196.82
10195,712,331,3,28.04
10196,34,19,1,104.09
10197,1910,514,1,200.33
10198,677,96,2,130.35
10199,1431,207,5,130.56
10200,1291,476,3,124.63
10201,21,109,1,240.15
10202,1720,579,3,193.72
10203,216,297,2,65.74
10204,390,170,5,139
10205,1010,267,5,77.35
10206,498,239,5,125.37
10207,26,463,2,242.61
10208,1223,223,2,164.17
10209,467,577,2,129.64
10210,876,553,4,141
10211,1253,299,3,244.63
10212,860,293,2,167.26
10213,1019,403,5,142.82
10214,1367,180,5,214.69
10215,1139,59,5,8.03
10216,78,153,2,167.42
10217,264,499,2,21.14
10218,1425,32,3,177.14
10219,1802,417,3,105.27
10220,185,504,2,52.52
10221,1795,193,4,103.63
10222,818,406,2,209.08
10223,1873,62,2,115.47
10224,457,496,3,152.06
10225,1609,257,2,136.26
10226,1529,338,2,70.64
10227,311,489,1,49.03
10228,481,374,2,45.52
10229,428,521,5,110.4
10230,495,543,4,20.48
10231,1956,409,4,19.08
10232,174,597,2,25.44
10233,888,471,2,34.17
10234,1208,488,2,213.06
10235,494,561,3,91.92
10236,581,545,2,31.17
10237,651,178,4,26.02
10238,1398,521,3,110.4
10239,1262,172,2,48.51
10240,1294,385,4,79.12
10241,1126,223,1,164.17
10242,278,79,4,23.89
10243,535,292,3,247.95
10244,1965,379,3,18.29
10245,719,142,3,68.4
10246,1172,27,2,211.23
10247,537,78,3,119.86
10248,790,102,1,131.19
10249,1267,444,5,124.61
10250,794,125,5,133.92
10251,709,499,5,21.14
10252,308,444,1,124.61
10253,666,254,4,171.51
10254,1973,83,5,206.15
10255,774,341,5,106.71
10256,137,515,2,86.3
10257,1112,499,4,21.14
10258,1670,500,1,179.13
10259,1344,336,3,147.91
10260,282,337,2,248.3
10261,944,302,2,248.06
10262,1144,78,4,119.86
10263,1512,437,3,194.26
10264,973,572,3,126.63
10265,1635,296,5,199.63
10266,1139,380,1,189.1
10267,1295,95,4,16.81
10268,1960,345,5,86.95
10269,907,349,1,179.18
10270,255,289,2,117.41
10271,831,225,4,89.94
10272,1399,430,1,210.25
10273,453,557,2,214.74
10274,1991,161,1,8.72
10275,953,269,5,117.58
10276,203,90,1,68.48
10277,108,578,3,142.5
10278,938,445,3,223.15
10279,1771,161,1,8.72
10280,1897,213,4,231.67
10281,829,378,5,175.59
10282,459,315,5,54.59
10283,169,205,4,91.2
10284,175,467,4,37.25
10285,742,313,4,107.23
10286,1015,467,1,37.25
10287,789,468,5,140.82
10288,764,453,5,91.17
10289,541,7,5,192.11
10290,1985,316,1,60.15
10291,1022,125,1,133.92
10292,1162,587,5,157.08
10293,576,132,5,119.44
10294,945,166,5,173.26
10295,1884,166,1,173.26
10296,464,504,2,52.52
10297,608,533,5,28.56
10298,627,537,5,227.69
10299,1526,494,4,196.25
10300,1622,374,4,45.52
10301,1111,532,4,112.28
10302,202,417,1,105.27
10303,1476,434,1,216.37
10304,67,151,4,222.77
10305,1399,414,2,26.9
10306,1010,94,2,179.65
10307,1537,336,2,147.91
10308,1096,471,2,34.17
10309,819,310,2,180.45
10310,1710,258,3,139.54
10311,1776,322,3,128.54
10312,75,124,1,115.1
10313,197,491,3,142.78
10314,69,28,4,115.98
10315,1531,488,5,213.06
10316,1254,122,3,248.73
10317,1141,303,4,176.14
10318,1142,268,3,230.32
10319,19,8,3,61.56
10320,1560,248,4,171.77
10321,702,378,4,175.59
10322,397,392,4,235.07
10323,356,490,1,136.35
10324,659,121,4,163.68
10325,1934,594,2,99.59
10326,1461,385,3,79.12
10327,723,166,1,173.26
10328,55,498,3,7.05
10329,1759,229,3,172.08
10330,1794,535,4,124.45
10331,159,564,3,42.97
10332,914,389,2,5.36
10333,1732,378,5,175.59
10334,731,561,1,91.92
10335,776,333,2,132.85
10336,429,230,1,30.93
10337,1611,509,4,37.72
10338,25,157,5,85.88
10339,689,418,5,239.74
10340,1281,75,4,58.94
10341,836,497,1,227.24
10342,47,316,4,60.15
10343,1299,444,1,124.61
10344,1742,572,3,126.63
10345,1333,198,4,199.58
10346,195,365,4,61.37
10347,683,198,2,199.58
10348,1900,127,2,246.97
10349,1165,501,1,203.03
10350,1272,434,3,216.37
10351,1783,403,4,142.82
10352,1386,277,1,166.1
10353,144,429,1,221.89
10354,1768,393,4,110.24
10355,1082,46,5,9.21
10356,1480,123,5,152.2
10357,1887,408,5,54.06
10358,553,588,2,219.78
10359,1148,409,4,19.08
10360,3,1,3,33.89
10361,267,283,3,180.56
10362,1705,61,3,197.45
10363,476,85,2,66.88
10364,1704,102,1,131.19
10365,402,272,5,208.78
10366,1638,83,4,206.15
10367,539,480,2,188.06
10368,1158,393,2,110.24
10369,878,498,2,7.05
10370,1006,336,5,147.91
10371,1104,332,4,209.27
10372,445,43,2,47.02
10373,521,255,1,91.33
10374,1000,107,5,240.06
10375,868,526,4,237.96
10376,322,580,1,39.05
10377,455,82,5,223.97
10378,1661,135,2,160.81
10379,158,435,1,130.55
10380,1980,421,2,44.47
10381,1890,250,1,66.45
10382,1071,447,5,9.67
10383,401,390,1,126.99
10384,1591,467,3,37.25
10385,897,110,3,158.74
10386,606,404,3,58.5
10387,1006,138,4,130.32
10388,510,396,4,36.78
10389,959,521,3,110.4
10390,1847,291,5,118.79
10391,1289,350,5,189.88
10392,1286,366,1,236.73
10393,273,271,3,29.3
10394,1248,146,3,153.53
10395,167,65,4,14.71
10396,895,565,5,122.01
10397,1993,563,3,217.58
10398,1044,286,2,112.95
10399,222,142,2,68.4
10400,823,327,3,242.1
10401,1540,69,1,68.48
10402,313,243,3,122.7
10403,1683,130,3,228.6
10404,346,185,3,28.86
10405,1563,91,1,47.18
10406,70,490,4,136.35
10407,1155,246,1,108.45
10408,1122,337,2,248.3
10409,1656,325,4,138.52
10410,626,197,2,55.06
10411,1732,151,3,222.77
10412,944,18,4,46.31
10413,47,166,3,173.26
10414,905,537,5,227.69
10415,1723,275,4,142.78
10416,1911,434,3,216.37
10417,791,541,1,129.94
10418,542,177,1,185.47
10419,1066,137,5,23.35
10420,910,420,4,45.9
10421,436,330,1,57.51
10422,1609,444,3,124.61
10423,445,556,3,155.56
10424,1760,70,3,65.36
10425,1039,219,3,111.21
10426,1074,456,3,132.24
10427,264,118,5,190.86
10428,1278,231,5,132.58
10429,894,360,1,243.58
10430,606,503,3,97.02
10431,1009,166,2,173.26
10432,502,368,2,236.39
10433,981,80,4,246.3
10434,1292,418,2,239.74
10435,1610,150,3,232.51
10436,1578,224,3,154.91
10437,489,564,5,42.97
10438,1582,360,3,243.58
10439,1235,533,3,28.56
10440,1690,185,5,28.86
10441,1690,403,3,142.82
10442,774,557,2,214.74
10443,1035,501,4,203.03
10444,46,274,4,205.83
10445,173,305,3,196.24
10446,1674,429,5,221.89
10447,1019,56,3,33.1
10448,758,132,2,119.44
10449,576,542,4,121.96
10450,587,596,3,181.75
10451,1234,55,1,104.62
10452,1341,421,1,44.47
10453,62,245,2,172.77
10454,1825,29,4,70.82
10455,1135,395,2,96.32
10456,1571,99,3,224.67
10457,42,49,2,233.39
10458,1770,455,4,183.96
10459,1739,138,3,130.32
10460,787,544,1,68.5
10461,394,12,5,79.33
10462,323,424,4,229.51
10463,1989,288,4,31.7
10464,1231,170,5,139
10465,1242,261,3,103.81
10466,63,28,2,115.98
10467,189,582,4,201.39
10468,1432,142,1,68.4
10469,1363,499,4,21.14
10470,483,74,2,86.91
10471,571,114,5,144.78
10472,1874,233,4,215.96
10473,1643,354,4,185.7
10474,822,451,1,92.33
10475,846,129,5,212.34
10476,1733,413,4,92.52
10477,1410,97,2,174.68
10478,1970,582,5,201.39
10479,360,299,4,244.63
10480,1728,174,3,228.53
10481,1308,168,1,19.75
10482,464,556,5,155.56
10483,1972,328,3,71.64
10484,1958,395,5,96.32
10485,473,418,2,239.74
10486,786,139,3,165
10487,779,102,1,131.19
10488,477,428,1,165.28
10489,1035,170,5,139
10490,923,477,5,49.2
10491,1160,115,4,226.48
10492,1818,450,4,16.91
10493,64,589,2,160.43
10494,137,49,3,233.39
10495,758,473,5,18.24
10496,70,402,5,13.66
10497,1760,546,1,120.07
10498,1441,432,2,52.86
10499,1942,221,5,20.79
10500,917,558,1,154.68
10501,1367,282,3,122.66
10502,597,196,1,203.87
10503,264,598,3,180.11
10504,292,163,1,13.69
10505,1620,88,2,10.98
10506,336,317,2,136.16
10507,1447,214,3,118.77
10508,1504,528,2,21.45
10509,49,5,1,12.49
10510,1115,544,3,68.5
10511,1050,158,4,16.32
10512,1361,429,3,221.89
10513,1800,570,1,176.81
10514,902,373,2,151.99
10515,1900,572,1,126.63
10516,294,570,3,176.81
10517,418,251,5,23.96
10518,1445,317,3,136.16
10519,1319,570,3,176.81
10520,1766,427,4,129.4
10521,1147,152,1,177.46
10522,156,35,1,205.17
10523,1690,456,4,132.24
10524,1959,98,1,176.81
10525,469,289,2,117.41
10526,440,180,2,214.69
10527,269,397,3,169.75
10528,1212,113,4,138.62
10529,1528,252,5,65.99
10530,974,598,5,180.11
10531,1314,90,2,68.48
10532,336,481,2,129.33
10533,1787,219,2,111.21
10534,546,345,2,86.95
10535,576,219,3,111.21
10536,1145,308,2,238.69
10537,515,25,1,151.96
10538,56,556,5,155.56
10539,567,97,4,174.68
10540,932,341,5,106.71
10541,904,252,4,65.99
10542,888,79,4,23.89
10543,761,3,1,111.03
10544,585,362,1,232.13
10545,1226,231,1,132.58
10546,563,441,5,145.91
10547,1815,145,1,22.77
10548,1222,515,1,86.3
10549,1293,368,1,236.39
10550,766,593,4,102.68
10551,592,506,4,37.78
10552,1509,137,2,23.35
10553,1895,513,4,15.33
10554,1027,213,5,231.67
10555,292,147,4,195.72
10556,1090,263,1,114.14
10557,1807,268,3,230.32
10558,519,550,3,32.45
10559,473,267,3,77.35
10560,1832,85,1,66.88
10561,1943,264,4,170.77
10562,1279,446,3,106.81
10563,417,178,3,26.02
10564,1477,339,4,9.27
10565,1147,442,5,82.44
10566,385,277,2,166.1
10567,1365,412,2,182.36
10568,844,34,1,31.65
10569,1232,144,1,232.36
10570,285,158,1,16.32
10571,1843,374,5,45.52
10572,1353,561,1,91.92
10573,1431,219,4,111.21
10574,488,46,1,9.21
10575,1724,553,3,141
10576,1474,372,2,163.5
10577,1307,124,4,115.1
10578,1713,495,3,107.84
10579,567,499,2,21.14
10580,1315,487,4,186.5
10581,1736,274,5,205.83
10582,1221,79,1,23.89
10583,412,426,1,182.91
10584,415,380,2,189.1
10585,459,449,5,106.91
10586,1691,170,4,139
10587,423,546,5,120.07
10588,493,421,3,44.47
10589,1393,559,4,210.93
10590,379,259,2,63.94
10591,857,19,4,104.09
10592,1575,143,5,213.68
10593,502,340,2,151.05
10594,75,470,4,74.22
10595,856,240,2,87.91
10596,1251,70,1,65.36
10597,722,433,3,39.51
10598,25,43,1,47.02
10599,1102,433,5,39.51
10600,1166,427,5,129.4
10601,1470,108,5,166.82
10602,1921,111,1,47.35
10603,714,323,2,166.91
10604,984,287,4,210.74
10605,1566,109,2,240.15
10606,1025,203,3,7.03
10607,495,30,4,76.12
10608,1151,241,4,136.02
10609,1910,591,2,165.89
10610,1196,89,1,174.47
10611,292,216,3,40.45
10612,53,337,1,248.3
10613,730,5,2,12.49
10614,658,70,2,65.36
10615,124,95,3,16.81
10616,1309,503,4,97.02
10617,1518,318,1,177.82
10618,272,369,5,172.68
10619,1151,374,1,45.52
10620,930,181,4,128.17
10621,1291,481,4,129.33
10622,433,166,5,173.26
10623,980,532,5,112.28
10624,1876,600,1,64.63
10625,329,374,5,45.52
10626,871,6,4,173.19
10627,397,419,2,79.09
10628,1827,16,3,95.78
10629,1911,153,4,167.42
10630,1812,424,5,229.51
10631,219,169,2,109.98
10632,517,204,3,23.72
10633,1595,557,1,214.74
10634,1575,556,5,155.56
10635,679,209,3,115.87
10636,593,295,4,148.41
10637,1825,141,4,123.49
10638,379,258,3,139.54
10639,1116,144,2,232.36
10640,1918,285,5,95.54
10641,1105,427,1,129.4
10642,206,548,5,157.52
10643,1804,323,1,166.91
10644,707,206,3,175.52
10645,571,551,5,154.7
10646,1524,200,1,223.36
10647,1080,463,2,242.61
10648,832,9,1,231.99
10649,1337,410,4,238.4
10650,705,361,3,53.09
10651,1609,109,3,240.15
10652,672,463,1,242.61
10653,1685,229,2,172.08
10654,1660,348,3,248.93
10655,375,453,3,91.17
10656,1872,395,3,96.32
10657,1728,542,3,121.96
10658,318,291,4,118.79
10659,849,325,3,138.52
10660,1725,205,3,91.2
10661,1946,440,3,162.74
10662,595,173,5,214.37
10663,228,167,4,85.8
10664,367,248,2,171.77
10665,735,282,5,122.66
10666,577,163,5,13.69
10667,1610,509,1,37.72
10668,782,213,5,231.67
10669,1392,123,3,152.2
10670,1485,587,1,157.08
10671,1786,364,3,12.9
10672,1578,29,5,70.82
10673,1065,448,4,69.31
10674,1415,30,4,76.12
10675,1040,251,2,23.96
10676,1682,554,5,135.66
10677,563,368,2,236.39
10678,1628,518,3,21
10679,778,353,4,56.59
10680,949,480,4,188.06
10681,1758,32,3,177.14
10682,667,524,1,36.66
10683,1951,40,3,80.06
10684,1613,498,2,7.05
10685,312,102,5,131.19
10686,61,147,2,195.72
10687,1051,177,2,185.47
10688,904,513,5,15.33
10689,510,357,3,247.37
10690,1747,573,1,140.64
10691,868,468,4,140.82
10692,1482,478,3,243.97
10693,1644,355,1,88.22
10694,1245,88,2,10.98
10695,1587,52,5,152.05
10696,870,468,1,140.82
10697,1257,397,5,169.75
10698,989,476,2,124.63
10699,1883,327,3,242.1
10700,1273,263,2,114.14
10701,396,14,2,94.95
10702,535,197,5,55.06
10703,1217,288,4,31.7
10704,758,342,2,145.58
10705,95,446,3,106.81
10706,281,305,4,196.24
10707,1040,316,2,60.15
10708,1064,570,2,176.81
10709,1526,39,2,19.4
10710,1772,34,1,31.65
10711,923,543,4,20.48
10712,590,429,2,221.89
10713,238,391,1,112.06
10714,408,7,3,192.11
10715,180,13,2,122.66
10716,1956,577,1,129.64
10717,1557,128,1,104.71
10718,223,59,4,8.03
10719,84,406,1,209.08
10720,1763,581,1,122.34
10721,1307,318,2,177.82
10722,361,113,4,138.62
10723,1552,523,3,195.84
10724,1249,285,5,95.54
10725,1721,258,4,139.54
10726,1019,397,4,169.75
10727,49,496,2,152.06
10728,1719,167,4,85.8
10729,1761,347,5,149.45
10730,1922,280,3,88.67
10731,1201,424,5,229.51
10732,1801,557,1,214.74
10733,90,307,2,99.14
10734,847,193,4,103.63
10735,445,350,4,189.88
10736,441,131,1,42.26
10737,931,326,4,169.54
10738,1287,85,2,66.88
10739,661,21,5,197
10740,1380,143,1,213.68
10741,1706,422,2,92.21
10742,375,260,4,137.01
10743,465,206,4,175.52
10744,1589,19,3,104.09
10745,979,512,5,181.18
10746,1542,458,1,8.24
10747,1773,143,3,213.68
10748,126,426,2,182.91
10749,216,435,3,130.55
10750,1914,254,5,171.51
10751,321,382,4,180.56
10752,559,73,2,82.6
10753,960,217,1,95.1
10754,1995,546,5,120.07
10755,251,35,3,205.17
10756,1988,81,1,178.78
10757,98,124,1,115.1
10758,1785,333,4,132.85
10759,1662,46,2,9.21
10760,1989,126,5,87.32
10761,762,437,5,194.26
10762,117,480,2,188.06
10763,1421,327,5,242.1
10764,998,479,3,113.19
10765,1917,449,5,106.91
10766,1888,140,4,154.37
10767,775,461,1,113.26
10768,1953,33,2,81.44
10769,1979,173,4,214.37
10770,1065,553,3,141
10771,1755,464,2,7.05
10772,481,350,3,189.88
10773,1042,440,3,162.74
10774,427,315,4,54.59
10775,488,118,5,190.86
10776,1760,595,1,114.2
10777,1509,226,2,248.81
10778,1149,170,3,139
10779,305,548,3,157.52
10780,102,139,2,165
10781,321,40,2,80.06
10782,967,275,1,142.78
10783,985,472,1,115.1
10784,1091,352,4,35.94
10785,1905,392,2,235.07
10786,1954,313,5,107.23
10787,994,383,2,196.36
10788,1907,563,4,217.58
10789,1468,133,4,22.09
10790,1568,504,2,52.52
10791,1997,179,3,81.74
10792,906,234,3,18.83
10793,1926,218,1,68.19
10794,1791,206,1,175.52
10795,1837,362,5,232.13
10796,1755,579,2,193.72
10797,894,185,5,28.86
10798,1765,509,5,37.72
10799,976,529,1,120.1
10800,835,251,4,23.96
10801,560,338,1,70.64
10802,1748,346,1,227.91
10803,914,424,3,229.51
10804,1479,471,4,34.17
10805,1572,163,5,13.69
10806,1376,187,1,78.09
10807,183,429,2,221.89
10808,395,569,2,61.74
10809,606,466,5,35.22
10810,930,376,2,153.13
10811,1805,467,5,37.25
10812,529,433,2,39.51
10813,435,162,2,67.27
10814,790,232,1,160.25
10815,1535,96,4,130.35
10816,780,292,4,247.95
10817,1248,434,5,216.37
10818,1365,196,3,203.87
10819,1822,464,2,7.05
10820,1824,204,1,23.72
10821,510,406,3,209.08
10822,1051,535,2,124.45
10823,947,62,5,115.47
10824,1707,74,2,86.91
10825,1468,88,3,10.98
10826,1812,173,3,214.37
10827,332,492,3,174.3
10828,1149,331,4,28.04
10829,1126,321,1,32.57
10830,1124,216,5,40.45
10831,1166,141,4,123.49
10832,735,178,2,26.02
10833,249,308,1,238.69
10834,799,588,5,219.78
10835,1772,433,3,39.51
10836,1299,212,3,103.52
10837,1984,5,5,12.49
10838,556,361,1,53.09
10839,1969,190,2,228.66
10840,63,283,3,180.56
10841,279,330,3,57.51
10842,240,25,2,151.96
10843,1093,488,2,213.06
10844,1140,420,1,45.9
10845,484,14,2,94.95
10846,1118,306,4,232.45
10847,1201,227,4,202.25
10848,1600,374,5,45.52
10849,1017,232,3,160.25
10850,1251,14,4,94.95
10851,1731,453,2,91.17
10852,267,151,4,222.77
10853,518,400,3,54.03
10854,900,232,3,160.25
10855,537,400,1,54.03
10856,1565,49,3,233.39
10857,1891,387,4,159.29
10858,1549,350,1,189.88
10859,548,570,3,176.81
10860,464,579,4,193.72
10861,723,465,4,165.34
10862,1167,402,2,13.66
10863,1126,81,1,178.78
10864,1631,17,5,80.59
10865,1939,588,5,219.78
10866,952,217,2,95.1
10867,1214,150,4,232.51
10868,324,434,3,216.37
10869,526,388,5,56.49
10870,1950,9,1,231.99
10871,973,444,4,124.61
10872,255,409,4,19.08
10873,15,267,4,77.35
10874,518,339,5,9.27
10875,542,396,2,36.78
10876,1923,407,5,240.64
10877,1139,410,4,238.4
10878,539,553,1,141
10879,1372,558,5,154.68
10880,1471,33,3,81.44
10881,975,102,1,131.19
10882,1406,81,2,178.78
10883,659,521,2,110.4
10884,1622,369,3,172.68
10885,1053,244,3,60.13
10886,584,170,4,139
10887,1807,561,5,91.92
10888,1539,123,4,152.2
10889,1113,161,3,8.72
10890,545,83,2,206.15
10891,676,576,3,151.56
10892,852,153,4,167.42
10893,958,513,1,15.33
10894,916,122,1,248.73
10895,1037,33,2,81.44
10896,193,287,2,210.74
10897,987,38,1,133.35
10898,1970,525,2,33.72
10899,629,252,5,65.99
10900,1597,236,5,41.34
10901,690,363,3,231.78
10902,1621,132,1,119.44
10903,1761,405,4,199.74
10904,1573,530,2,136.98
10905,1260,393,2,110.24
10906,1035,582,1,201.39
10907,1533,510,4,93.33
10908,1934,241,1,136.02
10909,302,431,3,93.14
10910,548,242,1,163.04
10911,1297,170,1,139
10912,1409,557,2,214.74
10913,227,403,1,142.82
10914,1366,308,5,238.69
10915,1388,399,4,197.36
10916,688,233,3,215.96
10917,1305,382,5,180.56
10918,877,574,5,236.61
10919,466,506,2,37.78
10920,147,431,2,93.14
10921,1949,443,1,214.05
10922,450,128,2,104.71
10923,1114,551,1,154.7
10924,1682,435,3,130.55
10925,476,338,5,70.64
10926,1843,206,2,175.52
10927,1268,230,4,30.93
10928,1268,139,5,165
10929,1068,560,2,233.09
10930,1396,217,5,95.1
10931,80,42,4,7.08
10932,1982,163,5,13.69
10933,1765,116,3,241.41
10934,1283,20,1,227.89
10935,1878,255,4,91.33
10936,45,590,1,208.71
10937,1049,413,5,92.52
10938,681,328,2,71.64
10939,947,276,4,229.5
10940,1614,257,5,136.26
10941,319,199,4,10.35
10942,361,445,4,223.15
10943,1232,137,4,23.35
10944,605,41,3,187.24
10945,427,474,4,38.64
10946,1840,470,2,74.22
10947,1722,35,4,205.17
10948,1773,290,1,42.8
10949,711,129,5,212.34
10950,325,197,2,55.06
10951,402,168,5,19.75
10952,993,504,4,52.52
10953,1444,538,5,227.76
10954,189,448,3,69.31
10955,1414,356,4,113.34
10956,1959,156,3,139.02
10957,1978,392,5,235.07
10958,981,539,2,135.83
10959,1897,185,1,28.86
10960,1129,453,2,91.17
10961,497,331,1,28.04
10962,220,263,1,114.14
10963,732,262,3,165.33
10964,762,38,3,133.35
10965,1288,441,5,145.91
10966,840,422,2,92.21
10967,1287,168,4,19.75
10968,778,199,4,10.35
10969,1672,179,5,81.74
10970,768,268,2,230.32
10971,606,335,4,223.36
10972,1323,549,5,163.42
10973,670,408,5,54.06
10974,1267,254,3,171.51
10975,1868,476,1,124.63
10976,499,512,1,181.18
10977,1458,166,5,173.26
10978,1447,49,3,233.39
10979,259,401,4,49.76
10980,398,112,1,81.23
10981,1831,594,3,99.59
10982,1714,110,4,158.74
10983,550,51,4,45.81
10984,360,469,5,46.6
10985,544,580,1,39.05
10986,1813,390,4,126.99
10987,27,193,3,103.63
10988,801,375,3,153.81
10989,18,355,4,88.22
10990,383,358,1,178.19
10991,1599,324,1,180.84
10992,1173,321,1,32.57
10993,825,386,2,235.37
10994,1292,368,1,236.39
10995,301,563,2,217.58
10996,1410,67,2,242.6
10997,1777,330,4,57.51
10998,1059,505,5,34.36
10999,1122,99,1,224.67
11000,1593,476,4,124.63
11001,1433,435,4,130.55
11002,1614,322,4,128.54
11003,548,418,2,239.74
11004,890,130,4,228.6
11005,375,31,1,165.88
11006,830,183,5,164.88
11007,1642,242,1,163.04
11008,179,565,5,122.01
11009,301,523,1,195.84
11010,524,111,4,47.35
11011,1670,206,4,175.52
11012,279,168,4,19.75
11013,1307,133,4,22.09
11014,661,115,3,226.48
11015,540,594,3,99.59
11016,990,36,1,40.88
11017,1171,406,3,209.08
11018,1073,24,2,89.79
11019,418,161,5,8.72
11020,899,554,1,135.66
11021,1476,198,1,199.58
11022,588,375,4,153.81
11023,1599,336,2,147.91
11024,1264,373,1,151.99
11025,273,132,5,119.44
11026,1068,505,2,34.36
11027,585,474,5,38.64
11028,805,471,2,34.17
11029,1447,587,3,157.08
11030,96,525,3,33.72
11031,541,68,2,197.36
11032,1881,173,2,214.37
11033,1542,325,3,138.52
11034,337,109,2,240.15
11035,1117,351,4,23.35
11036,728,90,5,68.48
11037,1154,390,3,126.99
11038,906,478,1,243.97
11039,1299,162,4,67.27
11040,424,258,2,139.54
11041,908,328,2,71.64
11042,1180,402,2,13.66
11043,664,466,5,35.22
11044,630,126,4,87.32
11045,564,163,4,13.69
11046,932,402,4,13.66
11047,1721,108,5,166.82
11048,1630,294,1,194.88
11049,1220,184,4,187.08
11050,1115,545,4,31.17
11051,453,133,1,22.09
11052,580,63,4,111.6
11053,971,101,4,172
11054,717,341,5,106.71
11055,284,49,4,233.39
11056,1531,23,3,235.55
11057,7,151,4,222.77
11058,689,109,2,240.15
11059,541,379,2,18.29
11060,1939,292,1,247.95
11061,501,384,3,11.67
11062,412,503,3,97.02
11063,1457,393,1,110.24
11064,726,557,1,214.74
11065,1977,170,3,139
11066,1794,476,2,124.63
11067,835,58,4,117.15
11068,1880,47,5,43.46
11069,1260,546,2,120.07
11070,1370,16,3,95.78
11071,315,54,3,147.09
11072,1220,52,4,152.05
11073,297,499,3,21.14
11074,1980,350,4,189.88
11075,459,458,4,8.24
11076,1112,543,4,20.48
11077,314,162,1,67.27
11078,608,436,5,72.85
11079,784,478,2,243.97
11080,1780,297,3,65.74
11081,1050,236,1,41.34
11082,1191,567,1,200.56
11083,897,167,3,85.8
11084,1025,4,2,70.25
11085,1064,127,4,246.97
11086,694,212,3,103.52
11087,1103,8,3,61.56
11088,1785,2,1,198.24
11089,1979,506,2,37.78
11090,576,76,2,70.68
11091,1038,18,1,46.31
11092,394,43,5,47.02
11093,1967,541,4,129.94
11094,1301,118,1,190.86
11095,52,224,4,154.91
11096,1760,525,3,33.72
11097,882,524,3,36.66
11098,1738,373,2,151.99
11099,572,157,1,85.88
11100,1117,167,4,85.8
11101,82,57,3,143.66
11102,1430,154,4,59.41
11103,1832,80,5,246.3
11104,1585,229,3,172.08
11105,1455,560,5,233.09
11106,480,573,5,140.64
11107,666,51,3,45.81
11108,1495,254,2,171.51
11109,531,457,5,229.67
11110,1286,66,5,100.86
11111,756,176,1,167.74
11112,1624,91,2,47.18
11113,1749,579,4,193.72
11114,115,443,1,214.05
11115,5,411,4,179.94
11116,220,332,4,209.27
11117,739,459,2,150.38
11118,722,338,1,70.64
11119,1521,121,3,163.68
11120,1622,40,2,80.06
11121,1615,472,5,115.1
11122,1053,456,5,132.24
11123,1028,151,4,222.77
11124,1715,567,2,200.56
11125,213,72,1,100.67
11126,948,58,4,117.15
11127,1653,15,1,112.55
11128,1691,169,1,109.98
11129,1356,273,1,196.82
11130,801,161,1,8.72
11131,1660,37,2,138.45
11132,1977,172,1,48.51
11133,427,459,1,150.38
11134,97,154,4,59.41
11135,777,141,1,123.49
11136,78,447,1,9.67
11137,983,50,2,21
11138,7,511,2,98.99
11139,1121,103,5,202.95
11140,1880,572,1,126.63
11141,173,199,2,10.35
11142,713,573,3,140.64
11143,350,421,4,44.47
11144,1369,581,4,122.34
11145,1936,184,5,187.08
11146,941,345,1,86.95
11147,188,146,5,153.53
11148,1293,248,3,171.77
11149,1774,531,5,64.24
11150,60,246,4,108.45
11151,1504,32,4,177.14
11152,1306,595,3,114.2
11153,972,371,3,207.69
11154,602,318,3,177.82
11155,755,314,4,232.23
11156,1214,358,4,178.19
11157,372,130,4,228.6
11158,113,517,2,105.79
11159,1044,226,4,248.81
11160,1049,73,5,82.6
11161,1493,31,3,165.88
11162,1430,53,5,88.37
11163,1498,110,4,158.74
11164,1855,310,5,180.45
11165,10,178,1,26.02
11166,579,247,3,206.44
11167,223,441,1,145.91
11168,772,4,5,70.25
11169,955,567,2,200.56
11170,810,261,5,103.81
11171,259,77,4,160.67
11172,1891,181,5,128.17
11173,987,280,3,88.67
11174,487,307,2,99.14
11175,1749,97,4,174.68
11176,1229,176,1,167.74
11177,1023,223,4,164.17
11178,190,432,5,52.86
11179,1094,12,1,79.33
11180,942,318,1,177.82
11181,715,413,1,92.52
11182,1171,285,1,95.54
11183,1731,86,3,139.57
11184,1155,573,2,140.64
11185,511,322,5,128.54
11186,789,558,4,154.68
11187,499,501,2,203.03
11188,212,491,4,142.78
11189,1735,537,5,227.69
11190,141,436,2,72.85
11191,1575,360,1,243.58
11192,362,268,4,230.32
11193,675,301,5,45.84
11194,1311,524,2,36.66
11195,1833,509,2,37.72
11196,1588,562,5,198.35
11197,1960,412,3,182.36
11198,302,486,3,102.52
11199,1722,522,3,215.65
11200,307,360,4,243.58
11201,252,454,2,245.66
11202,1431,30,5,76.12
11203,783,191,4,37.97
11204,136,123,5,152.2
11205,1148,21,1,197
11206,965,82,3,223.97
11207,15,216,1,40.45
11208,1045,102,5,131.19
11209,1067,366,5,236.73
11210,253,114,3,144.78
11211,1023,107,4,240.06
11212,1348,155,5,188.9
11213,1598,208,3,137.8
11214,1707,347,4,149.45
11215,1432,432,2,52.86
11216,1668,467,3,37.25
11217,626,442,1,82.44
11218,1302,93,1,63.4
11219,684,222,1,30.3
11220,1746,267,1,77.35
11221,1777,124,2,115.1
11222,1700,218,4,68.19
11223,472,235,4,61
11224,1255,455,3,183.96
11225,29,592,4,243.21
11226,1300,551,3,154.7
11227,44,276,4,229.5
11228,395,409,2,19.08
11229,1792,242,1,163.04
11230,1165,435,1,130.55
11231,1714,551,4,154.7
11232,150,225,5,89.94
11233,937,319,2,189.91
11234,1617,3,2,111.03
11235,1788,264,3,170.77
11236,31,365,4,61.37
11237,1507,488,1,213.06
11238,1951,569,1,61.74
11239,708,86,2,139.57
11240,141,51,2,45.81
11241,612,24,4,89.79
11242,100,391,5,112.06
11243,1629,355,5,88.22
11244,1796,484,2,30.33
11245,1698,438,4,50.07
11246,1861,88,4,10.98
11247,157,165,2,51.58
11248,1933,122,5,248.73
11249,1582,550,5,32.45
11250,1985,474,2,38.64
11251,1191,134,3,45.21
11252,773,214,5,118.77
11253,1213,139,3,165
11254,1585,358,5,178.19
11255,1947,364,2,12.9
11256,1604,111,4,47.35
11257,487,180,1,214.69
11258,481,389,3,5.36
11259,90,423,2,80.89
11260,1002,367,2,64.54
11261,1604,366,4,236.73
11262,186,591,3,165.89
11263,59,456,5,132.24
11264,1691,256,2,104.26
11265,1561,113,2,138.62
11266,101,388,3,56.49
11267,1536,91,1,47.18
11268,497,486,2,102.52
11269,1053,331,5,28.04
11270,1097,382,3,180.56
11271,1123,471,4,34.17
11272,898,568,2,197.94
11273,1290,41,2,187.24
11274,628,15,4,112.55
11275,1223,429,5,221.89
11276,1389,192,3,177.21
11277,1390,597,5,25.44
11278,1670,188,2,133.9
11279,579,549,5,163.42
11280,1017,244,5,60.13
11281,542,137,3,23.35
11282,1578,37,4,138.45
11283,731,453,4,91.17
11284,1846,536,1,101.05
11285,1094,584,4,169.83
11286,1367,476,4,124.63
11287,634,194,1,12.12
11288,26,236,5,41.34
11289,1276,213,2,231.67
11290,336,225,4,89.94
11291,1504,210,5,139.75
11292,1199,94,1,179.65
11293,1397,582,1,201.39
11294,562,77,2,160.67
11295,597,392,1,235.07
11296,968,226,3,248.81
11297,1091,89,1,174.47
11298,1868,522,4,215.65
11299,1506,205,1,91.2
11300,1775,362,5,232.13
11301,1186,221,1,20.79
11302,597,192,2,177.21
11303,1996,249,2,10.67
11304,1553,411,1,179.94
11305,1580,181,4,128.17
11306,955,54,3,147.09
11307,1449,412,4,182.36
11308,351,75,2,58.94
11309,26,327,3,242.1
11310,1648,477,2,49.2
11311,271,530,3,136.98
11312,1157,409,4,19.08
11313,1526,30,1,76.12
11314,1386,436,5,72.85
11315,1103,389,4,5.36
11316,1440,222,3,30.3
11317,1747,118,2,190.86
11318,425,71,3,27.17
11319,1852,276,2,229.5
11320,1701,545,1,31.17
11321,1818,501,1,203.03
11322,1584,377,5,61.88
11323,324,583,2,201.79
11324,1967,120,2,196.86
11325,1814,465,1,165.34
11326,788,162,1,67.27
11327,904,89,3,174.47
11328,168,576,3,151.56
11329,1006,435,4,130.55
11330,1608,92,1,48.51
11331,1037,52,2,152.05
11332,1858,71,4,27.17
11333,1489,501,1,203.03
11334,1555,3,5,111.03
11335,1215,546,3,120.07
11336,698,502,5,135.74
11337,1990,31,3,165.88
11338,1755,431,1,93.14
11339,257,595,5,114.2
11340,98,76,4,70.68
11341,1716,376,5,153.13
11342,253,291,3,118.79
11343,1153,13,1,122.66
11344,1619,472,4,115.1
11345,1895,127,1,246.97
11346,714,381,5,8.67
11347,567,334,4,88.55
11348,1831,250,2,66.45
11349,930,275,5,142.78
11350,389,398,3,18.48
11351,693,365,4,61.37
11352,1117,258,3,139.54
11353,596,536,3,101.05
11354,1881,170,4,139
11355,1111,533,5,28.56
11356,1241,56,3,33.1
11357,421,305,2,196.24
11358,99,397,3,169.75
11359,370,290,5,42.8
11360,1087,157,2,85.88
11361,1537,537,5,227.69
11362,766,434,3,216.37
11363,293,85,3,66.88
11364,476,115,1,226.48
11365,135,6,5,173.19
11366,148,488,1,213.06
11367,203,338,3,70.64
11368,105,518,3,21
11369,996,510,2,93.33
11370,1384,30,5,76.12
11371,1433,400,5,54.03
11372,1868,1,4,33.89
11373,214,324,3,180.84
11374,88,419,4,79.09
11375,833,457,1,229.67
11376,1850,272,4,208.78
11377,334,358,3,178.19
11378,1353,367,2,64.54
11379,1249,514,5,200.33
11380,1702,12,1,79.33
11381,1815,339,4,9.27
11382,51,501,3,203.03
11383,1029,415,4,153.21
11384,960,532,3,112.28
11385,692,597,3,25.44
11386,197,79,2,23.89
11387,1400,125,2,133.92
11388,840,532,5,112.28
11389,581,250,2,66.45
11390,779,576,2,151.56
11391,104,63,2,111.6
11392,353,292,3,247.95
11393,177,118,1,190.86
11394,382,501,5,203.03
11395,689,193,1,103.63
11396,1576,454,4,245.66
11397,796,457,3,229.67
11398,470,306,2,232.45
11399,23,83,4,206.15
11400,1265,403,5,142.82
11401,885,100,2,43.17
11402,1405,271,4,29.3
11403,1022,323,3,166.91
11404,64,377,1,61.88
11405,123,148,2,189.09
11406,981,219,1,111.21
11407,802,596,2,181.75
11408,464,566,1,81.49
11409,1712,525,3,33.72
11410,1347,39,1,19.4
11411,1491,520,5,18.28
11412,839,489,3,49.03
11413,1039,64,5,179.34
11414,1345,531,2,64.24
11415,1977,289,5,117.41
11416,1900,386,1,235.37
11417,248,413,1,92.52
11418,1577,203,2,7.03
11419,1585,148,1,189.09
11420,1508,242,5,163.04
11421,1101,217,4,95.1
11422,1620,79,3,23.89
11423,1641,246,4,108.45
11424,1386,578,4,142.5
11425,1756,502,1,135.74
11426,763,66,3,100.86
11427,1594,353,5,56.59
11428,351,57,4,143.66
11429,1412,376,2,153.13
11430,1811,581,3,122.34
11431,88,1,5,33.89
11432,1669,165,2,51.58
11433,1318,508,1,174.79
11434,1623,186,2,78.62
11435,6,567,3,200.56
11436,892,162,4,67.27
11437,1983,123,2,152.2
11438,314,394,4,33.17
11439,1631,507,1,10.08
11440,525,315,2,54.59
11441,1310,393,1,110.24
11442,697,22,2,109.39
11443,1042,555,5,225.06
11444,1243,44,1,54.1
11445,317,165,4,51.58
11446,1000,162,2,67.27
11447,25,200,2,223.36
11448,1899,152,1,177.46
11449,952,510,1,93.33
11450,1671,54,4,147.09
11451,402,550,4,32.45
11452,550,204,2,23.72
11453,1906,546,1,120.07
11454,1778,450,5,16.91
11455,56,526,4,237.96
11456,1412,493,4,64.05
11457,873,95,2,16.81
11458,652,1,4,33.89
11459,340,133,5,22.09
11460,920,343,1,233.56
11461,902,370,5,94.05
11462,911,584,2,169.83
11463,470,21,4,197
11464,1732,251,5,23.96
11465,313,266,2,209.12
11466,1457,306,3,232.45
11467,886,32,2,177.14
11468,580,139,1,165
11469,1617,476,1,124.63
11470,133,249,5,10.67
11471,1227,109,5,240.15
11472,1248,402,1,13.66
11473,1717,78,3,119.86
11474,181,50,2,21
11475,1478,316,3,60.15
11476,1150,395,5,96.32
11477,1590,511,1,98.99
11478,1735,304,5,93.2
11479,251,264,4,170.77
11480,164,107,1,240.06
11481,1511,14,2,94.95
11482,1820,582,3,201.39
11483,1678,275,5,142.78
11484,973,506,5,37.78
11485,548,115,5,226.48
11486,1579,537,4,227.69
11487,1198,221,2,20.79
11488,1632,147,3,195.72
11489,1688,37,2,138.45
11490,306,488,1,213.06
11491,828,421,5,44.47
11492,1299,569,1,61.74
11493,93,115,4,226.48
11494,220,524,2,36.66
11495,911,77,5,160.67
11496,1432,127,1,246.97
11497,324,218,1,68.19
11498,884,242,2,163.04
11499,1200,62,2,115.47
11500,1831,501,4,203.03
11501,1008,175,5,246.25
11502,123,470,2,74.22
11503,826,564,4,42.97
11504,1539,269,1,117.58
11505,1385,417,4,105.27
11506,1891,215,4,100.17
11507,1804,126,4,87.32
11508,117,483,4,154.7
11509,1464,162,3,67.27
11510,963,468,3,140.82
11511,1851,515,1,86.3
11512,1790,278,2,97.19
11513,1199,162,2,67.27
11514,1941,276,3,229.5
11515,1929,281,3,224.13
11516,340,323,2,166.91
11517,804,47,5,43.46
11518,618,426,3,182.91
11519,1334,314,1,232.23
11520,300,421,1,44.47
11521,1616,38,2,133.35
11522,860,254,1,171.51
11523,1548,102,5,131.19
11524,1503,597,3,25.44
11525,1573,123,1,152.2
11526,1955,557,5,214.74
11527,225,228,1,217.27
11528,1258,161,4,8.72
11529,654,523,1,195.84
11530,1158,347,5,149.45
11531,1406,519,1,169.02
11532,575,327,5,242.1
11533,1284,144,3,232.36
11534,128,239,3,125.37
11535,1052,570,4,176.81
11536,1184,596,5,181.75
11537,282,235,5,61
11538,1086,310,1,180.45
11539,985,23,2,235.55
11540,1019,531,2,64.24
11541,1475,424,5,229.51
11542,1453,77,2,160.67
11543,507,448,5,69.31
11544,548,47,2,43.46
11545,944,505,3,34.36
11546,1008,512,1,181.18
11547,1203,560,2,233.09
11548,864,357,4,247.37
11549,1816,439,1,171.1
11550,38,471,3,34.17
11551,1823,237,2,135.53
11552,493,589,4,160.43
11553,860,409,4,19.08
11554,1148,448,1,69.31
11555,1221,380,3,189.1
11556,1507,502,5,135.74
11557,351,69,5,68.48
11558,226,590,1,208.71
11559,274,10,2,159.19
11560,1975,588,1,219.78
11561,1799,95,2,16.81
11562,303,297,3,65.74
11563,1408,214,3,118.77
11564,111,63,5,111.6
11565,1908,56,2,33.1
11566,1588,599,2,117.25
11567,597,377,3,61.88
11568,502,513,4,15.33
11569,532,244,3,60.13
11570,397,312,3,197.62
11571,1461,595,2,114.2
11572,57,139,5,165
11573,1089,164,3,233.68
11574,34,506,4,37.78
11575,1721,391,2,112.06
11576,423,406,2,209.08
11577,799,5,1,12.49
11578,57,451,1,92.33
11579,1275,393,5,110.24
11580,714,511,5,98.99
11581,687,471,4,34.17
11582,1330,489,3,49.03
11583,1367,335,3,223.36
11584,1148,493,1,64.05
11585,1665,597,2,25.44
11586,14,95,3,16.81
11587,1441,17,5,80.59
11588,930,335,2,223.36
11589,87,560,2,233.09
11590,1858,314,4,232.23
11591,371,13,1,122.66
11592,221,78,5,119.86
11593,240,336,4,147.91
11594,1169,221,2,20.79
11595,615,600,2,64.63
11596,1975,273,2,196.82
11597,910,121,2,163.68
11598,1808,10,2,159.19
11599,249,518,1,21
11600,591,245,2,172.77
11601,1058,99,3,224.67
11602,798,407,2,240.64
11603,548,439,1,171.1
11604,1296,571,5,65.96
11605,1081,350,4,189.88
11606,1015,186,2,78.62
11607,1036,414,1,26.9
11608,1930,211,5,185.35
11609,822,473,2,18.24
11610,1519,428,4,165.28
11611,505,542,5,121.96
11612,895,307,2,99.14
11613,684,33,3,81.44
11614,904,269,4,117.58
11615,1669,11,5,224.42
11616,44,472,2,115.1
11617,480,112,4,81.23
11618,1993,465,3,165.34
11619,935,110,2,158.74
11620,383,498,5,7.05
11621,1255,553,3,141
11622,1181,501,3,203.03
11623,1501,138,2,130.32
11624,35,73,3,82.6
11625,295,376,3,153.13
11626,1932,101,2,172
11627,1746,509,1,37.72
11628,442,281,3,224.13
11629,94,394,2,33.17
11630,1423,290,3,42.8
11631,437,352,3,35.94
11632,1498,280,3,88.67
11633,285,277,4,166.1
11634,167,165,2,51.58
11635,1201,202,2,182.83
11636,348,153,4,167.42
11637,15,259,5,63.94
11638,197,419,2,79.09
11639,194,534,4,5.88
11640,1253,401,2,49.76
11641,1246,597,1,25.44
11642,1777,83,4,206.15
11643,1703,233,1,215.96
11644,1389,459,3,150.38
11645,910,505,5,34.36
11646,1217,377,1,61.88
11647,845,391,1,112.06
11648,1519,552,1,46.56
11649,731,449,3,106.91
11650,32,504,3,52.52
11651,736,99,2,224.67
11652,816,427,3,129.4
11653,1441,209,5,115.87
11654,1673,196,3,203.87
11655,882,50,3,21
11656,1963,465,2,165.34
11657,330,32,1,177.14
11658,63,24,1,89.79
11659,1976,446,4,106.81
11660,1861,187,2,78.09
11661,713,125,5,133.92
11662,980,597,2,25.44
11663,403,557,1,214.74
11664,1880,571,3,65.96
11665,861,347,1,149.45
11666,858,525,1,33.72
11667,754,26,2,215.95
11668,1755,492,5,174.3
11669,522,245,2,172.77
11670,869,464,4,7.05
11671,690,70,4,65.36
11672,331,3,5,111.03
11673,1810,409,1,19.08
11674,1191,411,1,179.94
11675,1019,244,3,60.13
11676,76,569,3,61.74
11677,827,255,1,91.33
11678,439,260,1,137.01
11679,1151,25,2,151.96
11680,108,225,3,89.94
11681,1103,548,2,157.52
11682,1477,18,5,46.31
11683,1893,261,5,103.81
11684,206,169,2,109.98
11685,1468,169,3,109.98
11686,1381,510,2,93.33
11687,589,542,5,121.96
11688,300,65,4,14.71
11689,852,370,1,94.05
11690,232,93,5,63.4
11691,1766,330,4,57.51
11692,457,348,3,248.93
11693,482,90,3,68.48
11694,1375,364,5,12.9
11695,420,445,1,223.15
11696,1593,146,5,153.53
11697,1078,248,4,171.77
11698,415,561,5,91.92
11699,908,268,2,230.32
11700,401,294,2,194.88
11701,507,139,3,165
11702,176,99,5,224.67
11703,706,95,1,16.81
11704,742,474,1,38.64
11705,364,368,1,236.39
11706,198,386,1,235.37
11707,390,597,2,25.44
11708,660,148,5,189.09
11709,1157,358,1,178.19
11710,1686,337,1,248.3
11711,780,469,2,46.6
11712,532,519,1,169.02
11713,1827,323,1,166.91
11714,1086,523,2,195.84
11715,1813,243,4,122.7
11716,835,28,3,115.98
11717,887,126,2,87.32
11718,452,418,2,239.74
11719,1673,467,5,37.25
11720,1624,400,2,54.03
11721,1211,331,3,28.04
11722,437,594,4,99.59
11723,1048,291,2,118.79
11724,808,183,5,164.88
11725,1382,466,3,35.22
11726,474,292,2,247.95
11727,142,104,3,240.06
11728,1845,279,4,200.56
11729,1788,435,3,130.55
11730,1000,556,2,155.56
11731,22,540,4,116.61
11732,1883,230,5,30.93
11733,144,440,3,162.74
11734,870,418,3,239.74
11735,1707,444,1,124.61
11736,95,51,3,45.81
11737,1723,330,5,57.51
11738,1241,88,2,10.98
11739,1678,131,5,42.26
11740,1644,517,4,105.79
11741,77,347,1,149.45
11742,683,292,2,247.95
11743,1953,47,2,43.46
11744,1670,166,2,173.26
11745,1839,371,3,207.69
11746,1013,548,4,157.52
11747,1845,172,2,48.51
11748,341,453,3,91.17
11749,186,115,1,226.48
11750,566,122,4,248.73
11751,609,84,5,78.24
11752,515,106,1,45.36
11753,1059,70,3,65.36
11754,1727,469,2,46.6
11755,1170,275,1,142.78
11756,529,461,4,113.26
11757,210,528,4,21.45
11758,1549,278,3,97.19
11759,1778,315,3,54.59
11760,1152,421,1,44.47
11761,1338,92,1,48.51
11762,1239,36,2,40.88
11763,1377,49,1,233.39
11764,264,332,2,209.27
11765,430,125,5,133.92
11766,1486,585,2,90.17
11767,185,477,5,49.2
11768,590,391,4,112.06
11769,493,595,2,114.2
11770,1871,596,2,181.75
11771,837,339,2,9.27
11772,1032,202,2,182.83
11773,1655,591,2,165.89
11774,489,349,4,179.18
11775,1273,197,4,55.06
11776,28,565,4,122.01
11777,475,8,3,61.56
11778,1016,438,1,50.07
11779,1512,585,1,90.17
11780,1155,537,5,227.69
11781,1745,508,1,174.79
11782,226,283,4,180.56
11783,811,134,1,45.21
11784,1435,437,3,194.26
11785,1519,412,2,182.36
11786,289,159,3,222.76
11787,926,559,1,210.93
11788,1865,95,5,16.81
11789,735,598,1,180.11
11790,1642,512,2,181.18
11791,1706,486,5,102.52
11792,1936,598,4,180.11
11793,957,30,1,76.12
11794,681,421,3,44.47
11795,1632,453,1,91.17
11796,36,599,2,117.25
11797,1059,311,1,100.87
11798,1566,182,5,239.29
11799,952,441,3,145.91
11800,631,52,3,152.05
11801,274,388,2,56.49
11802,458,41,4,187.24
11803,1734,387,3,159.29
11804,266,466,4,35.22
11805,1756,30,3,76.12
11806,1081,427,5,129.4
11807,53,488,5,213.06
11808,1597,527,3,41.86
11809,1310,78,1,119.86
11810,446,175,3,246.25
11811,477,396,3,36.78
11812,1448,220,3,237.59
11813,1461,449,5,106.91
11814,708,163,2,13.69
11815,193,24,5,89.79
11816,1875,500,2,179.13
11817,771,103,3,202.95
11818,527,596,4,181.75
11819,1709,420,3,45.9
11820,1958,5,4,12.49
11821,509,454,5,245.66
11822,1117,4,3,70.25
11823,1825,247,3,206.44
11824,1314,245,4,172.77
11825,1863,148,5,189.09
11826,456,495,1,107.84
11827,925,227,2,202.25
11828,512,230,1,30.93
11829,1035,47,4,43.46
11830,1918,152,3,177.46
11831,1788,281,5,224.13
11832,1343,283,5,180.56
11833,949,177,4,185.47
11834,723,285,5,95.54
11835,438,550,4,32.45
11836,1733,476,1,124.63
11837,930,122,4,248.73
11838,209,211,4,185.35
11839,1480,51,2,45.81
11840,1283,502,3,135.74
11841,30,204,2,23.72
11842,625,459,3,150.38
11843,109,50,4,21
11844,459,441,1,145.91
11845,349,450,3,16.91
11846,215,335,5,223.36
11847,306,426,1,182.91
11848,623,74,3,86.91
11849,651,275,4,142.78
11850,641,211,5,185.35
11851,461,433,5,39.51
11852,1681,137,2,23.35
11853,1646,460,1,112.26
11854,1328,41,5,187.24
11855,626,79,4,23.89
11856,1376,258,3,139.54
11857,884,77,1,160.67
11858,157,45,3,125.63
11859,687,493,1,64.05
11860,1935,497,4,227.24
11861,1117,380,5,189.1
11862,1411,595,3,114.2
11863,939,43,4,47.02
11864,1218,123,5,152.2
11865,1455,529,2,120.1
11866,1844,275,4,142.78
11867,716,184,4,187.08
11868,661,309,2,201.42
11869,1838,262,5,165.33
11870,840,142,4,68.4
11871,1034,108,1,166.82
11872,102,565,5,122.01
11873,1364,28,2,115.98
11874,1447,341,1,106.71
11875,58,266,4,209.12
11876,1825,458,3,8.24
11877,1584,60,2,33.2
11878,962,17,2,80.59
11879,1202,530,4,136.98
11880,1192,389,4,5.36
11881,1083,467,3,37.25
11882,1716,38,1,133.35
11883,1358,594,3,99.59
11884,1907,139,1,165
11885,778,286,3,112.95
11886,1795,594,1,99.59
11887,432,454,4,245.66
11888,1669,66,1,100.86
11889,1600,47,3,43.46
11890,1412,314,4,232.23
11891,1102,536,3,101.05
11892,1515,5,3,12.49
11893,569,146,3,153.53
11894,1096,535,1,124.45
11895,1457,101,3,172
11896,726,201,2,115.79
11897,4,349,5,179.18
11898,268,302,1,248.06
11899,1290,592,1,243.21
11900,1684,395,5,96.32
11901,698,67,3,242.6
11902,696,553,1,141
11903,1612,414,2,26.9
11904,800,407,1,240.64
11905,1697,400,1,54.03
11906,1835,194,4,12.12
11907,1142,351,2,23.35
11908,444,24,2,89.79
11909,1229,129,3,212.34
11910,1572,104,5,240.06
11911,698,137,1,23.35
11912,462,70,1,65.36
11913,863,9,1,231.99
11914,1599,152,2,177.46
11915,681,94,1,179.65
11916,1507,440,4,162.74
11917,1648,411,5,179.94
11918,1410,466,1,35.22
11919,1821,64,1,179.34
11920,1913,453,3,91.17
11921,1041,22,1,109.39
11922,183,118,5,190.86
11923,1141,177,5,185.47
11924,1945,576,3,151.56
11925,1410,343,4,233.56
11926,829,249,5,10.67
11927,807,8,4,61.56
11928,1867,396,3,36.78
11929,1844,410,3,238.4
11930,1434,564,5,42.97
11931,840,477,4,49.2
11932,663,463,5,242.61
11933,49,378,4,175.59
11934,1827,418,3,239.74
11935,1640,368,3,236.39
11936,706,463,1,242.61
11937,996,194,3,12.12
11938,1874,79,3,23.89
11939,1610,388,5,56.49
11940,1033,365,3,61.37
11941,436,525,3,33.72
11942,1417,144,1,232.36
11943,1448,447,2,9.67
11944,1800,167,4,85.8
11945,1914,149,4,21.72
11946,1709,174,4,228.53
11947,1253,537,4,227.69
11948,786,351,2,23.35
11949,875,77,3,160.67
11950,110,7,4,192.11
11951,1303,563,4,217.58
11952,1085,106,2,45.36
11953,1310,277,5,166.1
11954,730,202,3,182.83
11955,410,210,4,139.75
11956,1763,541,1,129.94
11957,1515,76,2,70.68
11958,317,479,5,113.19
11959,1810,575,1,76.66
11960,1992,224,2,154.91
11961,104,338,1,70.64
11962,430,502,1,135.74
11963,1547,181,5,128.17
11964,1844,406,1,209.08
11965,233,73,2,82.6
11966,839,77,5,160.67
11967,1850,294,2,194.88
11968,1500,19,1,104.09
11969,644,62,5,115.47
11970,1587,354,3,185.7
11971,1959,208,2,137.8
11972,21,34,3,31.65
11973,1210,87,3,101.95
11974,1192,577,1,129.64
11975,1001,141,1,123.49
11976,772,270,2,233.71
11977,1791,176,1,167.74
11978,181,564,2,42.97
11979,1056,496,5,152.06
11980,425,183,4,164.88
11981,127,360,5,243.58
11982,139,135,3,160.81
11983,1958,71,1,27.17
11984,1818,60,4,33.2
11985,258,71,4,27.17
11986,128,273,3,196.82
11987,1322,3,1,111.03
11988,446,536,4,101.05
11989,1351,33,1,81.44
11990,1135,565,2,122.01
11991,371,130,5,228.6
11992,1918,42,3,7.08
11993,1210,319,1,189.91
11994,1394,494,4,196.25
11995,350,438,2,50.07
11996,832,74,5,86.91
11997,5,134,4,45.21
11998,193,503,1,97.02
11999,682,590,3,208.71
12000,1313,88,3,10.98
