id,name,email,password_hash,role,created_at
1,Nguyen Anh,anhnguyen1@gmail.com,8d969eef6ecad3c29a3a629280e686cf0c3f5d5a86aff3ca12020c923adc6c92,CUSTOMER,2024-02-28 03:19:06
2,Nguyen Binh,binhnguyen2@gmail.com,8d969eef6ecad3c29a3a629280e686cf0c3f5d5a86aff3ca12020c923adc6c92,CUSTOMER,2024-09-24 06:41:18
3,Nguyen Chi,chinguyen3@gmail.com,8d969eef6ecad3c29a3a629280e686cf0c3f5d5a86aff3ca12020c923adc6c92,CUSTOMER,2024-10-12 13:13:26
4,Nguyen Dung,dungnguyen4@gmail.com,8d969eef6ecad3c29a3a629280e686cf0c3f5d5a86aff3ca12020c923adc6c92,CUSTOMER,2024-07-26 13:07:10
5,Nguyen Hanh,hanhnguyen5@gmail.com,8d969eef6ecad3c29a3a629280e686cf0c3f5d5a86aff3ca12020c923adc6c92,CUSTOMER,2025-07-18 12:47:26
6,Nguyen Hieu,hieunguyen6@gmail.com,8d969eef6ecad3c29a3a629280e686cf0c3f5d5a86aff3ca12020c923adc6c92,CUSTOMER,2024-04-22 09:35:13
7,Nguyen Hoa,hoanguyen7@gmail.com,8d969eef6ecad3c29a3a629280e686cf0c3f5d5a86aff3ca12020c923adc6c92,CUSTOMER,2024-07-20 18:43:48
8,Nguyen Khanh,khanhnguyen8@gmail.com,8d969eef6ecad3c29a3a629280e686cf0c3f5d5a86aff3ca12020c923adc6c92,CUSTOMER,2025-04-18 15:07:53
9,Nguyen Lam,lamnguyen9@gmail.com,8d969eef6ecad3c29a3a629280e686cf0c3f5d5a86aff3ca12020c923adc6c92,CUSTOMER,2025-05-29 18:28:48
10,Nguyen Linh,linhnguyen10@gmail.com,8d969eef6ecad3c29a3a629280e686cf0c3f5d5a86aff3ca12020c923adc6c92,CUSTOMER,2024-05-25 03:22:14
11,Nguyen Long,longnguyen11@gmail.com,8d969eef6ecad3c29a3a629280e686cf0c3f5d5a86aff3ca12020c923adc6c92,CUSTOMER,2026-01-03 12:49:30
12,Nguyen Mai,mainguyen12@gmail.com,8d969eef6ecad3c29a3a629280e686cf0c3f5d5a86aff3ca12020c923adc6c92,CUSTOMER,2025-03-12 18:44:51
13,Nguyen Minh,minhnguyen13@gmail.com,8d969eef6ecad3c29a3a629280e686cf0c3f5d5a86aff3ca12020c923adc6c92,CUSTOMER,2025-03-07 01:53:50
14,Nguyen Nam,namnguyen14@gmail.com,8d969eef6ecad3c29a3a629280e686cf0c3f5d5a86aff3ca12020c923adc6c92,CUSTOMER,2024-06-03 18:21:21
15,Nguyen Nga,nganguyen15@gmail.com,8d969eef6ecad3c29a3a629280e686cf0c3f5d5a86aff3ca12020c923adc6c92,CUSTOMER,2024-01-28 22:07:01
16,Nguyen Nhi,nhinguyen16@gmail.com,8d969eef6ecad3c29a3a629280e686cf0c3f5d5a86aff3ca12020c923adc6c92,CUSTOMER,2024-08-19 01:28:50
17,Nguyen Phong,phongnguyen17@gmail.com,8d969eef6ecad3c29a3a629280e686cf0c3f5d5a86aff3ca12020c923adc6c92,CUSTOMER,2024-06-29 15:36:52
18,Nguyen Quang,quangnguyen18@gmail.com,8d969eef6ecad3c29a3a629280e686cf0c3f5d5a86aff3ca12020c923adc6c92,CUSTOMER,2024-11-09 02:46:14
19,Nguyen Son,sonnguyen19@gmail.com,8d969eef6ecad3c29a3a629280e686cf0c3f5d5a86aff3ca12020c923adc6c92,CUSTOMER,2025-12-05 13:33:35
20,Nguyen Thao,thaonguyen20@gmail.com,8d969eef6ecad3c29a3a629280e686cf0c3f5d5a86aff3ca12020c923adc6c92,CUSTOMER,2026-01-29 05:05:37
21,Nguyen Trang,trangnguyen21@gmail.com,8d969eef6ecad3c29a3a629280e686cf0c3f5d5a86aff3ca12020c923adc6c92,CUSTOMER,2026-01-25 02:08:40
22,Nguyen Tuan,tuannguyen22@gmail.com,8d969eef6ecad3c29a3a629280e686cf0c3f5d5a86aff3ca12020c923adc6c92,CUSTOMER,2025-03-10 04:13:40
23,Nguyen Viet,vietnguyen23@gmail.com,8d969eef6ecad3c29a3a629280e686cf0c3f5d5a86aff3ca12020c923adc6c92,CUSTOMER,2024-11-08 19:07:07
24,Nguyen Yen,yennguyen24@gmail.com,8d969eef6ecad3c29a3a629280e686cf0c3f5d5a86aff3ca12020c923adc6c92,CUSTOMER,2025-08-17 08:08:43
25,Nguyen An,annguyen25@gmail.com,8d969eef6ecad3c29a3a629280e686cf0c3f5d5a86aff3ca12020c923adc6c92,CUSTOMER,2024-12-22 02:34:36
26,Nguyen Bao,baonguyen26@gmail.com,8d969eef6ecad3c29a3a629280e686cf0c3f5d5a86aff3ca12020c923adc6c92,CUSTOMER,2025-06-21 03:18:30
27,Nguyen Cuong,cuongnguyen27@gmail.com,8d969eef6ecad3c29a3a629280e686cf0c3f5d5a86aff3ca12020c923adc6c92,CUSTOMER,2025-04-16 10:52:37
28,Nguyen Dao,daonguyen28@gmail.com,8d969eef6ecad3c29a3a629280e686cf0c3f5d5a86aff3ca12020c923adc6c92,CUSTOMER,2025-02-17 01:22:56
29,Nguyen Giang,giangnguyen29@gmail.com,8d969eef6ecad3c29a3a629280e686cf0c3f5d5a86aff3ca12020c923adc6c92,CUSTOMER,2025-11-09 11:34:55
30,Nguyen Hai,hainguyen30@gmail.com,8d969eef6ecad3c29a3a629280e686cf0c3f5d5a86aff3ca12020c923adc6c92,CUSTOMER,2025-01-11 04:59:00
31,Nguyen Hong,hongnguyen31@gmail.com,8d969eef6ecad3c29a3a629280e686cf0c3f5d5a86aff3ca12020c923adc6c92,CUSTOMER,2024-08-12 03:56:46
32,Nguyen Huy,huynguyen32@gmail.com,8d969eef6ecad3c29a3a629280e686cf0c3f5d5a86aff3ca12020c923adc6c92,CUSTOMER,2025-10-13 20:55:17
33,Nguyen Kiet,kietnguyen33@gmail.com,8d969eef6ecad3c29a3a629280e686cf0c3f5d5a86aff3ca12020c923adc6c92,CUSTOMER,2024-02-16 00:15:16
34,Nguyen Le,lenguyen34@gmail.com,8d969eef6ecad3c29a3a629280e686cf0c3f5d5a86aff3ca12020c923adc6c92,CUSTOMER,2025-04-07 23:43:11
35,Nguyen Ly,lynguyen35@gmail.com,8d969eef6ecad3c29a3a629280e686cf0c3f5d5a86aff3ca12020c923adc6c92,CUSTOMER,2024-08-06 23:10:35
36,Nguyen My,mynguyen36@gmail.com,8d969eef6ecad3c29a3a629280e686cf0c3f5d5a86aff3ca12020c923adc6c92,CUSTOMER,2025-01-07 12:46:42
37,Nguyen Phuc,phucnguyen37@gmail.com,8d969eef6ecad3c29a3a629280e686cf0c3f5d5a86aff3ca12020c923adc6c92,CUSTOMER,2024-11-16 19:09:06
38,Nguyen Phuong,phuongnguyen38@gmail.com,8d969eef6ecad3c29a3a629280e686cf0c3f5d5a86aff3ca12020c923adc6c92,CUSTOMER,2025-05-22 03:10:44
39,Nguyen Quan,quannguyen39@gmail.com,8d969eef6ecad3c29a3a629280e686cf0c3f5d5a86aff3ca12020c923adc6c92,CUSTOMER,2025-11-20 08:17:27
40,Nguyen Quyen,quyennguyen40@gmail.com,8d969eef6ecad3c29a3a629280e686cf0c3f5d5a86aff3ca12020c923adc6c92,CUSTOMER,2024-09-11 22:19:33
41,Nguyen Tam,tamnguyen41@gmail.com,8d969eef6ecad3c29a3a629280e686cf0c3f5d5a86aff3ca12020c923adc6c92,CUSTOMER,2024-09-29 17:39:59
42,Nguyen Thi,thinguyen42@gmail.com,8d969eef6ecad3c29a3a629280e686cf0c3f5d5a86aff3ca12020c923adc6c92,CUSTOMER,2025-01-10 05:43:34
43,Nguyen Thien,thiennguyen43@gmail.com,8d969eef6ecad3c29a3a629280e686cf0c3f5d5a86aff3ca12020c923adc6c92,CUSTOMER,2024-02-21 09:29:03
44,Nguyen Thu,thunguyen44@gmail.com,8d969eef6ecad3c29a3a629280e686cf0c3f5d5a86aff3ca12020c923adc6c92,CUSTOMER,2024-10-08 10:43:30
45,Nguyen Thuy,thuynguyen45@gmail.com,8d969eef6ecad3c29a3a629280e686cf0c3f5d5a86aff3ca12020c923adc6c92,CUSTOMER,2024-07-03 00:29:52
46,Nguyen Tien,tiennguyen46@gmail.com,8d969eef6ecad3c29a3a629280e686cf0c3f5d5a86aff3ca12020c923adc6c92,CUSTOMER,2026-01-15 14:56:58
47,Nguyen Trung,trungnguyen47@gmail.com,8d969eef6ecad3c29a3a629280e686cf0c3f5d5a86aff3ca12020c923adc6c92,CUSTOMER,2025-02-05 11:26:55
48,Nguyen Tung,tungnguyen48@gmail.com,8d969eef6ecad3c29a3a629280e686cf0c3f5d5a86aff3ca12020c923adc6c92,CUSTOMER,2024-11-16 11:00:36
49,Nguyen Van,vannguyen49@gmail.com,8d969eef6ecad3c29a3a629280e686cf0c3f5d5a86aff3ca12020c923adc6c92,CUSTOMER,2024-02-07 22:49:20
50,Nguyen Vy,vynguyen50@gmail.com,8d969eef6ecad3c29a3a629280e686cf0c3f5d5a86aff3ca12020c923adc6c92,CUSTOMER,2025-11-19 06:47:49
51,Tran Anh,anhtran51@gmail.com,8d969eef6ecad3c29a3a629280e686cf0c3f5d5a86aff3ca12020c923adc6c92,CUSTOMER,2025-06-22 16:35:51
52,Tran Binh,binhtran52@gmail.com,8d969eef6ecad3c29a3a629280e686cf0c3f5d5a86aff3ca12020c923adc6c92,CUSTOMER,2025-07-12 04:49:53
53,Tran Chi,chitran53@gmail.com,8d969eef6ecad3c29a3a629280e686cf0c3f5d5a86aff3ca12020c923adc6c92,CUSTOMER,2025-02-20 11:06:03
54,Tran Dung,dungtran54@gmail.com,8d969eef6ecad3c29a3a629280e686cf0c3f5d5a86aff3ca12020c923adc6c92,CUSTOMER,2024-03-06 04:14:18
55,Tran Hanh,hanhtran55@gmail.com,8d969eef6ecad3c29a3a629280e686cf0c3f5d5a86aff3ca12020c923adc6c92,CUSTOMER,2025-01-04 17:27:50
56,Tran Hieu,hieutran56@gmail.com,8d969eef6ecad3c29a3a629280e686cf0c3f5d5a86aff3ca12020c923adc6c92,CUSTOMER,2025-07-31 23:11:09
57,Tran Hoa,hoatran57@gmail.com,8d969eef6ecad3c29a3a629280e686cf0c3f5d5a86aff3ca12020c923adc6c92,CUSTOMER,2024-03-16 05:03:47
58,Tran Khanh,khanhtran58@gmail.com,8d969eef6ecad3c29a3a629280e686cf0c3f5d5a86aff3ca12020c923adc6c92,CUSTOMER,2025-06-12 01:37:34
59,Tran Lam,lamtran59@gmail.com,8d969eef6ecad3c29a3a629280e686cf0c3f5d5a86aff3ca12020c923adc6c92,CUSTOMER,2025-08-23 20:46:58
60,Tran Linh,linhtran60@gmail.com,8d969eef6ecad3c29a3a629280e686cf0c3f5d5a86aff3ca12020c923adc6c92,CUSTOMER,2024-05-08 22:24:28
61,Tran Long,longtran61@gmail.com,8d969eef6ecad3c29a3a629280e686cf0c3f5d5a86aff3ca12020c923adc6c92,CUSTOMER,2024-04-24 19:49:54
62,Tran Mai,maitran62@gmail.com,8d969eef6ecad3c29a3a629280e686cf0c3f5d5a86aff3ca12020c923adc6c92,CUSTOMER,2024-02-02 00:14:11
63,Tran Minh,minhtran63@gmail.com,8d969eef6ecad3c29a3a629280e686cf0c3f5d5a86aff3ca12020c923adc6c92,CUSTOMER,2025-09-06 22:16:52
64,Tran Nam,namtran64@gmail.com,8d969eef6ecad3c29a3a629280e686cf0c3f5d5a86aff3ca12020c923adc6c92,CUSTOMER,2024-06-29 03:15:18
65,Tran Nga,ngatran65@gmail.com,8d969eef6ecad3c29a3a629280e686cf0c3f5d5a86aff3ca12020c923adc6c92,CUSTOMER,2025-06-19 08:26:40
66,Tran Nhi,nhitran66@gmail.com,8d969eef6ecad3c29a3a629280e686cf0c3f5d5a86aff3ca12020c923adc6c92,CUSTOMER,2024-12-20 23:50:48
67,Tran Phong,phongtran67@gmail.com,8d969eef6ecad3c29a3a629280e686cf0c3f5d5a86aff3ca12020c923adc6c92,CUSTOMER,2025-02-02 20:07:05
68,Tran Quang,quangtran68@gmail.com,8d969eef6ecad3c29a3a629280e686cf0c3f5d5a86aff3ca12020c923adc6c92,CUSTOMER,2024-05-11 01:59:38
69,Tran Son,sontran69@gmail.com,8d969eef6ecad3c29a3a629280e686cf0c3f5d5a86aff3ca12020c923adc6c92,CUSTOMER,2025-11-25 07:20:00
70,Tran Thao,thaotran70@gmail.com,8d969eef6ecad3c29a3a629280e686cf0c3f5d5a86aff3ca12020c923adc6c92,CUSTOMER,2024-02-22 06:37:40
71,Tran Trang,trangtran71@gmail.com,8d969eef6ecad3c29a3a629280e686cf0c3f5d5a86aff3ca12020c923adc6c92,CUSTOMER,2025-10-17 16:01:15
72,Tran Tuan,tuantran72@gmail.com,8d969eef6ecad3c29a3a629280e686cf0c3f5d5a86aff3ca12020c923adc6c92,CUSTOMER,2024-03-15 04:17:41
73,Tran Viet,viettran73@gmail.com,8d969eef6ecad3c29a3a629280e686cf0c3f5d5a86aff3ca12020c923adc6c92,CUSTOMER,2025-06-02 05:34:00
74,Tran Yen,yentran74@gmail.com,8d969eef6ecad3c29a3a629280e686cf0c3f5d5a86aff3ca12020c923adc6c92,CUSTOMER,2025-05-24 10:47:17
75,Tran An,antran75@gmail.com,8d969eef6ecad3c29a3a629280e686cf0c3f5d5a86aff3ca12020c923adc6c92,CUSTOMER,2026-01-06 23:45:41
76,Tran Bao,baotran76@gmail.com,8d969eef6ecad3c29a3a629280e686cf0c3f5d5a86aff3ca12020c923adc6c92,CUSTOMER,2024-10-17 05:28:25
77,Tran Cuong,cuongtran77@gmail.com,8d969eef6ecad3c29a3a629280e686cf0c3f5d5a86aff3ca12020c923adc6c92,CUSTOMER,2024-09-25 18:19:31
78,Tran Dao,daotran78@gmail.com,8d969eef6ecad3c29a3a629280e686cf0c3f5d5a86aff3ca12020c923adc6c92,CUSTOMER,2024-07-22 13:53:15
79,Tran Giang,giangtran79@gmail.com,8d969eef6ecad3c29a3a629280e686cf0c3f5d5a86aff3ca12020c923adc6c92,CUSTOMER,2024-11-19 13:42:57
80,Tran Hai,haitran80@gmail.com,8d969eef6ecad3c29a3a629280e686cf0c3f5d5a86aff3ca12020c923adc6c92,CUSTOMER,2025-06-27 12:53:17
81,Tran Hong,hongtran81@gmail.com,8d969eef6ecad3c29a3a629280e686cf0c3f5d5a86aff3ca12020c923adc6c92,CUSTOMER,2024-01-24 12:19:28
82,Tran Huy,huytran82@gmail.com,8d969eef6ecad3c29a3a629280e686cf0c3f5d5a86aff3ca12020c923adc6c92,CUSTOMER,2024-03-15 00:21:19
83,Tran Kiet,kiettran83@gmail.com,8d969eef6ecad3c29a3a629280e686cf0c3f5d5a86aff3ca12020c923adc6c92,CUSTOMER,2026-01-27 07:40:02
84,Tran Le,letran84@gmail.com,8d969eef6ecad3c29a3a629280e686cf0c3f5d5a86aff3ca12020c923adc6c92,CUSTOMER,2025-06-30 05:57:35
85,Tran Ly,lytran85@gmail.com,8d969eef6ecad3c29a3a629280e686cf0c3f5d5a86aff3ca12020c923adc6c92,CUSTOMER,2025-06-03 03:38:09
86,Tran My,mytran86@gmail.com,8d969eef6ecad3c29a3a629280e686cf0c3f5d5a86aff3ca12020c923adc6c92,CUSTOMER,2024-01-23 10:28:15
87,Tran Phuc,phuctran87@gmail.com,8d969eef6ecad3c29a3a629280e686cf0c3f5d5a86aff3ca12020c923adc6c92,CUSTOMER,2024-02-14 05:02:43
88,Tran Phuong,phuongtran88@gmail.com,8d969eef6ecad3c29a3a629280e686cf0c3f5d5a86aff3ca12020c923adc6c92,CUSTOMER,2024-08-19 14:42:32
89,Tran Quan,quantran89@gmail.com,8d969eef6ecad3c29a3a629280e686cf0c3f5d5a86aff3ca12020c923adc6c92,CUSTOMER,2025-11-16 10:22:54
90,Tran Quyen,quyentran90@gmail.com,8d969eef6ecad3c29a3a629280e686cf0c3f5d5a86aff3ca12020c923adc6c92,CUSTOMER,2025-07-17 23:41:19
91,Tran Tam,tamtran91@gmail.com,8d969eef6ecad3c29a3a629280e686cf0c3f5d5a86aff3ca12020c923adc6c92,CUSTOMER,2024-06-08 13:56:07
92,Tran Thi,thitran92@gmail.com,8d969eef6ecad3c29a3a629280e686cf0c3f5d5a86aff3ca12020c923adc6c92,CUSTOMER,2025-03-08 05:37:25
93,Tran Thien,thientran93@gmail.com,8d969eef6ecad3c29a3a629280e686cf0c3f5d5a86aff3ca12020c923adc6c92,CUSTOMER,2025-11-18 10:53:14
94,Tran Thu,thutran94@gmail.com,8d969eef6ecad3c29a3a629280e686cf0c3f5d5a86aff3ca12020c923adc6c92,CUSTOMER,2024-11-07 10:05:35
95,Tran Thuy,thuytran95@gmail.com,8d969eef6ecad3c29a3a629280e686cf0c3f5d5a86aff3ca12020c923adc6c92,CUSTOMER,2025-08-15 20:58:30
96,Tran Tien,tientran96@gmail.com,8d969eef6ecad3c29a3a629280e686cf0c3f5d5a86aff3ca12020c923adc6c92,CUSTOMER,2024-03-30 19:03:31
97,Tran Trung,trungtran97@gmail.com,8d969eef6ecad3c29a3a629280e686cf0c3f5d5a86aff3ca12020c923adc6c92,CUSTOMER,2025-11-09 11:25:01
98,Tran Tung,tungtran98@gmail.com,8d969eef6ecad3c29a3a629280e686cf0c3f5d5a86aff3ca12020c923adc6c92,CUSTOMER,2024-08-11 18:58:11
99,Tran Van,vantran99@gmail.com,8d969eef6ecad3c29a3a629280e686cf0c3f5d5a86aff3ca12020c923adc6c92,CUSTOMER,2024-11-09 04:33:39
100,Tran Vy,vytran100@gmail.com,8d969eef6ecad3c29a3a629280e686cf0c3f5d5a86aff3ca12020c923adc6c92,CUSTOMER,2025-03-24 11:57:25
101,Le Anh,anhle101@gmail.com,8d969eef6ecad3c29a3a629280e686cf0c3f5d5a86aff3ca12020c923adc6c92,CUSTOMER,2025-02-20 17:35:28
102,Le Binh,binhle102@gmail.com,8d969eef6ecad3c29a3a629280e686cf0c3f5d5a86aff3ca12020c923adc6c92,CUSTOMER,2024-07-23 01:01:53
103,Le Chi,chile103@gmail.com,8d969eef6ecad3c29a3a629280e686cf0c3f5d5a86aff3ca12020c923adc6c92,CUSTOMER,2024-05-11 12:51:39
104,Le Dung,dungle104@gmail.com,8d969eef6ecad3c29a3a629280e686cf0c3f5d5a86aff3ca12020c923adc6c92,CUSTOMER,2025-04-18 07:51:45
105,Le Hanh,hanhle105@gmail.com,8d969eef6ecad3c29a3a629280e686cf0c3f5d5a86aff3ca12020c923adc6c92,CUSTOMER,2025-10-12 11:03:04
106,Le Hieu,hieule106@gmail.com,8d969eef6ecad3c29a3a629280e686cf0c3f5d5a86aff3ca12020c923adc6c92,CUSTOMER,2025-01-25 03:30:08
107,Le Hoa,hoale107@gmail.com,8d969eef6ecad3c29a3a629280e686cf0c3f5d5a86aff3ca12020c923adc6c92,CUSTOMER,2025-11-13 17:00:20
108,Le Khanh,khanhle108@gmail.com,8d969eef6ecad3c29a3a629280e686cf0c3f5d5a86aff3ca12020c923adc6c92,CUSTOMER,2025-11-16 21:25:43
109,Le Lam,lamle109@gmail.com,8d969eef6ecad3c29a3a629280e686cf0c3f5d5a86aff3ca12020c923adc6c92,CUSTOMER,2025-02-21 02:47:57
110,Le Linh,linhle110@gmail.com,8d969eef6ecad3c29a3a629280e686cf0c3f5d5a86aff3ca12020c923adc6c92,CUSTOMER,2025-09-02 07:27:06
111,Le Long,longle111@gmail.com,8d969eef6ecad3c29a3a629280e686cf0c3f5d5a86aff3ca12020c923adc6c92,CUSTOMER,2025-11-15 01:01:12
112,Le Mai,maile112@gmail.com,8d969eef6ecad3c29a3a629280e686cf0c3f5d5a86aff3ca12020c923adc6c92,CUSTOMER,2024-04-09 19:14:03
113,Le Minh,minhle113@gmail.com,8d969eef6ecad3c29a3a629280e686cf0c3f5d5a86aff3ca12020c923adc6c92,CUSTOMER,2026-01-05 01:37:09
114,Le Nam,namle114@gmail.com,8d969eef6ecad3c29a3a629280e686cf0c3f5d5a86aff3ca12020c923adc6c92,CUSTOMER,2025-07-25 02:40:08
115,Le Nga,ngale115@gmail.com,8d969eef6ecad3c29a3a629280e686cf0c3f5d5a86aff3ca12020c923adc6c92,CUSTOMER,2025-02-19 16:56:18
116,Le Nhi,nhile116@gmail.com,8d969eef6ecad3c29a3a629280e686cf0c3f5d5a86aff3ca12020c923adc6c92,CUSTOMER,2024-02-28 23:17:52
117,Le Phong,phongle117@gmail.com,8d969eef6ecad3c29a3a629280e686cf0c3f5d5a86aff3ca12020c923adc6c92,CUSTOMER,2025-07-02 04:13:09
118,Le Quang,quangle118@gmail.com,8d969eef6ecad3c29a3a629280e686cf0c3f5d5a86aff3ca12020c923adc6c92,CUSTOMER,2024-10-12 17:38:27
119,Le Son,sonle119@gmail.com,8d969eef6ecad3c29a3a629280e686cf0c3f5d5a86aff3ca12020c923adc6c92,CUSTOMER,2026-01-17 14:41:44
120,Le Thao,thaole120@gmail.com,8d969eef6ecad3c29a3a629280e686cf0c3f5d5a86aff3ca12020c923adc6c92,CUSTOMER,2025-01-25 04:10:27
121,Le Trang,trangle121@gmail.com,8d969eef6ecad3c29a3a629280e686cf0c3f5d5a86aff3ca12020c923adc6c92,CUSTOMER,2024-12-01 12:33:01
122,Le Tuan,tuanle122@gmail.com,8d969eef6ecad3c29a3a629280e686cf0c3f5d5a86aff3ca12020c923adc6c92,CUSTOMER,2024-06-17 01:27:16
123,Le Viet,vietle123@gmail.com,8d969eef6ecad3c29a3a629280e686cf0c3f5d5a86aff3ca12020c923adc6c92,CUSTOMER,2024-06-14 10:14:06
124,Le Yen,yenle124@gmail.com,8d969eef6ecad3c29a3a629280e686cf0c3f5d5a86aff3ca12020c923adc6c92,CUSTOMER,2024-03-16 05:38:17
125,Le An,anle125@gmail.com,8d969eef6ecad3c29a3a629280e686cf0c3f5d5a86aff3ca12020c923adc6c92,CUSTOMER,2024-08-11 22:03:01
126,Le Bao,baole126@gmail.com,8d969eef6ecad3c29a3a629280e686cf0c3f5d5a86aff3ca12020c923adc6c92,CUSTOMER,2025-06-07 22:40:29
127,Le Cuong,cuongle127@gmail.com,8d969eef6ecad3c29a3a629280e686cf0c3f5d5a86aff3ca12020c923adc6c92,CUSTOMER,2025-03-04 08:39:20
128,Le Dao,daole128@gmail.com,8d969eef6ecad3c29a3a629280e686cf0c3f5d5a86aff3ca12020c923adc6c92,CUSTOMER,2024-04-24 15:11:46
129,Le Giang,giangle129@gmail.com,8d969eef6ecad3c29a3a629280e686cf0c3f5d5a86aff3ca12020c923adc6c92,CUSTOMER,2024-12-16 20:59:49
130,Le Hai,haile130@gmail.com,8d969eef6ecad3c29a3a629280e686cf0c3f5d5a86aff3ca12020c923adc6c92,CUSTOMER,2024-08-23 00:18:52
131,Le Hong,hongle131@gmail.com,8d969eef6ecad3c29a3a629280e686cf0c3f5d5a86aff3ca12020c923adc6c92,CUSTOMER,2025-01-22 10:34:52
132,Le Huy,huyle132@gmail.com,8d969eef6ecad3c29a3a629280e686cf0c3f5d5a86aff3ca12020c923adc6c92,CUSTOMER,2024-07-01 21:22:16
133,Le Kiet,kietle133@gmail.com,8d969eef6ecad3c29a3a629280e686cf0c3f5d5a86aff3ca12020c923adc6c92,CUSTOMER,2025-08-30 20:47:24
134,Le Le,lele134@gmail.com,8d969eef6ecad3c29a3a629280e686cf0c3f5d5a86aff3ca12020c923adc6c92,CUSTOMER,2025-08-21 05:00:07
135,Le Ly,lyle135@gmail.com,8d969eef6ecad3c29a3a629280e686cf0c3f5d5a86aff3ca12020c923adc6c92,CUSTOMER,2026-01-18 13:05:02
136,Le My,myle136@gmail.com,8d969eef6ecad3c29a3a629280e686cf0c3f5d5a86aff3ca12020c923adc6c92,CUSTOMER,2025-10-01 19:20:15
137,Le Phuc,phucle137@gmail.com,8d969eef6ecad3c29a3a629280e686cf0c3f5d5a86aff3ca12020c923adc6c92,CUSTOMER,2025-07-22 11:43:46
138,Le Phuong,phuongle138@gmail.com,8d969eef6ecad3c29a3a629280e686cf0c3f5d5a86aff3ca12020c923adc6c92,CUSTOMER,2024-04-12 06:13:53
139,Le Quan,quanle139@gmail.com,8d969eef6ecad3c29a3a629280e686cf0c3f5d5a86aff3ca12020c923adc6c92,CUSTOMER,2025-04-13 21:41:52
140,Le Quyen,quyenle140@gmail.com,8d969eef6ecad3c29a3a629280e686cf0c3f5d5a86aff3ca12020c923adc6c92,CUSTOMER,2025-09-03 12:58:57
141,Le Tam,tamle141@gmail.com,8d969eef6ecad3c29a3a629280e686cf0c3f5d5a86aff3ca12020c923adc6c92,CUSTOMER,2024-10-23 18:32:39
142,Le Thi,thile142@gmail.com,8d969eef6ecad3c29a3a629280e686cf0c3f5d5a86aff3ca12020c923adc6c92,CUSTOMER,2024-09-03 21:32:39
143,Le Thien,thienle143@gmail.com,8d969eef6ecad3c29a3a629280e686cf0c3f5d5a86aff3ca12020c923adc6c92,CUSTOMER,2024-09-07 17:49:08
144,Le Thu,thule144@gmail.com,8d969eef6ecad3c29a3a629280e686cf0c3f5d5a86aff3ca12020c923adc6c92,CUSTOMER,2024-12-06 14:30:04
145,Le Thuy,thuyle145@gmail.com,8d969eef6ecad3c29a3a629280e686cf0c3f5d5a86aff3ca12020c923adc6c92,CUSTOMER,2024-01-14 10:43:41
146,Le Tien,tienle146@gmail.com,8d969eef6ecad3c29a3a629280e686cf0c3f5d5a86aff3ca12020c923adc6c92,CUSTOMER,2024-12-23 18:37:20
147,Le Trung,trungle147@gmail.com,8d969eef6ecad3c29a3a629280e686cf0c3f5d5a86aff3ca12020c923adc6c92,CUSTOMER,2025-02-08 20:16:34
148,Le Tung,tungle148@gmail.com,8d969eef6ecad3c29a3a629280e686cf0c3f5d5a86aff3ca12020c923adc6c92,CUSTOMER,2025-01-28 23:57:47
149,Le Van,vanle149@gmail.com,8d969eef6ecad3c29a3a629280e686cf0c3f5d5a86aff3ca12020c923adc6c92,CUSTOMER,2025-08-11 07:30:00
150,Le Vy,vyle150@gmail.com,8d969eef6ecad3c29a3a629280e686cf0c3f5d5a86aff3ca12020c923adc6c92,CUSTOMER,2024-04-17 13:06:51
151,Pham Anh,anhpham151@gmail.com,8d969eef6ecad3c29a3a629280e686cf0c3f5d5a86aff3ca12020c923adc6c92,CUSTOMER,2025-11-05 18:25:44
152,Pham Binh,binhpham152@gmail.com,8d969eef6ecad3c29a3a629280e686cf0c3f5d5a86aff3ca12020c923adc6c92,CUSTOMER,2025-07-18 00:24:52
153,Pham Chi,chipham153@gmail.com,8d969eef6ecad3c29a3a629280e686cf0c3f5d5a86aff3ca12020c923adc6c92,CUSTOMER,2025-05-17 00:49:05
154,Pham Dung,dungpham154@gmail.com,8d969eef6ecad3c29a3a629280e686cf0c3f5d5a86aff3ca12020c923adc6c92,CUSTOMER,2024-08-14 04:37:42
155,Pham Hanh,hanhpham155@gmail.com,8d969eef6ecad3c29a3a629280e686cf0c3f5d5a86aff3ca12020c923adc6c92,CUSTOMER,2025-06-23 22:51:14
156,Pham Hieu,hieupham156@gmail.com,8d969eef6ecad3c29a3a629280e686cf0c3f5d5a86aff3ca12020c923adc6c92,CUSTOMER,2025-02-11 19:12:45
157,Pham Hoa,hoapham157@gmail.com,8d969eef6ecad3c29a3a629280e686cf0c3f5d5a86aff3ca12020c923adc6c92,CUSTOMER,2025-06-14 20:17:44
158,Pham Khanh,khanhpham158@gmail.com,8d969eef6ecad3c29a3a629280e686cf0c3f5d5a86aff3ca12020c923adc6c92,CUSTOMER,2025-09-29 23:02:39
159,Pham Lam,lampham159@gmail.com,8d969eef6ecad3c29a3a629280e686cf0c3f5d5a86aff3ca12020c923adc6c92,CUSTOMER,2025-07-11 19:08:21
160,Pham Linh,linhpham160@gmail.com,8d969eef6ecad3c29a3a629280e686cf0c3f5d5a86aff3ca12020c923adc6c92,CUSTOMER,2026-01-11 02:17:50
161,Pham Long,longpham161@gmail.com,8d969eef6ecad3c29a3a629280e686cf0c3f5d5a86aff3ca12020c923adc6c92,CUSTOMER,2025-12-21 22:07:16
162,Pham Mai,maipham162@gmail.com,8d969eef6ecad3c29a3a629280e686cf0c3f5d5a86aff3ca12020c923adc6c92,CUSTOMER,2025-04-17 09:46:40
163,Pham Minh,minhpham163@gmail.com,8d969eef6ecad3c29a3a629280e686cf0c3f5d5a86aff3ca12020c923adc6c92,CUSTOMER,2024-12-16 11:13:04
164,Pham Nam,nampham164@gmail.com,8d969eef6ecad3c29a3a629280e686cf0c3f5d5a86aff3ca12020c923adc6c92,CUSTOMER,2024-07-21 14:49:51
165,Pham Nga,ngapham165@gmail.com,8d969eef6ecad3c29a3a629280e686cf0c3f5d5a86aff3ca12020c923adc6c92,CUSTOMER,2024-10-29 02:06:05
166,Pham Nhi,nhipham166@gmail.com,8d969eef6ecad3c29a3a629280e686cf0c3f5d5a86aff3ca12020c923adc6c92,CUSTOMER,2024-09-23 19:43:48
167,Pham Phong,phongpham167@gmail.com,8d969eef6ecad3c29a3a629280e686cf0c3f5d5a86aff3ca12020c923adc6c92,CUSTOMER,2025-12-14 05:21:41
168,Pham Quang,quangpham168@gmail.com,8d969eef6ecad3c29a3a629280e686cf0c3f5d5a86aff3ca12020c923adc6c92,CUSTOMER,2024-11-17 18:40:51
169,Pham Son,sonpham169@gmail.com,8d969eef6ecad3c29a3a629280e686cf0c3f5d5a86aff3ca12020c923adc6c92,CUSTOMER,2024-12-16 02:56:31
170,Pham Thao,thaopham170@gmail.com,8d969eef6ecad3c29a3a629280e686cf0c3f5d5a86aff3ca12020c923adc6c92,CUSTOMER,2025-02-12 11:46:49
171,Pham Trang,trangpham171@gmail.com,8d969eef6ecad3c29a3a629280e686cf0c3f5d5a86aff3ca12020c923adc6c92,CUSTOMER,2025-09-02 00:17:40
172,Pham Tuan,tuanpham172@gmail.com,8d969eef6ecad3c29a3a629280e686cf0c3f5d5a86aff3ca12020c923adc6c92,CUSTOMER,2025-07-30 08:20:40
173,Pham Viet,vietpham173@gmail.com,8d969eef6ecad3c29a3a629280e686cf0c3f5d5a86aff3ca12020c923adc6c92,CUSTOMER,2025-07-23 18:31:58
174,Pham Yen,yenpham174@gmail.com,8d969eef6ecad3c29a3a629280e686cf0c3f5d5a86aff3ca12020c923adc6c92,CUSTOMER,2024-04-02 00:33:57
175,Pham An,anpham175@gmail.com,8d969eef6ecad3c29a3a629280e686cf0c3f5d5a86aff3ca12020c923adc6c92,CUSTOMER,2025-07-22 22:26:35
176,Pham Bao,baopham176@gmail.com,8d969eef6ecad3c29a3a629280e686cf0c3f5d5a86aff3ca12020c923adc6c92,CUSTOMER,2024-03-12 03:48:11
177,Pham Cuong,cuongpham177@gmail.com,8d969eef6ecad3c29a3a629280e686cf0c3f5d5a86aff3ca12020c923adc6c92,CUSTOMER,2024-04-23 21:14:04
178,Pham Dao,daopham178@gmail.com,8d969eef6ecad3c29a3a629280e686cf0c3f5d5a86aff3ca12020c923adc6c92,CUSTOMER,2024-05-11 01:30:36
179,Pham Giang,giangpham179@gmail.com,8d969eef6ecad3c29a3a629280e686cf0c3f5d5a86aff3ca12020c923adc6c92,CUSTOMER,2026-01-17 04:49:16
180,Pham Hai,haipham180@gmail.com,8d969eef6ecad3c29a3a629280e686cf0c3f5d5a86aff3ca12020c923adc6c92,CUSTOMER,2024-09-08 07:35:52
181,Pham Hong,hongpham181@gmail.com,8d969eef6ecad3c29a3a629280e686cf0c3f5d5a86aff3ca12020c923adc6c92,CUSTOMER,2024-05-07 03:46:43
182,Pham Huy,huypham182@gmail.com,8d969eef6ecad3c29a3a629280e686cf0c3f5d5a86aff3ca12020c923adc6c92,CUSTOMER,2024-06-28 03:37:16
183,Pham Kiet,kietpham183@gmail.com,8d969eef6ecad3c29a3a629280e686cf0c3f5d5a86aff3ca12020c923adc6c92,CUSTOMER,2025-04-25 01:44:51
184,Pham Le,lepham184@gmail.com,8d969eef6ecad3c29a3a629280e686cf0c3f5d5a86aff3ca12020c923adc6c92,CUSTOMER,2024-10-06 19:31:29
185,Pham Ly,lypham185@gmail.com,8d969eef6ecad3c29a3a629280e686cf0c3f5d5a86aff3ca12020c923adc6c92,CUSTOMER,2025-01-28 06:08:54
186,Pham My,mypham186@gmail.com,8d969eef6ecad3c29a3a629280e686cf0c3f5d5a86aff3ca12020c923adc6c92,CUSTOMER,2026-01-18 01:42:38
187,Pham Phuc,phucpham187@gmail.com,8d969eef6ecad3c29a3a629280e686cf0c3f5d5a86aff3ca12020c923adc6c92,CUSTOMER,2024-04-21 21:16:29
188,Pham Phuong,phuongpham188@gmail.com,8d969eef6ecad3c29a3a629280e686cf0c3f5d5a86aff3ca12020c923adc6c92,CUSTOMER,2025-06-18 09:33:52
189,Pham Quan,quanpham189@gmail.com,8d969eef6ecad3c29a3a629280e686cf0c3f5d5a86aff3ca12020c923adc6c92,CUSTOMER,2024-03-16 10:43:19
190,Pham Quyen,quyenpham190@gmail.com,8d969eef6ecad3c29a3a629280e686cf0c3f5d5a86aff3ca12020c923adc6c92,CUSTOMER,2024-08-08 07:49:07
191,Pham Tam,tampham191@gmail.com,8d969eef6ecad3c29a3a629280e686cf0c3f5d5a86aff3ca12020c923adc6c92,CUSTOMER,2025-11-22 14:30:36
192,Pham Thi,thipham192@gmail.com,8d969eef6ecad3c29a3a629280e686cf0c3f5d5a86aff3ca12020c923adc6c92,CUSTOMER,2025-01-01 04:43:52
193,Pham Thien,thienpham193@gmail.com,8d969eef6ecad3c29a3a629280e686cf0c3f5d5a86aff3ca12020c923adc6c92,CUSTOMER,2025-09-19 02:29:48
194,Pham Thu,thupham194@gmail.com,8d969eef6ecad3c29a3a629280e686cf0c3f5d5a86aff3ca12020c923adc6c92,CUSTOMER,2024-05-03 19:01:14
195,Pham Thuy,thuypham195@gmail.com,8d969eef6ecad3c29a3a629280e686cf0c3f5d5a86aff3ca12020c923adc6c92,CUSTOMER,2025-02-10 11:36:42
196,Pham Tien,tienpham196@gmail.com,8d969eef6ecad3c29a3a629280e686cf0c3f5d5a86aff3ca12020c923adc6c92,CUSTOMER,2024-11-16 01:38:54
197,Pham Trung,trungpham197@gmail.com,8d969eef6ecad3c29a3a629280e686cf0c3f5d5a86aff3ca12020c923adc6c92,CUSTOMER,2025-12-27 17:57:14
198,Pham Tung,tungpham198@gmail.com,8d969eef6ecad3c29a3a629280e686cf0c3f5d5a86aff3ca12020c923adc6c92,CUSTOMER,2024-05-18 19:15:19
199,Pham Van,vanpham199@gmail.com,8d969eef6ecad3c29a3a629280e686cf0c3f5d5a86aff3ca12020c923adc6c92,CUSTOMER,2024-03-07 03:57:18
200,Pham Vy,vypham200@gmail.com,8d969eef6ecad3c29a3a629280e686cf0c3f5d5a86aff3ca12020c923adc6c92,CUSTOMER,2025-03-02 16:38:52
201,Hoang Anh,anhhoang201@gmail.com,8d969eef6ecad3c29a3a629280e686cf0c3f5d5a86aff3ca12020c923adc6c92,CUSTOMER,2024-10-18 20:33:28
202,Hoang Binh,binhhoang202@gmail.com,8d969eef6ecad3c29a3a629280e686cf0c3f5d5a86aff3ca12020c923adc6c92,CUSTOMER,2025-05-05 09:03:13
203,Hoang Chi,chihoang203@gmail.com,8d969eef6ecad3c29a3a629280e686cf0c3f5d5a86aff3ca12020c923adc6c92,CUSTOMER,2024-09-01 13:55:15
204,Hoang Dung,dunghoang204@gmail.com,8d969eef6ecad3c29a3a629280e686cf0c3f5d5a86aff3ca12020c923adc6c92,CUSTOMER,2025-05-09 17:48:50
205,Hoang Hanh,hanhhoang205@gmail.com,8d969eef6ecad3c29a3a629280e686cf0c3f5d5a86aff3ca12020c923adc6c92,CUSTOMER,2024-12-19 13:10:20
206,Hoang Hieu,hieuhoang206@gmail.com,8d969eef6ecad3c29a3a629280e686cf0c3f5d5a86aff3ca12020c923adc6c92,CUSTOMER,2024-10-03 04:06:00
207,Hoang Hoa,hoahoang207@gmail.com,8d969eef6ecad3c29a3a629280e686cf0c3f5d5a86aff3ca12020c923adc6c92,CUSTOMER,2025-09-25 14:42:19
208,Hoang Khanh,khanhhoang208@gmail.com,8d969eef6ecad3c29a3a629280e686cf0c3f5d5a86aff3ca12020c923adc6c92,CUSTOMER,2025-10-15 12:08:29
209,Hoang Lam,lamhoang209@gmail.com,8d969eef6ecad3c29a3a629280e686cf0c3f5d5a86aff3ca12020c923adc6c92,CUSTOMER,2026-01-04 15:51:35
210,Hoang Linh,linhhoang210@gmail.com,8d969eef6ecad3c29a3a629280e686cf0c3f5d5a86aff3ca12020c923adc6c92,CUSTOMER,2024-10-19 06:06:54
211,Hoang Long,longhoang211@gmail.com,8d969eef6ecad3c29a3a629280e686cf0c3f5d5a86aff3ca12020c923adc6c92,CUSTOMER,2025-02-24 01:41:03
212,Hoang Mai,maihoang212@gmail.com,8d969eef6ecad3c29a3a629280e686cf0c3f5d5a86aff3ca12020c923adc6c92,CUSTOMER,2025-03-26 16:09:31
213,Hoang Minh,minhhoang213@gmail.com,8d969eef6ecad3c29a3a629280e686cf0c3f5d5a86aff3ca12020c923adc6c92,CUSTOMER,2024-07-16 12:42:39
214,Hoang Nam,namhoang214@gmail.com,8d969eef6ecad3c29a3a629280e686cf0c3f5d5a86aff3ca12020c923adc6c92,CUSTOMER,2024-10-04 23:25:22
215,Hoang Nga,ngahoang215@gmail.com,8d969eef6ecad3c29a3a629280e686cf0c3f5d5a86aff3ca12020c923adc6c92,CUSTOMER,2025-04-28 09:12:43
216,Hoang Nhi,nhihoang216@gmail.com,8d969eef6ecad3c29a3a629280e686cf0c3f5d5a86aff3ca12020c923adc6c92,CUSTOMER,2025-02-12 15:04:44
217,Hoang Phong,phonghoang217@gmail.com,8d969eef6ecad3c29a3a629280e686cf0c3f5d5a86aff3ca12020c923adc6c92,CUSTOMER,2024-11-21 06:49:08
218,Hoang Quang,quanghoang218@gmail.com,8d969eef6ecad3c29a3a629280e686cf0c3f5d5a86aff3ca12020c923adc6c92,CUSTOMER,2026-01-22 10:13:25
219,Hoang Son,sonhoang219@gmail.com,8d969eef6ecad3c29a3a629280e686cf0c3f5d5a86aff3ca12020c923adc6c92,CUSTOMER,2024-07-15 14:28:53
220,Hoang Thao,thaohoang220@gmail.com,8d969eef6ecad3c29a3a629280e686cf0c3f5d5a86aff3ca12020c923adc6c92,CUSTOMER,2024-05-03 13:44:05
221,Hoang Trang,tranghoang221@gmail.com,8d969eef6ecad3c29a3a629280e686cf0c3f5d5a86aff3ca12020c923adc6c92,CUSTOMER,2024-05-26 15:22:34
222,Hoang Tuan,tuanhoang222@gmail.com,8d969eef6ecad3c29a3a629280e686cf0c3f5d5a86aff3ca12020c923adc6c92,CUSTOMER,2025-01-09 06:32:53
223,Hoang Viet,viethoang223@gmail.com,8d969eef6ecad3c29a3a629280e686cf0c3f5d5a86aff3ca12020c923adc6c92,CUSTOMER,2025-10-31 16:37:46
224,Hoang Yen,yenhoang224@gmail.com,8d969eef6ecad3c29a3a629280e686cf0c3f5d5a86aff3ca12020c923adc6c92,CUSTOMER,2025-06-23 10:22:14
225,Hoang An,anhoang225@gmail.com,8d969eef6ecad3c29a3a629280e686cf0c3f5d5a86aff3ca12020c923adc6c92,CUSTOMER,2025-04-20 05:24:47
226,Hoang Bao,baohoang226@gmail.com,8d969eef6ecad3c29a3a629280e686cf0c3f5d5a86aff3ca12020c923adc6c92,CUSTOMER,2025-04-30 22:40:21
227,Hoang Cuong,cuonghoang227@gmail.com,8d969eef6ecad3c29a3a629280e686cf0c3f5d5a86aff3ca12020c923adc6c92,CUSTOMER,2025-06-24 19:52:25
228,Hoang Dao,daohoang228@gmail.com,8d969eef6ecad3c29a3a629280e686cf0c3f5d5a86aff3ca12020c923adc6c92,CUSTOMER,2025-05-21 18:44:08
229,Hoang Giang,gianghoang229@gmail.com,8d969eef6ecad3c29a3a629280e686cf0c3f5d5a86aff3ca12020c923adc6c92,CUSTOMER,2024-07-03 10:07:48
230,Hoang Hai,haihoang230@gmail.com,8d969eef6ecad3c29a3a629280e686cf0c3f5d5a86aff3ca12020c923adc6c92,CUSTOMER,2025-12-03 22:19:33
231,Hoang Hong,honghoang231@gmail.com,8d969eef6ecad3c29a3a629280e686cf0c3f5d5a86aff3ca12020c923adc6c92,CUSTOMER,2026-01-14 03:04:29
232,Hoang Huy,huyhoang232@gmail.com,8d969eef6ecad3c29a3a629280e686cf0c3f5d5a86aff3ca12020c923adc6c92,CUSTOMER,2025-10-25 19:26:45
233,Hoang Kiet,kiethoang233@gmail.com,8d969eef6ecad3c29a3a629280e686cf0c3f5d5a86aff3ca12020c923adc6c92,CUSTOMER,2024-11-15 20:25:18
234,Hoang Le,lehoang234@gmail.com,8d969eef6ecad3c29a3a629280e686cf0c3f5d5a86aff3ca12020c923adc6c92,CUSTOMER,2025-04-22 08:53:17
235,Hoang Ly,lyhoang235@gmail.com,8d969eef6ecad3c29a3a629280e686cf0c3f5d5a86aff3ca12020c923adc6c92,CUSTOMER,2025-02-14 18:29:50
236,Hoang My,myhoang236@gmail.com,8d969eef6ecad3c29a3a629280e686cf0c3f5d5a86aff3ca12020c923adc6c92,CUSTOMER,2025-07-29 13:46:31
237,Hoang Phuc,phuchoang237@gmail.com,8d969eef6ecad3c29a3a629280e686cf0c3f5d5a86aff3ca12020c923adc6c92,CUSTOMER,2025-03-27 12:38:09
238,Hoang Phuong,phuonghoang238@gmail.com,8d969eef6ecad3c29a3a629280e686cf0c3f5d5a86aff3ca12020c923adc6c92,CUSTOMER,2024-04-26 21:08:42
239,Hoang Quan,quanhoang239@gmail.com,8d969eef6ecad3c29a3a629280e686cf0c3f5d5a86aff3ca12020c923adc6c92,CUSTOMER,2024-06-13 19:06:21
240,Hoang Quyen,quyenhoang240@gmail.com,8d969eef6ecad3c29a3a629280e686cf0c3f5d5a86aff3ca12020c923adc6c92,CUSTOMER,2025-08-30 12:24:24
241,Hoang Tam,tamhoang241@gmail.com,8d969eef6ecad3c29a3a629280e686cf0c3f5d5a86aff3ca12020c923adc6c92,CUSTOMER,2024-06-01 06:36:38
242,Hoang Thi,thihoang242@gmail.com,8d969eef6ecad3c29a3a629280e686cf0c3f5d5a86aff3ca12020c923adc6c92,CUSTOMER,2025-04-15 10:13:11
243,Hoang Thien,thienhoang243@gmail.com,8d969eef6ecad3c29a3a629280e686cf0c3f5d5a86aff3ca12020c923adc6c92,CUSTOMER,2026-01-21 20:34:02
244,Hoang Thu,thuhoang244@gmail.com,8d969eef6ecad3c29a3a629280e686cf0c3f5d5a86aff3ca12020c923adc6c92,CUSTOMER,2024-03-07 01:00:43
245,Hoang Thuy,thuyhoang245@gmail.com,8d969eef6ecad3c29a3a629280e686cf0c3f5d5a86aff3ca12020c923adc6c92,CUSTOMER,2025-03-29 18:41:54
246,Hoang Tien,tienhoang246@gmail.com,8d969eef6ecad3c29a3a629280e686cf0c3f5d5a86aff3ca12020c923adc6c92,CUSTOMER,2025-01-03 12:36:09
247,Hoang Trung,trunghoang247@gmail.com,8d969eef6ecad3c29a3a629280e686cf0c3f5d5a86aff3ca12020c923adc6c92,CUSTOMER,2025-03-28 12:44:44
248,Hoang Tung,tunghoang248@gmail.com,8d969eef6ecad3c29a3a629280e686cf0c3f5d5a86aff3ca12020c923adc6c92,CUSTOMER,2025-06-19 04:16:45
249,Hoang Van,vanhoang249@gmail.com,8d969eef6ecad3c29a3a629280e686cf0c3f5d5a86aff3ca12020c923adc6c92,CUSTOMER,2024-09-11 03:44:47
250,Hoang Vy,vyhoang250@gmail.com,8d969eef6ecad3c29a3a629280e686cf0c3f5d5a86aff3ca12020c923adc6c92,CUSTOMER,2024-08-05 12:36:47
251,Phan Anh,anhphan251@gmail.com,8d969eef6ecad3c29a3a629280e686cf0c3f5d5a86aff3ca12020c923adc6c92,CUSTOMER,2024-01-07 10:03:22
252,Phan Binh,binhphan252@gmail.com,8d969eef6ecad3c29a3a629280e686cf0c3f5d5a86aff3ca12020c923adc6c92,CUSTOMER,2025-08-23 19:06:03
253,Phan Chi,chiphan253@gmail.com,8d969eef6ecad3c29a3a629280e686cf0c3f5d5a86aff3ca12020c923adc6c92,CUSTOMER,2024-06-23 16:52:43
254,Phan Dung,dungphan254@gmail.com,8d969eef6ecad3c29a3a629280e686cf0c3f5d5a86aff3ca12020c923adc6c92,CUSTOMER,2025-03-28 06:05:41
255,Phan Hanh,hanhphan255@gmail.com,8d969eef6ecad3c29a3a629280e686cf0c3f5d5a86aff3ca12020c923adc6c92,CUSTOMER,2025-06-29 13:22:13
256,Phan Hieu,hieuphan256@gmail.com,8d969eef6ecad3c29a3a629280e686cf0c3f5d5a86aff3ca12020c923adc6c92,CUSTOMER,2025-04-01 08:43:03
257,Phan Hoa,hoaphan257@gmail.com,8d969eef6ecad3c29a3a629280e686cf0c3f5d5a86aff3ca12020c923adc6c92,CUSTOMER,2024-12-27 22:58:58
258,Phan Khanh,khanhphan258@gmail.com,8d969eef6ecad3c29a3a629280e686cf0c3f5d5a86aff3ca12020c923adc6c92,CUSTOMER,2025-05-22 14:02:33
259,Phan Lam,lamphan259@gmail.com,8d969eef6ecad3c29a3a629280e686cf0c3f5d5a86aff3ca12020c923adc6c92,CUSTOMER,2024-08-14 15:22:22
260,Phan Linh,linhphan260@gmail.com,8d969eef6ecad3c29a3a629280e686cf0c3f5d5a86aff3ca12020c923adc6c92,CUSTOMER,2025-05-21 03:57:49
261,Phan Long,longphan261@gmail.com,8d969eef6ecad3c29a3a629280e686cf0c3f5d5a86aff3ca12020c923adc6c92,CUSTOMER,2025-02-21 10:45:19
262,Phan Mai,maiphan262@gmail.com,8d969eef6ecad3c29a3a629280e686cf0c3f5d5a86aff3ca12020c923adc6c92,CUSTOMER,2024-07-03 10:03:53
263,Phan Minh,minhphan263@gmail.com,8d969eef6ecad3c29a3a629280e686cf0c3f5d5a86aff3ca12020c923adc6c92,CUSTOMER,2024-09-17 03:15:37
264,Phan Nam,namphan264@gmail.com,8d969eef6ecad3c29a3a629280e686cf0c3f5d5a86aff3ca12020c923adc6c92,CUSTOMER,2024-07-08 21:02:27
265,Phan Nga,ngaphan265@gmail.com,8d969eef6ecad3c29a3a629280e686cf0c3f5d5a86aff3ca12020c923adc6c92,CUSTOMER,2025-09-07 02:18:59
266,Phan Nhi,nhiphan266@gmail.com,8d969eef6ecad3c29a3a629280e686cf0c3f5d5a86aff3ca12020c923adc6c92,CUSTOMER,2024-08-06 16:32:52
267,Phan Phong,phongphan267@gmail.com,8d969eef6ecad3c29a3a629280e686cf0c3f5d5a86aff3ca12020c923adc6c92,CUSTOMER,2026-01-10 01:09:17
268,Phan Quang,quangphan268@gmail.com,8d969eef6ecad3c29a3a629280e686cf0c3f5d5a86aff3ca12020c923adc6c92,CUSTOMER,2024-06-22 09:00:42
269,Phan Son,sonphan269@gmail.com,8d969eef6ecad3c29a3a629280e686cf0c3f5d5a86aff3ca12020c923adc6c92,CUSTOMER,2024-09-02 19:40:25
270,Phan Thao,thaophan270@gmail.com,8d969eef6ecad3c29a3a629280e686cf0c3f5d5a86aff3ca12020c923adc6c92,CUSTOMER,2024-06-17 04:23:35
271,Phan Trang,trangphan271@gmail.com,8d969eef6ecad3c29a3a629280e686cf0c3f5d5a86aff3ca12020c923adc6c92,CUSTOMER,2024-07-03 18:14:53
272,Phan Tuan,tuanphan272@gmail.com,8d969eef6ecad3c29a3a629280e686cf0c3f5d5a86aff3ca12020c923adc6c92,CUSTOMER,2025-03-18 01:44:29
273,Phan Viet,vietphan273@gmail.com,8d969eef6ecad3c29a3a629280e686cf0c3f5d5a86aff3ca12020c923adc6c92,CUSTOMER,2024-12-01 12:52:44
274,Phan Yen,yenphan274@gmail.com,8d969eef6ecad3c29a3a629280e686cf0c3f5d5a86aff3ca12020c923adc6c92,CUSTOMER,2025-01-19 21:58:46
275,Phan An,anphan275@gmail.com,8d969eef6ecad3c29a3a629280e686cf0c3f5d5a86aff3ca12020c923adc6c92,CUSTOMER,2025-04-21 01:55:19
276,Phan Bao,baophan276@gmail.com,8d969eef6ecad3c29a3a629280e686cf0c3f5d5a86aff3ca12020c923adc6c92,CUSTOMER,2025-02-19 11:18:38
277,Phan Cuong,cuongphan277@gmail.com,8d969eef6ecad3c29a3a629280e686cf0c3f5d5a86aff3ca12020c923adc6c92,CUSTOMER,2024-06-04 21:28:05
278,Phan Dao,daophan278@gmail.com,8d969eef6ecad3c29a3a629280e686cf0c3f5d5a86aff3ca12020c923adc6c92,CUSTOMER,2025-12-08 04:52:43
279,Phan Giang,giangphan279@gmail.com,8d969eef6ecad3c29a3a629280e686cf0c3f5d5a86aff3ca12020c923adc6c92,CUSTOMER,2025-10-24 22:26:03
280,Phan Hai,haiphan280@gmail.com,8d969eef6ecad3c29a3a629280e686cf0c3f5d5a86aff3ca12020c923adc6c92,CUSTOMER,2025-12-06 15:27:28
281,Phan Hong,hongphan281@gmail.com,8d969eef6ecad3c29a3a629280e686cf0c3f5d5a86aff3ca12020c923adc6c92,CUSTOMER,2025-03-15 02:58:18
282,Phan Huy,huyphan282@gmail.com,8d969eef6ecad3c29a3a629280e686cf0c3f5d5a86aff3ca12020c923adc6c92,CUSTOMER,2024-03-15 09:30:31
283,Phan Kiet,kietphan283@gmail.com,8d969eef6ecad3c29a3a629280e686cf0c3f5d5a86aff3ca12020c923adc6c92,CUSTOMER,2024-10-23 12:07:24
284,Phan Le,lephan284@gmail.com,8d969eef6ecad3c29a3a629280e686cf0c3f5d5a86aff3ca12020c923adc6c92,CUSTOMER,2025-08-08 02:06:12
285,Phan Ly,lyphan285@gmail.com,8d969eef6ecad3c29a3a629280e686cf0c3f5d5a86aff3ca12020c923adc6c92,CUSTOMER,2024-01-14 10:02:20
286,Phan My,myphan286@gmail.com,8d969eef6ecad3c29a3a629280e686cf0c3f5d5a86aff3ca12020c923adc6c92,CUSTOMER,2025-04-09 15:41:41
287,Phan Phuc,phucphan287@gmail.com,8d969eef6ecad3c29a3a629280e686cf0c3f5d5a86aff3ca12020c923adc6c92,CUSTOMER,2024-11-14 23:16:29
288,Phan Phuong,phuongphan288@gmail.com,8d969eef6ecad3c29a3a629280e686cf0c3f5d5a86aff3ca12020c923adc6c92,CUSTOMER,2024-10-23 16:01:22
289,Phan Quan,quanphan289@gmail.com,8d969eef6ecad3c29a3a629280e686cf0c3f5d5a86aff3ca12020c923adc6c92,CUSTOMER,2025-09-17 13:44:18
290,Phan Quyen,quyenphan290@gmail.com,8d969eef6ecad3c29a3a629280e686cf0c3f5d5a86aff3ca12020c923adc6c92,CUSTOMER,2025-07-11 12:06:54
291,Phan Tam,tamphan291@gmail.com,8d969eef6ecad3c29a3a629280e686cf0c3f5d5a86aff3ca12020c923adc6c92,CUSTOMER,2024-12-01 12:14:58
292,Phan Thi,thiphan292@gmail.com,8d969eef6ecad3c29a3a629280e686cf0c3f5d5a86aff3ca12020c923adc6c92,CUSTOMER,2024-03-26 03:23:00
293,Phan Thien,thienphan293@gmail.com,8d969eef6ecad3c29a3a629280e686cf0c3f5d5a86aff3ca12020c923adc6c92,CUSTOMER,2024-12-19 16:25:39
294,Phan Thu,thuphan294@gmail.com,8d969eef6ecad3c29a3a629280e686cf0c3f5d5a86aff3ca12020c923adc6c92,CUSTOMER,2024-08-29 23:01:41
295,Phan Thuy,thuyphan295@gmail.com,8d969eef6ecad3c29a3a629280e686cf0c3f5d5a86aff3ca12020c923adc6c92,CUSTOMER,2024-02-28 20:26:24
296,Phan Tien,tienphan296@gmail.com,8d969eef6ecad3c29a3a629280e686cf0c3f5d5a86aff3ca12020c923adc6c92,CUSTOMER,2024-03-18 18:09:15
297,Phan Trung,trungphan297@gmail.com,8d969eef6ecad3c29a3a629280e686cf0c3f5d5a86aff3ca12020c923adc6c92,CUSTOMER,2025-10-29 05:51:58
298,Phan Tung,tungphan298@gmail.com,8d969eef6ecad3c29a3a629280e686cf0c3f5d5a86aff3ca12020c923adc6c92,CUSTOMER,2025-05-29 02:40:02
299,Phan Van,vanphan299@gmail.com,8d969eef6ecad3c29a3a629280e686cf0c3f5d5a86aff3ca12020c923adc6c92,CUSTOMER,2025-06-30 04:56:12
300,Phan Vy,vyphan300@gmail.com,8d969eef6ecad3c29a3a629280e686cf0c3f5d5a86aff3ca12020c923adc6c92,CUSTOMER,2024-07-21 08:23:53
301,Vu Anh,anhvu301@gmail.com,8d969eef6ecad3c29a3a629280e686cf0c3f5d5a86aff3ca12020c923adc6c92,CUSTOMER,2025-10-11 02:54:41
302,Vu Binh,binhvu302@gmail.com,8d969eef6ecad3c29a3a629280e686cf0c3f5d5a86aff3ca12020c923adc6c92,CUSTOMER,2025-12-14 08:58:31
303,Vu Chi,chivu303@gmail.com,8d969eef6ecad3c29a3a629280e686cf0c3f5d5a86aff3ca12020c923adc6c92,CUSTOMER,2024-03-14 09:51:45
304,Vu Dung,dungvu304@gmail.com,8d969eef6ecad3c29a3a629280e686cf0c3f5d5a86aff3ca12020c923adc6c92,CUSTOMER,2024-11-11 04:12:53
305,Vu Hanh,hanhvu305@gmail.com,8d969eef6ecad3c29a3a629280e686cf0c3f5d5a86aff3ca12020c923adc6c92,CUSTOMER,2024-02-07 02:14:05
306,Vu Hieu,hieuvu306@gmail.com,8d969eef6ecad3c29a3a629280e686cf0c3f5d5a86aff3ca12020c923adc6c92,CUSTOMER,2025-10-20 19:19:13
307,Vu Hoa,hoavu307@gmail.com,8d969eef6ecad3c29a3a629280e686cf0c3f5d5a86aff3ca12020c923adc6c92,CUSTOMER,2025-04-06 14:22:38
308,Vu Khanh,khanhvu308@gmail.com,8d969eef6ecad3c29a3a629280e686cf0c3f5d5a86aff3ca12020c923adc6c92,CUSTOMER,2025-11-30 09:19:26
309,Vu Lam,lamvu309@gmail.com,8d969eef6ecad3c29a3a629280e686cf0c3f5d5a86aff3ca12020c923adc6c92,CUSTOMER,2025-03-13 23:49:57
310,Vu Linh,linhvu310@gmail.com,8d969eef6ecad3c29a3a629280e686cf0c3f5d5a86aff3ca12020c923adc6c92,CUSTOMER,2025-03-27 17:13:59
311,Vu Long,longvu311@gmail.com,8d969eef6ecad3c29a3a629280e686cf0c3f5d5a86aff3ca12020c923adc6c92,CUSTOMER,2025-09-04 21:26:43
312,Vu Mai,maivu312@gmail.com,8d969eef6ecad3c29a3a629280e686cf0c3f5d5a86aff3ca12020c923adc6c92,CUSTOMER,2025-07-09 11:25:55
313,Vu Minh,minhvu313@gmail.com,8d969eef6ecad3c29a3a629280e686cf0c3f5d5a86aff3ca12020c923adc6c92,CUSTOMER,2025-11-30 04:23:40
314,Vu Nam,namvu314@gmail.com,8d969eef6ecad3c29a3a629280e686cf0c3f5d5a86aff3ca12020c923adc6c92,CUSTOMER,2024-11-26 16:37:21
315,Vu Nga,ngavu315@gmail.com,8d969eef6ecad3c29a3a629280e686cf0c3f5d5a86aff3ca12020c923adc6c92,CUSTOMER,2025-06-26 23:49:14
316,Vu Nhi,nhivu316@gmail.com,8d969eef6ecad3c29a3a629280e686cf0c3f5d5a86aff3ca12020c923adc6c92,CUSTOMER,2025-06-24 23:17:46
317,Vu Phong,phongvu317@gmail.com,8d969eef6ecad3c29a3a629280e686cf0c3f5d5a86aff3ca12020c923adc6c92,CUSTOMER,2025-03-30 12:15:15
318,Vu Quang,quangvu318@gmail.com,8d969eef6ecad3c29a3a629280e686cf0c3f5d5a86aff3ca12020c923adc6c92,CUSTOMER,2025-06-03 09:40:36
319,Vu Son,sonvu319@gmail.com,8d969eef6ecad3c29a3a629280e686cf0c3f5d5a86aff3ca12020c923adc6c92,CUSTOMER,2024-04-21 18:38:13
320,Vu Thao,thaovu320@gmail.com,8d969eef6ecad3c29a3a629280e686cf0c3f5d5a86aff3ca12020c923adc6c92,CUSTOMER,2024-08-19 20:42:05
321,Vu Trang,trangvu321@gmail.com,8d969eef6ecad3c29a3a629280e686cf0c3f5d5a86aff3ca12020c923adc6c92,CUSTOMER,2025-03-10 09:27:58
322,Vu Tuan,tuanvu322@gmail.com,8d969eef6ecad3c29a3a629280e686cf0c3f5d5a86aff3ca12020c923adc6c92,CUSTOMER,2024-03-07 03:51:36
323,Vu Viet,vietvu323@gmail.com,8d969eef6ecad3c29a3a629280e686cf0c3f5d5a86aff3ca12020c923adc6c92,CUSTOMER,2025-08-19 04:42:33
324,Vu Yen,yenvu324@gmail.com,8d969eef6ecad3c29a3a629280e686cf0c3f5d5a86aff3ca12020c923adc6c92,CUSTOMER,2025-12-01 04:53:19
325,Vu An,anvu325@gmail.com,8d969eef6ecad3c29a3a629280e686cf0c3f5d5a86aff3ca12020c923adc6c92,CUSTOMER,2024-03-27 16:33:14
326,Vu Bao,baovu326@gmail.com,8d969eef6ecad3c29a3a629280e686cf0c3f5d5a86aff3ca12020c923adc6c92,CUSTOMER,2025-05-20 18:31:06
327,Vu Cuong,cuongvu327@gmail.com,8d969eef6ecad3c29a3a629280e686cf0c3f5d5a86aff3ca12020c923adc6c92,CUSTOMER,2024-07-20 17:33:11
328,Vu Dao,daovu328@gmail.com,8d969eef6ecad3c29a3a629280e686cf0c3f5d5a86aff3ca12020c923adc6c92,CUSTOMER,2025-10-04 22:38:18
329,Vu Giang,giangvu329@gmail.com,8d969eef6ecad3c29a3a629280e686cf0c3f5d5a86aff3ca12020c923adc6c92,CUSTOMER,2024-04-06 16:00:02
330,Vu Hai,haivu330@gmail.com,8d969eef6ecad3c29a3a629280e686cf0c3f5d5a86aff3ca12020c923adc6c92,CUSTOMER,2024-01-28 05:56:29
331,Vu Hong,hongvu331@gmail.com,8d969eef6ecad3c29a3a629280e686cf0c3f5d5a86aff3ca12020c923adc6c92,CUSTOMER,2024-01-25 02:38:09
332,Vu Huy,huyvu332@gmail.com,8d969eef6ecad3c29a3a629280e686cf0c3f5d5a86aff3ca12020c923adc6c92,CUSTOMER,2025-10-05 20:34:27
333,Vu Kiet,kietvu333@gmail.com,8d969eef6ecad3c29a3a629280e686cf0c3f5d5a86aff3ca12020c923adc6c92,CUSTOMER,2025-04-11 10:06:31
334,Vu Le,levu334@gmail.com,8d969eef6ecad3c29a3a629280e686cf0c3f5d5a86aff3ca12020c923adc6c92,CUSTOMER,2024-04-21 06:01:58
335,Vu Ly,lyvu335@gmail.com,8d969eef6ecad3c29a3a629280e686cf0c3f5d5a86aff3ca12020c923adc6c92,CUSTOMER,2025-12-22 13:19:35
336,Vu My,myvu336@gmail.com,8d969eef6ecad3c29a3a629280e686cf0c3f5d5a86aff3ca12020c923adc6c92,CUSTOMER,2025-06-26 06:46:17
337,Vu Phuc,phucvu337@gmail.com,8d969eef6ecad3c29a3a629280e686cf0c3f5d5a86aff3ca12020c923adc6c92,CUSTOMER,2024-10-28 18:55:59
338,Vu Phuong,phuongvu338@gmail.com,8d969eef6ecad3c29a3a629280e686cf0c3f5d5a86aff3ca12020c923adc6c92,CUSTOMER,2025-02-02 01:31:56
339,Vu Quan,quanvu339@gmail.com,8d969eef6ecad3c29a3a629280e686cf0c3f5d5a86aff3ca12020c923adc6c92,CUSTOMER,2024-08-20 14:03:27
340,Vu Quyen,quyenvu340@gmail.com,8d969eef6ecad3c29a3a629280e686cf0c3f5d5a86aff3ca12020c923adc6c92,CUSTOMER,2025-11-05 12:41:11
341,Vu Tam,tamvu341@gmail.com,8d969eef6ecad3c29a3a629280e686cf0c3f5d5a86aff3ca12020c923adc6c92,CUSTOMER,2025-12-18 10:57:13
342,Vu Thi,thivu342@gmail.com,8d969eef6ecad3c29a3a629280e686cf0c3f5d5a86aff3ca12020c923adc6c92,CUSTOMER,2025-02-12 05:01:21
343,Vu Thien,thienvu343@gmail.com,8d969eef6ecad3c29a3a629280e686cf0c3f5d5a86aff3ca12020c923adc6c92,CUSTOMER,2024-07-17 02:01:06
344,Vu Thu,thuvu344@gmail.com,8d969eef6ecad3c29a3a629280e686cf0c3f5d5a86aff3ca12020c923adc6c92,CUSTOMER,2025-09-11 08:03:39
345,Vu Thuy,thuyvu345@gmail.com,8d969eef6ecad3c29a3a629280e686cf0c3f5d5a86aff3ca12020c923adc6c92,CUSTOMER,2024-08-30 00:38:29
346,Vu Tien,tienvu346@gmail.com,8d969eef6ecad3c29a3a629280e686cf0c3f5d5a86aff3ca12020c923adc6c92,CUSTOMER,2025-05-15 01:39:48
347,Vu Trung,trungvu347@gmail.com,8d969eef6ecad3c29a3a629280e686cf0c3f5d5a86aff3ca12020c923adc6c92,CUSTOMER,2024-08-03 00:21:38
348,Vu Tung,tungvu348@gmail.com,8d969eef6ecad3c29a3a629280e686cf0c3f5d5a86aff3ca12020c923adc6c92,CUSTOMER,2024-02-25 15:11:53
349,Vu Van,vanvu349@gmail.com,8d969eef6ecad3c29a3a629280e686cf0c3f5d5a86aff3ca12020c923adc6c92,CUSTOMER,2025-01-25 10:42:20
350,Vu Vy,vyvu350@gmail.com,8d969eef6ecad3c29a3a629280e686cf0c3f5d5a86aff3ca12020c923adc6c92,CUSTOMER,2024-02-03 11:34:21
351,Vo Anh,anhvo351@gmail.com,8d969eef6ecad3c29a3a629280e686cf0c3f5d5a86aff3ca12020c923adc6c92,CUSTOMER,2025-01-25 15:30:35
352,Vo Binh,binhvo352@gmail.com,8d969eef6ecad3c29a3a629280e686cf0c3f5d5a86aff3ca12020c923adc6c92,CUSTOMER,2025-09-05 01:07:33
353,Vo Chi,chivo353@gmail.com,8d969eef6ecad3c29a3a629280e686cf0c3f5d5a86aff3ca12020c923adc6c92,CUSTOMER,2025-06-22 15:14:35
354,Vo Dung,dungvo354@gmail.com,8d969eef6ecad3c29a3a629280e686cf0c3f5d5a86aff3ca12020c923adc6c92,CUSTOMER,2025-12-07 03:52:55
355,Vo Hanh,hanhvo355@gmail.com,8d969eef6ecad3c29a3a629280e686cf0c3f5d5a86aff3ca12020c923adc6c92,CUSTOMER,2024-12-13 03:16:30
356,Vo Hieu,hieuvo356@gmail.com,8d969eef6ecad3c29a3a629280e686cf0c3f5d5a86aff3ca12020c923adc6c92,CUSTOMER,2026-01-07 10:16:45
357,Vo Hoa,hoavo357@gmail.com,8d969eef6ecad3c29a3a629280e686cf0c3f5d5a86aff3ca12020c923adc6c92,CUSTOMER,2024-08-12 07:45:10
358,Vo Khanh,khanhvo358@gmail.com,8d969eef6ecad3c29a3a629280e686cf0c3f5d5a86aff3ca12020c923adc6c92,CUSTOMER,2024-12-13 01:56:17
359,Vo Lam,lamvo359@gmail.com,8d969eef6ecad3c29a3a629280e686cf0c3f5d5a86aff3ca12020c923adc6c92,CUSTOMER,2025-02-06 04:35:06
360,Vo Linh,linhvo360@gmail.com,8d969eef6ecad3c29a3a629280e686cf0c3f5d5a86aff3ca12020c923adc6c92,CUSTOMER,2024-01-25 17:13:33
361,Vo Long,longvo361@gmail.com,8d969eef6ecad3c29a3a629280e686cf0c3f5d5a86aff3ca12020c923adc6c92,CUSTOMER,2025-12-28 08:31:43
362,Vo Mai,maivo362@gmail.com,8d969eef6ecad3c29a3a629280e686cf0c3f5d5a86aff3ca12020c923adc6c92,CUSTOMER,2025-05-30 01:51:18
363,Vo Minh,minhvo363@gmail.com,8d969eef6ecad3c29a3a629280e686cf0c3f5d5a86aff3ca12020c923adc6c92,CUSTOMER,2025-03-21 09:47:52
364,Vo Nam,namvo364@gmail.com,8d969eef6ecad3c29a3a629280e686cf0c3f5d5a86aff3ca12020c923adc6c92,CUSTOMER,2024-08-18 23:43:17
365,Vo Nga,ngavo365@gmail.com,8d969eef6ecad3c29a3a629280e686cf0c3f5d5a86aff3ca12020c923adc6c92,CUSTOMER,2025-05-13 20:33:18
366,Vo Nhi,nhivo366@gmail.com,8d969eef6ecad3c29a3a629280e686cf0c3f5d5a86aff3ca12020c923adc6c92,CUSTOMER,2025-04-11 07:36:52
367,Vo Phong,phongvo367@gmail.com,8d969eef6ecad3c29a3a629280e686cf0c3f5d5a86aff3ca12020c923adc6c92,CUSTOMER,2025-05-08 00:31:05
368,Vo Quang,quangvo368@gmail.com,8d969eef6ecad3c29a3a629280e686cf0c3f5d5a86aff3ca12020c923adc6c92,CUSTOMER,2025-08-07 07:27:51
369,Vo Son,sonvo369@gmail.com,8d969eef6ecad3c29a3a629280e686cf0c3f5d5a86aff3ca12020c923adc6c92,CUSTOMER,2025-04-19 03:30:13
370,Vo Thao,thaovo370@gmail.com,8d969eef6ecad3c29a3a629280e686cf0c3f5d5a86aff3ca12020c923adc6c92,CUSTOMER,2025-01-09 12:06:29
371,Vo Trang,trangvo371@gmail.com,8d969eef6ecad3c29a3a629280e686cf0c3f5d5a86aff3ca12020c923adc6c92,CUSTOMER,2024-02-04 19:55:42
372,Vo Tuan,tuanvo372@gmail.com,8d969eef6ecad3c29a3a629280e686cf0c3f5d5a86aff3ca12020c923adc6c92,CUSTOMER,2025-12-18 03:58:22
373,Vo Viet,vietvo373@gmail.com,8d969eef6ecad3c29a3a629280e686cf0c3f5d5a86aff3ca12020c923adc6c92,CUSTOMER,2024-11-20 19:29:35
374,Vo Yen,yenvo374@gmail.com,8d969eef6ecad3c29a3a629280e686cf0c3f5d5a86aff3ca12020c923adc6c92,CUSTOMER,2025-09-08 14:46:54
375,Vo An,anvo375@gmail.com,8d969eef6ecad3c29a3a629280e686cf0c3f5d5a86aff3ca12020c923adc6c92,CUSTOMER,2024-12-31 00:02:02
376,Vo Bao,baovo376@gmail.com,8d969eef6ecad3c29a3a629280e686cf0c3f5d5a86aff3ca12020c923adc6c92,CUSTOMER,2025-05-21 01:43:58
377,Vo Cuong,cuongvo377@gmail.com,8d969eef6ecad3c29a3a629280e686cf0c3f5d5a86aff3ca12020c923adc6c92,CUSTOMER,2024-02-19 21:39:46
378,Vo Dao,daovo378@gmail.com,8d969eef6ecad3c29a3a629280e686cf0c3f5d5a86aff3ca12020c923adc6c92,CUSTOMER,2025-05-12 15:06:31
379,Vo Giang,giangvo379@gmail.com,8d969eef6ecad3c29a3a629280e686cf0c3f5d5a86aff3ca12020c923adc6c92,CUSTOMER,2025-05-24 11:10:35
380,Vo Hai,haivo380@gmail.com,8d969eef6ecad3c29a3a629280e686cf0c3f5d5a86aff3ca12020c923adc6c92,CUSTOMER,2024-11-06 00:11:33
381,Vo Hong,hongvo381@gmail.com,8d969eef6ecad3c29a3a629280e686cf0c3f5d5a86aff3ca12020c923adc6c92,CUSTOMER,2025-04-10 11:14:01
382,Vo Huy,huyvo382@gmail.com,8d969eef6ecad3c29a3a629280e686cf0c3f5d5a86aff3ca12020c923adc6c92,CUSTOMER,2024-12-13 12:02:59
383,Vo Kiet,kietvo383@gmail.com,8d969eef6ecad3c29a3a629280e686cf0c3f5d5a86aff3ca12020c923adc6c92,CUSTOMER,2025-08-29 17:54:40
384,Vo Le,levo384@gmail.com,8d969eef6ecad3c29a3a629280e686cf0c3f5d5a86aff3ca12020c923adc6c92,CUSTOMER,2026-01-01 11:09:43
385,Vo Ly,lyvo385@gmail.com,8d969eef6ecad3c29a3a629280e686cf0c3f5d5a86aff3ca12020c923adc6c92,CUSTOMER,2025-07-06 02:34:34
386,Vo My,myvo386@gmail.com,8d969eef6ecad3c29a3a629280e686cf0c3f5d5a86aff3ca12020c923adc6c92,CUSTOMER,2024-06-23 09:53:57
387,Vo Phuc,phucvo387@gmail.com,8d969eef6ecad3c29a3a629280e686cf0c3f5d5a86aff3ca12020c923adc6c92,CUSTOMER,2025-03-01 02:17:38
388,Vo Phuong,phuongvo388@gmail.com,8d969eef6ecad3c29a3a629280e686cf0c3f5d5a86aff3ca12020c923adc6c92,CUSTOMER,2024-11-09 01:52:07
389,Vo Quan,quanvo389@gmail.com,8d969eef6ecad3c29a3a629280e686cf0c3f5d5a86aff3ca12020c923adc6c92,CUSTOMER,2025-08-01 19:24:48
390,Vo Quyen,quyenvo390@gmail.com,8d969eef6ecad3c29a3a629280e686cf0c3f5d5a86aff3ca12020c923adc6c92,CUSTOMER,2025-10-18 05:43:52
391,Vo Tam,tamvo391@gmail.com,8d969eef6ecad3c29a3a629280e686cf0c3f5d5a86aff3ca12020c923adc6c92,CUSTOMER,2024-07-30 09:47:56
392,Vo Thi,thivo392@gmail.com,8d969eef6ecad3c29a3a629280e686cf0c3f5d5a86aff3ca12020c923adc6c92,CUSTOMER,2025-09-29 08:48:22
393,Vo Thien,thienvo393@gmail.com,8d969eef6ecad3c29a3a629280e686cf0c3f5d5a86aff3ca12020c923adc6c92,CUSTOMER,2025-10-15 04:27:23
394,Vo Thu,thuvo394@gmail.com,8d969eef6ecad3c29a3a629280e686cf0c3f5d5a86aff3ca12020c923adc6c92,CUSTOMER,2024-12-28 13:26:47
395,Vo Thuy,thuyvo395@gmail.com,8d969eef6ecad3c29a3a629280e686cf0c3f5d5a86aff3ca12020c923adc6c92,CUSTOMER,2025-01-17 11:43:41
396,Vo Tien,tienvo396@gmail.com,8d969eef6ecad3c29a3a629280e686cf0c3f5d5a86aff3ca12020c923adc6c92,CUSTOMER,2024-10-06 06:18:29
397,Vo Trung,trungvo397@gmail.com,8d969eef6ecad3c29a3a629280e686cf0c3f5d5a86aff3ca12020c923adc6c92,CUSTOMER,2024-03-27 04:43:32
398,Vo Tung,tungvo398@gmail.com,8d969eef6ecad3c29a3a629280e686cf0c3f5d5a86aff3ca12020c923adc6c92,CUSTOMER,2025-10-19 04:29:33
399,Vo Van,vanvo399@gmail.com,8d969eef6ecad3c29a3a629280e686cf0c3f5d5a86aff3ca12020c923adc6c92,CUSTOMER,2024-09-26 18:32:40
400,Vo Vy,vyvo400@gmail.com,8d969eef6ecad3c29a3a629280e686cf0c3f5d5a86aff3ca12020c923adc6c92,CUSTOMER,2024-03-20 08:25:26
401,Dang Anh,anhdang401@gmail.com,8d969eef6ecad3c29a3a629280e686cf0c3f5d5a86aff3ca12020c923adc6c92,CUSTOMER,2025-09-27 22:52:37
402,Dang Binh,binhdang402@gmail.com,8d969eef6ecad3c29a3a629280e686cf0c3f5d5a86aff3ca12020c923adc6c92,CUSTOMER,2025-01-20 20:55:08
403,Dang Chi,chidang403@gmail.com,8d969eef6ecad3c29a3a629280e686cf0c3f5d5a86aff3ca12020c923adc6c92,CUSTOMER,2025-07-11 08:17:29
404,Dang Dung,dungdang404@gmail.com,8d969eef6ecad3c29a3a629280e686cf0c3f5d5a86aff3ca12020c923adc6c92,CUSTOMER,2026-01-10 17:49:34
405,Dang Hanh,hanhdang405@gmail.com,8d969eef6ecad3c29a3a629280e686cf0c3f5d5a86aff3ca12020c923adc6c92,CUSTOMER,2024-02-18 21:05:27
406,Dang Hieu,hieudang406@gmail.com,8d969eef6ecad3c29a3a629280e686cf0c3f5d5a86aff3ca12020c923adc6c92,CUSTOMER,2024-09-12 13:43:56
407,Dang Hoa,hoadang407@gmail.com,8d969eef6ecad3c29a3a629280e686cf0c3f5d5a86aff3ca12020c923adc6c92,CUSTOMER,2025-05-15 21:54:06
408,Dang Khanh,khanhdang408@gmail.com,8d969eef6ecad3c29a3a629280e686cf0c3f5d5a86aff3ca12020c923adc6c92,CUSTOMER,2025-02-21 17:27:59
409,Dang Lam,lamdang409@gmail.com,8d969eef6ecad3c29a3a629280e686cf0c3f5d5a86aff3ca12020c923adc6c92,CUSTOMER,2025-11-04 23:36:04
410,Dang Linh,linhdang410@gmail.com,8d969eef6ecad3c29a3a629280e686cf0c3f5d5a86aff3ca12020c923adc6c92,CUSTOMER,2024-08-13 02:23:01
411,Dang Long,longdang411@gmail.com,8d969eef6ecad3c29a3a629280e686cf0c3f5d5a86aff3ca12020c923adc6c92,CUSTOMER,2025-02-16 08:58:56
412,Dang Mai,maidang412@gmail.com,8d969eef6ecad3c29a3a629280e686cf0c3f5d5a86aff3ca12020c923adc6c92,CUSTOMER,2025-09-19 20:37:37
413,Dang Minh,minhdang413@gmail.com,8d969eef6ecad3c29a3a629280e686cf0c3f5d5a86aff3ca12020c923adc6c92,CUSTOMER,2024-02-11 20:56:49
414,Dang Nam,namdang414@gmail.com,8d969eef6ecad3c29a3a629280e686cf0c3f5d5a86aff3ca12020c923adc6c92,CUSTOMER,2026-01-24 11:58:34
415,Dang Nga,ngadang415@gmail.com,8d969eef6ecad3c29a3a629280e686cf0c3f5d5a86aff3ca12020c923adc6c92,CUSTOMER,2025-08-16 23:02:34
416,Dang Nhi,nhidang416@gmail.com,8d969eef6ecad3c29a3a629280e686cf0c3f5d5a86aff3ca12020c923adc6c92,CUSTOMER,2024-04-09 22:53:27
417,Dang Phong,phongdang417@gmail.com,8d969eef6ecad3c29a3a629280e686cf0c3f5d5a86aff3ca12020c923adc6c92,CUSTOMER,2025-07-19 17:40:34
418,Dang Quang,quangdang418@gmail.com,8d969eef6ecad3c29a3a629280e686cf0c3f5d5a86aff3ca12020c923adc6c92,CUSTOMER,2025-09-11 15:14:36
419,Dang Son,sondang419@gmail.com,8d969eef6ecad3c29a3a629280e686cf0c3f5d5a86aff3ca12020c923adc6c92,CUSTOMER,2024-03-30 12:56:59
420,Dang Thao,thaodang420@gmail.com,8d969eef6ecad3c29a3a629280e686cf0c3f5d5a86aff3ca12020c923adc6c92,CUSTOMER,2024-02-15 18:45:02
421,Dang Trang,trangdang421@gmail.com,8d969eef6ecad3c29a3a629280e686cf0c3f5d5a86aff3ca12020c923adc6c92,CUSTOMER,2024-11-05 15:14:44
422,Dang Tuan,tuandang422@gmail.com,8d969eef6ecad3c29a3a629280e686cf0c3f5d5a86aff3ca12020c923adc6c92,CUSTOMER,2024-09-19 08:41:08
423,Dang Viet,vietdang423@gmail.com,8d969eef6ecad3c29a3a629280e686cf0c3f5d5a86aff3ca12020c923adc6c92,CUSTOMER,2024-03-10 04:21:11
424,Dang Yen,yendang424@gmail.com,8d969eef6ecad3c29a3a629280e686cf0c3f5d5a86aff3ca12020c923adc6c92,CUSTOMER,2024-02-19 07:56:26
425,Dang An,andang425@gmail.com,8d969eef6ecad3c29a3a629280e686cf0c3f5d5a86aff3ca12020c923adc6c92,CUSTOMER,2025-07-24 23:17:02
426,Dang Bao,baodang426@gmail.com,8d969eef6ecad3c29a3a629280e686cf0c3f5d5a86aff3ca12020c923adc6c92,CUSTOMER,2024-12-22 18:37:07
427,Dang Cuong,cuongdang427@gmail.com,8d969eef6ecad3c29a3a629280e686cf0c3f5d5a86aff3ca12020c923adc6c92,CUSTOMER,2024-05-17 13:30:51
428,Dang Dao,daodang428@gmail.com,8d969eef6ecad3c29a3a629280e686cf0c3f5d5a86aff3ca12020c923adc6c92,CUSTOMER,2024-03-22 03:52:49
429,Dang Giang,giangdang429@gmail.com,8d969eef6ecad3c29a3a629280e686cf0c3f5d5a86aff3ca12020c923adc6c92,CUSTOMER,2025-05-26 00:33:45
430,Dang Hai,haidang430@gmail.com,8d969eef6ecad3c29a3a629280e686cf0c3f5d5a86aff3ca12020c923adc6c92,CUSTOMER,2025-01-10 11:34:06
431,Dang Hong,hongdang431@gmail.com,8d969eef6ecad3c29a3a629280e686cf0c3f5d5a86aff3ca12020c923adc6c92,CUSTOMER,2025-03-27 17:49:12
432,Dang Huy,huydang432@gmail.com,8d969eef6ecad3c29a3a629280e686cf0c3f5d5a86aff3ca12020c923adc6c92,CUSTOMER,2024-07-28 08:24:50
433,Dang Kiet,kietdang433@gmail.com,8d969eef6ecad3c29a3a629280e686cf0c3f5d5a86aff3ca12020c923adc6c92,CUSTOMER,2025-07-12 00:29:55
434,Dang Le,ledang434@gmail.com,8d969eef6ecad3c29a3a629280e686cf0c3f5d5a86aff3ca12020c923adc6c92,CUSTOMER,2025-02-15 21:04:38
435,Dang Ly,lydang435@gmail.com,8d969eef6ecad3c29a3a629280e686cf0c3f5d5a86aff3ca12020c923adc6c92,CUSTOMER,2025-08-23 16:29:47
436,Dang My,mydang436@gmail.com,8d969eef6ecad3c29a3a629280e686cf0c3f5d5a86aff3ca12020c923adc6c92,CUSTOMER,2024-01-15 10:09:09
437,Dang Phuc,phucdang437@gmail.com,8d969eef6ecad3c29a3a629280e686cf0c3f5d5a86aff3ca12020c923adc6c92,CUSTOMER,2024-05-04 05:43:07
438,Dang Phuong,phuongdang438@gmail.com,8d969eef6ecad3c29a3a629280e686cf0c3f5d5a86aff3ca12020c923adc6c92,CUSTOMER,2025-02-24 21:59:50
439,Dang Quan,quandang439@gmail.com,8d969eef6ecad3c29a3a629280e686cf0c3f5d5a86aff3ca12020c923adc6c92,CUSTOMER,2025-03-16 06:08:07
440,Dang Quyen,quyendang440@gmail.com,8d969eef6ecad3c29a3a629280e686cf0c3f5d5a86aff3ca12020c923adc6c92,CUSTOMER,2025-04-01 04:50:33
441,Dang Tam,tamdang441@gmail.com,8d969eef6ecad3c29a3a629280e686cf0c3f5d5a86aff3ca12020c923adc6c92,CUSTOMER,2026-01-26 09:06:47
442,Dang Thi,thidang442@gmail.com,8d969eef6ecad3c29a3a629280e686cf0c3f5d5a86aff3ca12020c923adc6c92,CUSTOMER,2024-05-30 15:19:08
443,Dang Thien,thiendang443@gmail.com,8d969eef6ecad3c29a3a629280e686cf0c3f5d5a86aff3ca12020c923adc6c92,CUSTOMER,2024-10-01 10:34:57
444,Dang Thu,thudang444@gmail.com,8d969eef6ecad3c29a3a629280e686cf0c3f5d5a86aff3ca12020c923adc6c92,CUSTOMER,2025-01-25 08:13:12
445,Dang Thuy,thuydang445@gmail.com,8d969eef6ecad3c29a3a629280e686cf0c3f5d5a86aff3ca12020c923adc6c92,CUSTOMER,2025-05-27 12:38:08
446,Dang Tien,tiendang446@gmail.com,8d969eef6ecad3c29a3a629280e686cf0c3f5d5a86aff3ca12020c923adc6c92,CUSTOMER,2026-01-23 14:31:22
447,Dang Trung,trungdang447@gmail.com,8d969eef6ecad3c29a3a629280e686cf0c3f5d5a86aff3ca12020c923adc6c92,CUSTOMER,2025-07-22 00:28:24
448,Dang Tung,tungdang448@gmail.com,8d969eef6ecad3c29a3a629280e686cf0c3f5d5a86aff3ca12020c923adc6c92,CUSTOMER,2025-07-17 10:36:29
449,Dang Van,vandang449@gmail.com,8d969eef6ecad3c29a3a629280e686cf0c3f5d5a86aff3ca12020c923adc6c92,CUSTOMER,2025-08-13 04:24:20
450,Dang Vy,vydang450@gmail.com,8d969eef6ecad3c29a3a629280e686cf0c3f5d5a86aff3ca12020c923adc6c92,CUSTOMER,2025-02-10 07:13:59
451,Bui Anh,anhbui451@gmail.com,8d969eef6ecad3c29a3a629280e686cf0c3f5d5a86aff3ca12020c923adc6c92,CUSTOMER,2024-12-12 11:00:40
452,Bui Binh,binhbui452@gmail.com,8d969eef6ecad3c29a3a629280e686cf0c3f5d5a86aff3ca12020c923adc6c92,CUSTOMER,2024-01-10 19:11:12
453,Bui Chi,chibui453@gmail.com,8d969eef6ecad3c29a3a629280e686cf0c3f5d5a86aff3ca12020c923adc6c92,CUSTOMER,2025-07-20 21:29:27
454,Bui Dung,dungbui454@gmail.com,8d969eef6ecad3c29a3a629280e686cf0c3f5d5a86aff3ca12020c923adc6c92,CUSTOMER,2024-04-05 21:20:09
455,Bui Hanh,hanhbui455@gmail.com,8d969eef6ecad3c29a3a629280e686cf0c3f5d5a86aff3ca12020c923adc6c92,CUSTOMER,2025-10-04 14:03:24
456,Bui Hieu,hieubui456@gmail.com,8d969eef6ecad3c29a3a629280e686cf0c3f5d5a86aff3ca12020c923adc6c92,CUSTOMER,2025-07-07 13:23:55
457,Bui Hoa,hoabui457@gmail.com,8d969eef6ecad3c29a3a629280e686cf0c3f5d5a86aff3ca12020c923adc6c92,CUSTOMER,2024-10-26 13:25:04
458,Bui Khanh,khanhbui458@gmail.com,8d969eef6ecad3c29a3a629280e686cf0c3f5d5a86aff3ca12020c923adc6c92,CUSTOMER,2024-03-31 16:11:46
459,Bui Lam,lambui459@gmail.com,8d969eef6ecad3c29a3a629280e686cf0c3f5d5a86aff3ca12020c923adc6c92,CUSTOMER,2024-02-10 04:29:54
460,Bui Linh,linhbui460@gmail.com,8d969eef6ecad3c29a3a629280e686cf0c3f5d5a86aff3ca12020c923adc6c92,CUSTOMER,2025-04-24 15:49:24
461,Bui Long,longbui461@gmail.com,8d969eef6ecad3c29a3a629280e686cf0c3f5d5a86aff3ca12020c923adc6c92,CUSTOMER,2024-02-06 12:25:24
462,Bui Mai,maibui462@gmail.com,8d969eef6ecad3c29a3a629280e686cf0c3f5d5a86aff3ca12020c923adc6c92,CUSTOMER,2024-07-23 17:55:55
463,Bui Minh,minhbui463@gmail.com,8d969eef6ecad3c29a3a629280e686cf0c3f5d5a86aff3ca12020c923adc6c92,CUSTOMER,2024-10-22 16:42:19
464,Bui Nam,nambui464@gmail.com,8d969eef6ecad3c29a3a629280e686cf0c3f5d5a86aff3ca12020c923adc6c92,CUSTOMER,2024-01-29 21:51:56
465,Bui Nga,ngabui465@gmail.com,8d969eef6ecad3c29a3a629280e686cf0c3f5d5a86aff3ca12020c923adc6c92,CUSTOMER,2024-11-07 01:46:30
466,Bui Nhi,nhibui466@gmail.com,8d969eef6ecad3c29a3a629280e686cf0c3f5d5a86aff3ca12020c923adc6c92,CUSTOMER,2024-08-05 09:42:56
467,Bui Phong,phongbui467@gmail.com,8d969eef6ecad3c29a3a629280e686cf0c3f5d5a86aff3ca12020c923adc6c92,CUSTOMER,2024-10-29 02:41:49
468,Bui Quang,quangbui468@gmail.com,8d969eef6ecad3c29a3a629280e686cf0c3f5d5a86aff3ca12020c923adc6c92,CUSTOMER,2024-10-03 09:47:57
469,Bui Son,sonbui469@gmail.com,8d969eef6ecad3c29a3a629280e686cf0c3f5d5a86aff3ca12020c923adc6c92,CUSTOMER,2024-08-10 14:23:05
470,Bui Thao,thaobui470@gmail.com,8d969eef6ecad3c29a3a629280e686cf0c3f5d5a86aff3ca12020c923adc6c92,CUSTOMER,2024-03-10 18:46:38
471,Bui Trang,trangbui471@gmail.com,8d969eef6ecad3c29a3a629280e686cf0c3f5d5a86aff3ca12020c923adc6c92,CUSTOMER,2024-09-06 19:00:42
472,Bui Tuan,tuanbui472@gmail.com,8d969eef6ecad3c29a3a629280e686cf0c3f5d5a86aff3ca12020c923adc6c92,CUSTOMER,2024-07-21 05:46:31
473,Bui Viet,vietbui473@gmail.com,8d969eef6ecad3c29a3a629280e686cf0c3f5d5a86aff3ca12020c923adc6c92,CUSTOMER,2025-10-25 23:35:16
474,Bui Yen,yenbui474@gmail.com,8d969eef6ecad3c29a3a629280e686cf0c3f5d5a86aff3ca12020c923adc6c92,CUSTOMER,2025-07-06 07:21:58
475,Bui An,anbui475@gmail.com,8d969eef6ecad3c29a3a629280e686cf0c3f5d5a86aff3ca12020c923adc6c92,CUSTOMER,2024-11-28 10:05:45
476,Bui Bao,baobui476@gmail.com,8d969eef6ecad3c29a3a629280e686cf0c3f5d5a86aff3ca12020c923adc6c92,CUSTOMER,2024-01-06 08:42:08
477,Bui Cuong,cuongbui477@gmail.com,8d969eef6ecad3c29a3a629280e686cf0c3f5d5a86aff3ca12020c923adc6c92,CUSTOMER,2024-07-25 07:38:24
478,Bui Dao,daobui478@gmail.com,8d969eef6ecad3c29a3a629280e686cf0c3f5d5a86aff3ca12020c923adc6c92,CUSTOMER,2025-12-13 07:26:53
479,Bui Giang,giangbui479@gmail.com,8d969eef6ecad3c29a3a629280e686cf0c3f5d5a86aff3ca12020c923adc6c92,CUSTOMER,2024-05-24 22:32:46
480,Bui Hai,haibui480@gmail.com,8d969eef6ecad3c29a3a629280e686cf0c3f5d5a86aff3ca12020c923adc6c92,CUSTOMER,2025-03-18 01:54:11
481,Bui Hong,hongbui481@gmail.com,8d969eef6ecad3c29a3a629280e686cf0c3f5d5a86aff3ca12020c923adc6c92,CUSTOMER,2024-11-05 04:18:45
482,Bui Huy,huybui482@gmail.com,8d969eef6ecad3c29a3a629280e686cf0c3f5d5a86aff3ca12020c923adc6c92,CUSTOMER,2024-02-08 00:27:41
483,Bui Kiet,kietbui483@gmail.com,8d969eef6ecad3c29a3a629280e686cf0c3f5d5a86aff3ca12020c923adc6c92,CUSTOMER,2025-07-14 00:32:48
484,Bui Le,lebui484@gmail.com,8d969eef6ecad3c29a3a629280e686cf0c3f5d5a86aff3ca12020c923adc6c92,CUSTOMER,2024-06-23 08:30:26
485,Bui Ly,lybui485@gmail.com,8d969eef6ecad3c29a3a629280e686cf0c3f5d5a86aff3ca12020c923adc6c92,CUSTOMER,2024-03-08 00:35:15
486,Bui My,mybui486@gmail.com,8d969eef6ecad3c29a3a629280e686cf0c3f5d5a86aff3ca12020c923adc6c92,CUSTOMER,2024-01-29 17:32:05
487,Bui Phuc,phucbui487@gmail.com,8d969eef6ecad3c29a3a629280e686cf0c3f5d5a86aff3ca12020c923adc6c92,CUSTOMER,2025-03-06 02:50:17
488,Bui Phuong,phuongbui488@gmail.com,8d969eef6ecad3c29a3a629280e686cf0c3f5d5a86aff3ca12020c923adc6c92,CUSTOMER,2024-05-30 20:29:47
489,Bui Quan,quanbui489@gmail.com,8d969eef6ecad3c29a3a629280e686cf0c3f5d5a86aff3ca12020c923adc6c92,CUSTOMER,2025-06-10 03:53:34
490,Bui Quyen,quyenbui490@gmail.com,8d969eef6ecad3c29a3a629280e686cf0c3f5d5a86aff3ca12020c923adc6c92,CUSTOMER,2025-05-06 23:19:46
491,Bui Tam,tambui491@gmail.com,8d969eef6ecad3c29a3a629280e686cf0c3f5d5a86aff3ca12020c923adc6c92,CUSTOMER,2025-02-24 00:23:25
492,Bui Thi,thibui492@gmail.com,8d969eef6ecad3c29a3a629280e686cf0c3f5d5a86aff3ca12020c923adc6c92,CUSTOMER,2024-06-01 21:32:22
493,Bui Thien,thienbui493@gmail.com,8d969eef6ecad3c29a3a629280e686cf0c3f5d5a86aff3ca12020c923adc6c92,CUSTOMER,2025-06-01 17:54:09
494,Bui Thu,thubui494@gmail.com,8d969eef6ecad3c29a3a629280e686cf0c3f5d5a86aff3ca12020c923adc6c92,CUSTOMER,2025-12-21 12:58:27
495,Bui Thuy,thuybui495@gmail.com,8d969eef6ecad3c29a3a629280e686cf0c3f5d5a86aff3ca12020c923adc6c92,CUSTOMER,2024-03-08 14:34:18
496,Bui Tien,tienbui496@gmail.com,8d969eef6ecad3c29a3a629280e686cf0c3f5d5a86aff3ca12020c923adc6c92,CUSTOMER,2024-01-24 05:45:58
497,Bui Trung,trungbui497@gmail.com,8d969eef6ecad3c29a3a629280e686cf0c3f5d5a86aff3ca12020c923adc6c92,CUSTOMER,2024-11-21 13:05:19
498,Bui Tung,tungbui498@gmail.com,8d969eef6ecad3c29a3a629280e686cf0c3f5d5a86aff3ca12020c923adc6c92,CUSTOMER,2025-10-12 01:36:14
499,Bui Van,vanbui499@gmail.com,8d969eef6ecad3c29a3a629280e686cf0c3f5d5a86aff3ca12020c923adc6c92,CUSTOMER,2025-02-28 06:38:44
500,Bui Vy,vybui500@gmail.com,8d969eef6ecad3c29a3a629280e686cf0c3f5d5a86aff3ca12020c923adc6c92,CUSTOMER,2024-11-06 08:56:50
501,Do Anh,anhdo501@gmail.com,8d969eef6ecad3c29a3a629280e686cf0c3f5d5a86aff3ca12020c923adc6c92,CUSTOMER,2024-08-11 11:06:20
502,Do Binh,binhdo502@gmail.com,8d969eef6ecad3c29a3a629280e686cf0c3f5d5a86aff3ca12020c923adc6c92,CUSTOMER,2024-05-07 07:06:36
503,Do Chi,chido503@gmail.com,8d969eef6ecad3c29a3a629280e686cf0c3f5d5a86aff3ca12020c923adc6c92,CUSTOMER,2025-04-17 20:56:51
504,Do Dung,dungdo504@gmail.com,8d969eef6ecad3c29a3a629280e686cf0c3f5d5a86aff3ca12020c923adc6c92,CUSTOMER,2025-07-27 09:18:31
505,Do Hanh,hanhdo505@gmail.com,8d969eef6ecad3c29a3a629280e686cf0c3f5d5a86aff3ca12020c923adc6c92,CUSTOMER,2024-02-24 04:45:06
506,Do Hieu,hieudo506@gmail.com,8d969eef6ecad3c29a3a629280e686cf0c3f5d5a86aff3ca12020c923adc6c92,CUSTOMER,2024-12-06 17:12:22
507,Do Hoa,hoado507@gmail.com,8d969eef6ecad3c29a3a629280e686cf0c3f5d5a86aff3ca12020c923adc6c92,CUSTOMER,2025-06-15 09:09:50
508,Do Khanh,khanhdo508@gmail.com,8d969eef6ecad3c29a3a629280e686cf0c3f5d5a86aff3ca12020c923adc6c92,CUSTOMER,2025-01-28 12:18:50
509,Do Lam,lamdo509@gmail.com,8d969eef6ecad3c29a3a629280e686cf0c3f5d5a86aff3ca12020c923adc6c92,CUSTOMER,2025-06-28 11:44:17
510,Do Linh,linhdo510@gmail.com,8d969eef6ecad3c29a3a629280e686cf0c3f5d5a86aff3ca12020c923adc6c92,CUSTOMER,2025-01-20 05:45:48
511,Do Long,longdo511@gmail.com,8d969eef6ecad3c29a3a629280e686cf0c3f5d5a86aff3ca12020c923adc6c92,CUSTOMER,2024-05-20 13:24:55
512,Do Mai,maido512@gmail.com,8d969eef6ecad3c29a3a629280e686cf0c3f5d5a86aff3ca12020c923adc6c92,CUSTOMER,2024-05-02 11:06:32
513,Do Minh,minhdo513@gmail.com,8d969eef6ecad3c29a3a629280e686cf0c3f5d5a86aff3ca12020c923adc6c92,CUSTOMER,2024-08-12 04:39:08
514,Do Nam,namdo514@gmail.com,8d969eef6ecad3c29a3a629280e686cf0c3f5d5a86aff3ca12020c923adc6c92,CUSTOMER,2024-02-02 00:05:49
515,Do Nga,ngado515@gmail.com,8d969eef6ecad3c29a3a629280e686cf0c3f5d5a86aff3ca12020c923adc6c92,CUSTOMER,2024-04-12 20:16:42
516,Do Nhi,nhido516@gmail.com,8d969eef6ecad3c29a3a629280e686cf0c3f5d5a86aff3ca12020c923adc6c92,CUSTOMER,2024-08-11 02:42:48
517,Do Phong,phongdo517@gmail.com,8d969eef6ecad3c29a3a629280e686cf0c3f5d5a86aff3ca12020c923adc6c92,CUSTOMER,2025-11-12 02:33:58
518,Do Quang,quangdo518@gmail.com,8d969eef6ecad3c29a3a629280e686cf0c3f5d5a86aff3ca12020c923adc6c92,CUSTOMER,2025-07-08 17:17:48
519,Do Son,sondo519@gmail.com,8d969eef6ecad3c29a3a629280e686cf0c3f5d5a86aff3ca12020c923adc6c92,CUSTOMER,2025-06-04 20:51:59
520,Do Thao,thaodo520@gmail.com,8d969eef6ecad3c29a3a629280e686cf0c3f5d5a86aff3ca12020c923adc6c92,CUSTOMER,2024-08-27 03:43:09
521,Do Trang,trangdo521@gmail.com,8d969eef6ecad3c29a3a629280e686cf0c3f5d5a86aff3ca12020c923adc6c92,CUSTOMER,2025-03-29 21:47:54
522,Do Tuan,tuando522@gmail.com,8d969eef6ecad3c29a3a629280e686cf0c3f5d5a86aff3ca12020c923adc6c92,CUSTOMER,2025-02-03 03:51:11
523,Do Viet,vietdo523@gmail.com,8d969eef6ecad3c29a3a629280e686cf0c3f5d5a86aff3ca12020c923adc6c92,CUSTOMER,2025-09-21 17:22:41
524,Do Yen,yendo524@gmail.com,8d969eef6ecad3c29a3a629280e686cf0c3f5d5a86aff3ca12020c923adc6c92,CUSTOMER,2025-06-04 09:41:08
525,Do An,ando525@gmail.com,8d969eef6ecad3c29a3a629280e686cf0c3f5d5a86aff3ca12020c923adc6c92,CUSTOMER,2025-02-02 07:42:19
526,Do Bao,baodo526@gmail.com,8d969eef6ecad3c29a3a629280e686cf0c3f5d5a86aff3ca12020c923adc6c92,CUSTOMER,2025-08-17 16:44:07
527,Do Cuong,cuongdo527@gmail.com,8d969eef6ecad3c29a3a629280e686cf0c3f5d5a86aff3ca12020c923adc6c92,CUSTOMER,2025-07-25 13:46:28
528,Do Dao,daodo528@gmail.com,8d969eef6ecad3c29a3a629280e686cf0c3f5d5a86aff3ca12020c923adc6c92,CUSTOMER,2024-11-01 20:58:47
529,Do Giang,giangdo529@gmail.com,8d969eef6ecad3c29a3a629280e686cf0c3f5d5a86aff3ca12020c923adc6c92,CUSTOMER,2025-08-15 21:49:38
530,Do Hai,haido530@gmail.com,8d969eef6ecad3c29a3a629280e686cf0c3f5d5a86aff3ca12020c923adc6c92,CUSTOMER,2024-01-23 21:25:51
531,Do Hong,hongdo531@gmail.com,8d969eef6ecad3c29a3a629280e686cf0c3f5d5a86aff3ca12020c923adc6c92,CUSTOMER,2024-10-05 19:31:50
532,Do Huy,huydo532@gmail.com,8d969eef6ecad3c29a3a629280e686cf0c3f5d5a86aff3ca12020c923adc6c92,CUSTOMER,2026-01-10 20:04:57
533,Do Kiet,kietdo533@gmail.com,8d969eef6ecad3c29a3a629280e686cf0c3f5d5a86aff3ca12020c923adc6c92,CUSTOMER,2026-01-24 21:18:14
534,Do Le,ledo534@gmail.com,8d969eef6ecad3c29a3a629280e686cf0c3f5d5a86aff3ca12020c923adc6c92,CUSTOMER,2024-06-10 08:23:39
535,Do Ly,lydo535@gmail.com,8d969eef6ecad3c29a3a629280e686cf0c3f5d5a86aff3ca12020c923adc6c92,CUSTOMER,2025-05-08 23:53:00
536,Do My,mydo536@gmail.com,8d969eef6ecad3c29a3a629280e686cf0c3f5d5a86aff3ca12020c923adc6c92,CUSTOMER,2025-09-03 11:21:00
537,Do Phuc,phucdo537@gmail.com,8d969eef6ecad3c29a3a629280e686cf0c3f5d5a86aff3ca12020c923adc6c92,CUSTOMER,2024-04-25 06:58:45
538,Do Phuong,phuongdo538@gmail.com,8d969eef6ecad3c29a3a629280e686cf0c3f5d5a86aff3ca12020c923adc6c92,CUSTOMER,2025-10-17 16:59:16
539,Do Quan,quando539@gmail.com,8d969eef6ecad3c29a3a629280e686cf0c3f5d5a86aff3ca12020c923adc6c92,CUSTOMER,2025-04-10 21:23:39
540,Do Quyen,quyendo540@gmail.com,8d969eef6ecad3c29a3a629280e686cf0c3f5d5a86aff3ca12020c923adc6c92,CUSTOMER,2024-11-13 22:20:25
541,Do Tam,tamdo541@gmail.com,8d969eef6ecad3c29a3a629280e686cf0c3f5d5a86aff3ca12020c923adc6c92,CUSTOMER,2024-01-03 01:32:42
542,Do Thi,thido542@gmail.com,8d969eef6ecad3c29a3a629280e686cf0c3f5d5a86aff3ca12020c923adc6c92,CUSTOMER,2026-01-07 05:26:17
543,Do Thien,thiendo543@gmail.com,8d969eef6ecad3c29a3a629280e686cf0c3f5d5a86aff3ca12020c923adc6c92,CUSTOMER,2025-05-07 22:19:40
544,Do Thu,thudo544@gmail.com,8d969eef6ecad3c29a3a629280e686cf0c3f5d5a86aff3ca12020c923adc6c92,CUSTOMER,2024-09-20 12:57:17
545,Do Thuy,thuydo545@gmail.com,8d969eef6ecad3c29a3a629280e686cf0c3f5d5a86aff3ca12020c923adc6c92,CUSTOMER,2024-06-07 03:51:58
546,Do Tien,tiendo546@gmail.com,8d969eef6ecad3c29a3a629280e686cf0c3f5d5a86aff3ca12020c923adc6c92,CUSTOMER,2025-01-27 02:06:51
547,Do Trung,trungdo547@gmail.com,8d969eef6ecad3c29a3a629280e686cf0c3f5d5a86aff3ca12020c923adc6c92,CUSTOMER,2024-08-14 06:20:29
548,Do Tung,tungdo548@gmail.com,8d969eef6ecad3c29a3a629280e686cf0c3f5d5a86aff3ca12020c923adc6c92,CUSTOMER,2025-05-29 21:15:04
549,Do Van,vando549@gmail.com,8d969eef6ecad3c29a3a629280e686cf0c3f5d5a86aff3ca12020c923adc6c92,CUSTOMER,2024-01-31 02:38:51
550,Do Vy,vydo550@gmail.com,8d969eef6ecad3c29a3a629280e686cf0c3f5d5a86aff3ca12020c923adc6c92,CUSTOMER,2025-08-13 06:03:43
551,Ho Anh,anhho551@gmail.com,8d969eef6ecad3c29a3a629280e686cf0c3f5d5a86aff3ca12020c923adc6c92,CUSTOMER,2025-11-06 00:07:28
552,Ho Binh,binhho552@gmail.com,8d969eef6ecad3c29a3a629280e686cf0c3f5d5a86aff3ca12020c923adc6c92,CUSTOMER,2024-02-01 15:14:52
553,Ho Chi,chiho553@gmail.com,8d969eef6ecad3c29a3a629280e686cf0c3f5d5a86aff3ca12020c923adc6c92,CUSTOMER,2025-04-21 13:29:33
554,Ho Dung,dungho554@gmail.com,8d969eef6ecad3c29a3a629280e686cf0c3f5d5a86aff3ca12020c923adc6c92,CUSTOMER,2025-03-28 15:46:07
555,Ho Hanh,hanhho555@gmail.com,8d969eef6ecad3c29a3a629280e686cf0c3f5d5a86aff3ca12020c923adc6c92,CUSTOMER,2025-02-08 04:25:13
556,Ho Hieu,hieuho556@gmail.com,8d969eef6ecad3c29a3a629280e686cf0c3f5d5a86aff3ca12020c923adc6c92,CUSTOMER,2025-12-17 13:17:12
557,Ho Hoa,hoaho557@gmail.com,8d969eef6ecad3c29a3a629280e686cf0c3f5d5a86aff3ca12020c923adc6c92,CUSTOMER,2024-04-22 11:07:38
558,Ho Khanh,khanhho558@gmail.com,8d969eef6ecad3c29a3a629280e686cf0c3f5d5a86aff3ca12020c923adc6c92,CUSTOMER,2024-02-07 15:00:00
559,Ho Lam,lamho559@gmail.com,8d969eef6ecad3c29a3a629280e686cf0c3f5d5a86aff3ca12020c923adc6c92,CUSTOMER,2025-11-08 16:58:55
560,Ho Linh,linhho560@gmail.com,8d969eef6ecad3c29a3a629280e686cf0c3f5d5a86aff3ca12020c923adc6c92,CUSTOMER,2024-09-09 16:36:21
561,Ho Long,longho561@gmail.com,8d969eef6ecad3c29a3a629280e686cf0c3f5d5a86aff3ca12020c923adc6c92,CUSTOMER,2025-10-10 10:05:50
562,Ho Mai,maiho562@gmail.com,8d969eef6ecad3c29a3a629280e686cf0c3f5d5a86aff3ca12020c923adc6c92,CUSTOMER,2025-02-18 12:28:01
563,Ho Minh,minhho563@gmail.com,8d969eef6ecad3c29a3a629280e686cf0c3f5d5a86aff3ca12020c923adc6c92,CUSTOMER,2025-09-07 18:33:56
564,Ho Nam,namho564@gmail.com,8d969eef6ecad3c29a3a629280e686cf0c3f5d5a86aff3ca12020c923adc6c92,CUSTOMER,2024-10-30 08:02:52
565,Ho Nga,ngaho565@gmail.com,8d969eef6ecad3c29a3a629280e686cf0c3f5d5a86aff3ca12020c923adc6c92,CUSTOMER,2024-09-10 02:34:00
566,Ho Nhi,nhiho566@gmail.com,8d969eef6ecad3c29a3a629280e686cf0c3f5d5a86aff3ca12020c923adc6c92,CUSTOMER,2025-02-28 14:12:26
567,Ho Phong,phongho567@gmail.com,8d969eef6ecad3c29a3a629280e686cf0c3f5d5a86aff3ca12020c923adc6c92,CUSTOMER,2025-01-28 22:28:03
568,Ho Quang,quangho568@gmail.com,8d969eef6ecad3c29a3a629280e686cf0c3f5d5a86aff3ca12020c923adc6c92,CUSTOMER,2026-01-18 10:30:15
569,Ho Son,sonho569@gmail.com,8d969eef6ecad3c29a3a629280e686cf0c3f5d5a86aff3ca12020c923adc6c92,CUSTOMER,2024-07-10 17:04:33
570,Ho Thao,thaoho570@gmail.com,8d969eef6ecad3c29a3a629280e686cf0c3f5d5a86aff3ca12020c923adc6c92,CUSTOMER,2024-11-19 03:49:04
571,Ho Trang,trangho571@gmail.com,8d969eef6ecad3c29a3a629280e686cf0c3f5d5a86aff3ca12020c923adc6c92,CUSTOMER,2024-08-16 06:48:27
572,Ho Tuan,tuanho572@gmail.com,8d969eef6ecad3c29a3a629280e686cf0c3f5d5a86aff3ca12020c923adc6c92,CUSTOMER,2025-05-18 04:54:31
573,Ho Viet,vietho573@gmail.com,8d969eef6ecad3c29a3a629280e686cf0c3f5d5a86aff3ca12020c923adc6c92,CUSTOMER,2025-08-09 13:19:44
574,Ho Yen,yenho574@gmail.com,8d969eef6ecad3c29a3a629280e686cf0c3f5d5a86aff3ca12020c923adc6c92,CUSTOMER,2025-03-30 09:35:22
575,Ho An,anho575@gmail.com,8d969eef6ecad3c29a3a629280e686cf0c3f5d5a86aff3ca12020c923adc6c92,CUSTOMER,2025-01-25 01:46:22
576,Ho Bao,baoho576@gmail.com,8d969eef6ecad3c29a3a629280e686cf0c3f5d5a86aff3ca12020c923adc6c92,CUSTOMER,2024-04-19 22:01:41
577,Ho Cuong,cuongho577@gmail.com,8d969eef6ecad3c29a3a629280e686cf0c3f5d5a86aff3ca12020c923adc6c92,CUSTOMER,2024-12-23 16:24:25
578,Ho Dao,daoho578@gmail.com,8d969eef6ecad3c29a3a629280e686cf0c3f5d5a86aff3ca12020c923adc6c92,CUSTOMER,2025-11-04 20:32:47
579,Ho Giang,giangho579@gmail.com,8d969eef6ecad3c29a3a629280e686cf0c3f5d5a86aff3ca12020c923adc6c92,CUSTOMER,2024-08-30 22:35:33
580,Ho Hai,haiho580@gmail.com,8d969eef6ecad3c29a3a629280e686cf0c3f5d5a86aff3ca12020c923adc6c92,CUSTOMER,2025-01-15 17:21:21
581,Ho Hong,hongho581@gmail.com,8d969eef6ecad3c29a3a629280e686cf0c3f5d5a86aff3ca12020c923adc6c92,CUSTOMER,2025-02-04 23:03:17
582,Ho Huy,huyho582@gmail.com,8d969eef6ecad3c29a3a629280e686cf0c3f5d5a86aff3ca12020c923adc6c92,CUSTOMER,2025-07-28 01:08:57
583,Ho Kiet,kietho583@gmail.com,8d969eef6ecad3c29a3a629280e686cf0c3f5d5a86aff3ca12020c923adc6c92,CUSTOMER,2025-01-04 18:20:52
584,Ho Le,leho584@gmail.com,8d969eef6ecad3c29a3a629280e686cf0c3f5d5a86aff3ca12020c923adc6c92,CUSTOMER,2025-12-03 22:30:14
585,Ho Ly,lyho585@gmail.com,8d969eef6ecad3c29a3a629280e686cf0c3f5d5a86aff3ca12020c923adc6c92,CUSTOMER,2024-04-28 19:35:57
586,Ho My,myho586@gmail.com,8d969eef6ecad3c29a3a629280e686cf0c3f5d5a86aff3ca12020c923adc6c92,CUSTOMER,2024-09-14 13:44:08
587,Ho Phuc,phucho587@gmail.com,8d969eef6ecad3c29a3a629280e686cf0c3f5d5a86aff3ca12020c923adc6c92,CUSTOMER,2025-12-07 15:45:01
588,Ho Phuong,phuongho588@gmail.com,8d969eef6ecad3c29a3a629280e686cf0c3f5d5a86aff3ca12020c923adc6c92,CUSTOMER,2024-01-28 09:04:11
589,Ho Quan,quanho589@gmail.com,8d969eef6ecad3c29a3a629280e686cf0c3f5d5a86aff3ca12020c923adc6c92,CUSTOMER,2025-06-24 16:55:58
590,Ho Quyen,quyenho590@gmail.com,8d969eef6ecad3c29a3a629280e686cf0c3f5d5a86aff3ca12020c923adc6c92,CUSTOMER,2025-12-08 12:36:11
591,Ho Tam,tamho591@gmail.com,8d969eef6ecad3c29a3a629280e686cf0c3f5d5a86aff3ca12020c923adc6c92,CUSTOMER,2024-01-06 08:55:13
592,Ho Thi,thiho592@gmail.com,8d969eef6ecad3c29a3a629280e686cf0c3f5d5a86aff3ca12020c923adc6c92,CUSTOMER,2024-07-29 02:35:18
593,Ho Thien,thienho593@gmail.com,8d969eef6ecad3c29a3a629280e686cf0c3f5d5a86aff3ca12020c923adc6c92,CUSTOMER,2024-07-31 14:47:06
594,Ho Thu,thuho594@gmail.com,8d969eef6ecad3c29a3a629280e686cf0c3f5d5a86aff3ca12020c923adc6c92,CUSTOMER,2024-12-03 06:26:47
595,Ho Thuy,thuyho595@gmail.com,8d969eef6ecad3c29a3a629280e686cf0c3f5d5a86aff3ca12020c923adc6c92,CUSTOMER,2025-10-21 02:34:36
596,Ho Tien,tienho596@gmail.com,8d969eef6ecad3c29a3a629280e686cf0c3f5d5a86aff3ca12020c923adc6c92,CUSTOMER,2025-12-27 16:54:14
597,Ho Trung,trungho597@gmail.com,8d969eef6ecad3c29a3a629280e686cf0c3f5d5a86aff3ca12020c923adc6c92,CUSTOMER,2025-06-06 19:33:44
598,Ho Tung,tungho598@gmail.com,8d969eef6ecad3c29a3a629280e686cf0c3f5d5a86aff3ca12020c923adc6c92,CUSTOMER,2025-07-26 19:09:22
599,Ho Van,vanho599@gmail.com,8d969eef6ecad3c29a3a629280e686cf0c3f5d5a86aff3ca12020c923adc6c92,CUSTOMER,2025-09-02 00:47:29
600,Ho Vy,vyho600@gmail.com,8d969eef6ecad3c29a3a629280e686cf0c3f5d5a86aff3ca12020c923adc6c92,CUSTOMER,2024-01-06 01:09:09
601,Ngo Anh,anhngo601@gmail.com,8d969eef6ecad3c29a3a629280e686cf0c3f5d5a86aff3ca12020c923adc6c92,CUSTOMER,2025-08-13 15:28:14
602,Ngo Binh,binhngo602@gmail.com,8d969eef6ecad3c29a3a629280e686cf0c3f5d5a86aff3ca12020c923adc6c92,CUSTOMER,2025-08-12 18:41:35
603,Ngo Chi,chingo603@gmail.com,8d969eef6ecad3c29a3a629280e686cf0c3f5d5a86aff3ca12020c923adc6c92,CUSTOMER,2024-02-19 17:09:24
604,Ngo Dung,dungngo604@gmail.com,8d969eef6ecad3c29a3a629280e686cf0c3f5d5a86aff3ca12020c923adc6c92,CUSTOMER,2025-05-12 11:49:39
605,Ngo Hanh,hanhngo605@gmail.com,8d969eef6ecad3c29a3a629280e686cf0c3f5d5a86aff3ca12020c923adc6c92,CUSTOMER,2024-11-03 06:52:50
606,Ngo Hieu,hieungo606@gmail.com,8d969eef6ecad3c29a3a629280e686cf0c3f5d5a86aff3ca12020c923adc6c92,CUSTOMER,2025-07-25 17:30:31
607,Ngo Hoa,hoango607@gmail.com,8d969eef6ecad3c29a3a629280e686cf0c3f5d5a86aff3ca12020c923adc6c92,CUSTOMER,2026-01-13 12:24:30
608,Ngo Khanh,khanhngo608@gmail.com,8d969eef6ecad3c29a3a629280e686cf0c3f5d5a86aff3ca12020c923adc6c92,CUSTOMER,2025-03-21 06:07:17
609,Ngo Lam,lamngo609@gmail.com,8d969eef6ecad3c29a3a629280e686cf0c3f5d5a86aff3ca12020c923adc6c92,CUSTOMER,2026-01-06 19:11:18
610,Ngo Linh,linhngo610@gmail.com,8d969eef6ecad3c29a3a629280e686cf0c3f5d5a86aff3ca12020c923adc6c92,CUSTOMER,2025-08-31 04:49:48
611,Ngo Long,longngo611@gmail.com,8d969eef6ecad3c29a3a629280e686cf0c3f5d5a86aff3ca12020c923adc6c92,CUSTOMER,2025-06-10 09:19:13
612,Ngo Mai,maingo612@gmail.com,8d969eef6ecad3c29a3a629280e686cf0c3f5d5a86aff3ca12020c923adc6c92,CUSTOMER,2024-09-23 13:29:14
613,Ngo Minh,minhngo613@gmail.com,8d969eef6ecad3c29a3a629280e686cf0c3f5d5a86aff3ca12020c923adc6c92,CUSTOMER,2025-02-13 07:24:36
614,Ngo Nam,namngo614@gmail.com,8d969eef6ecad3c29a3a629280e686cf0c3f5d5a86aff3ca12020c923adc6c92,CUSTOMER,2024-12-25 01:10:01
615,Ngo Nga,ngango615@gmail.com,8d969eef6ecad3c29a3a629280e686cf0c3f5d5a86aff3ca12020c923adc6c92,CUSTOMER,2024-08-04 09:35:45
616,Ngo Nhi,nhingo616@gmail.com,8d969eef6ecad3c29a3a629280e686cf0c3f5d5a86aff3ca12020c923adc6c92,CUSTOMER,2025-10-15 10:56:48
617,Ngo Phong,phongngo617@gmail.com,8d969eef6ecad3c29a3a629280e686cf0c3f5d5a86aff3ca12020c923adc6c92,CUSTOMER,2024-08-11 19:42:21
618,Ngo Quang,quangngo618@gmail.com,8d969eef6ecad3c29a3a629280e686cf0c3f5d5a86aff3ca12020c923adc6c92,CUSTOMER,2025-11-19 10:58:56
619,Ngo Son,sonngo619@gmail.com,8d969eef6ecad3c29a3a629280e686cf0c3f5d5a86aff3ca12020c923adc6c92,CUSTOMER,2025-11-08 11:22:35
620,Ngo Thao,thaongo620@gmail.com,8d969eef6ecad3c29a3a629280e686cf0c3f5d5a86aff3ca12020c923adc6c92,CUSTOMER,2024-01-28 04:39:58
621,Ngo Trang,trangngo621@gmail.com,8d969eef6ecad3c29a3a629280e686cf0c3f5d5a86aff3ca12020c923adc6c92,CUSTOMER,2025-08-08 00:34:58
622,Ngo Tuan,tuanngo622@gmail.com,8d969eef6ecad3c29a3a629280e686cf0c3f5d5a86aff3ca12020c923adc6c92,CUSTOMER,2024-06-01 09:27:59
623,Ngo Viet,vietngo623@gmail.com,8d969eef6ecad3c29a3a629280e686cf0c3f5d5a86aff3ca12020c923adc6c92,CUSTOMER,2024-04-07 08:34:35
624,Ngo Yen,yenngo624@gmail.com,8d969eef6ecad3c29a3a629280e686cf0c3f5d5a86aff3ca12020c923adc6c92,CUSTOMER,2024-09-07 18:58:31
625,Ngo An,anngo625@gmail.com,8d969eef6ecad3c29a3a629280e686cf0c3f5d5a86aff3ca12020c923adc6c92,CUSTOMER,2024-03-20 19:00:32
626,Ngo Bao,baongo626@gmail.com,8d969eef6ecad3c29a3a629280e686cf0c3f5d5a86aff3ca12020c923adc6c92,CUSTOMER,2025-05-20 18:17:57
627,Ngo Cuong,cuongngo627@gmail.com,8d969eef6ecad3c29a3a629280e686cf0c3f5d5a86aff3ca12020c923adc6c92,CUSTOMER,2024-05-13 20:16:18
628,Ngo Dao,daongo628@gmail.com,8d969eef6ecad3c29a3a629280e686cf0c3f5d5a86aff3ca12020c923adc6c92,CUSTOMER,2024-08-22 15:35:02
629,Ngo Giang,giangngo629@gmail.com,8d969eef6ecad3c29a3a629280e686cf0c3f5d5a86aff3ca12020c923adc6c92,CUSTOMER,2024-09-19 17:53:10
630,Ngo Hai,haingo630@gmail.com,8d969eef6ecad3c29a3a629280e686cf0c3f5d5a86aff3ca12020c923adc6c92,CUSTOMER,2024-04-24 00:42:53
631,Ngo Hong,hongngo631@gmail.com,8d969eef6ecad3c29a3a629280e686cf0c3f5d5a86aff3ca12020c923adc6c92,CUSTOMER,2024-11-04 04:27:34
632,Ngo Huy,huyngo632@gmail.com,8d969eef6ecad3c29a3a629280e686cf0c3f5d5a86aff3ca12020c923adc6c92,CUSTOMER,2024-03-11 22:06:18
633,Ngo Kiet,kietngo633@gmail.com,8d969eef6ecad3c29a3a629280e686cf0c3f5d5a86aff3ca12020c923adc6c92,CUSTOMER,2025-12-30 08:27:54
634,Ngo Le,lengo634@gmail.com,8d969eef6ecad3c29a3a629280e686cf0c3f5d5a86aff3ca12020c923adc6c92,CUSTOMER,2025-10-05 18:28:29
635,Ngo Ly,lyngo635@gmail.com,8d969eef6ecad3c29a3a629280e686cf0c3f5d5a86aff3ca12020c923adc6c92,CUSTOMER,2025-08-18 01:15:00
636,Ngo My,myngo636@gmail.com,8d969eef6ecad3c29a3a629280e686cf0c3f5d5a86aff3ca12020c923adc6c92,CUSTOMER,2025-01-04 22:32:14
637,Ngo Phuc,phucngo637@gmail.com,8d969eef6ecad3c29a3a629280e686cf0c3f5d5a86aff3ca12020c923adc6c92,CUSTOMER,2024-08-15 10:15:15
638,Ngo Phuong,phuongngo638@gmail.com,8d969eef6ecad3c29a3a629280e686cf0c3f5d5a86aff3ca12020c923adc6c92,CUSTOMER,2024-02-01 14:48:06
639,Ngo Quan,quanngo639@gmail.com,8d969eef6ecad3c29a3a629280e686cf0c3f5d5a86aff3ca12020c923adc6c92,CUSTOMER,2024-09-13 20:42:41
640,Ngo Quyen,quyenngo640@gmail.com,8d969eef6ecad3c29a3a629280e686cf0c3f5d5a86aff3ca12020c923adc6c92,CUSTOMER,2026-01-14 19:50:06
641,Ngo Tam,tamngo641@gmail.com,8d969eef6ecad3c29a3a629280e686cf0c3f5d5a86aff3ca12020c923adc6c92,CUSTOMER,2024-10-29 03:23:44
642,Ngo Thi,thingo642@gmail.com,8d969eef6ecad3c29a3a629280e686cf0c3f5d5a86aff3ca12020c923adc6c92,CUSTOMER,2024-06-30 20:10:45
643,Ngo Thien,thienngo643@gmail.com,8d969eef6ecad3c29a3a629280e686cf0c3f5d5a86aff3ca12020c923adc6c92,CUSTOMER,2025-09-22 11:16:18
644,Ngo Thu,thungo644@gmail.com,8d969eef6ecad3c29a3a629280e686cf0c3f5d5a86aff3ca12020c923adc6c92,CUSTOMER,2024-04-06 16:21:05
645,Ngo Thuy,thuyngo645@gmail.com,8d969eef6ecad3c29a3a629280e686cf0c3f5d5a86aff3ca12020c923adc6c92,CUSTOMER,2025-05-30 11:55:11
646,Ngo Tien,tienngo646@gmail.com,8d969eef6ecad3c29a3a629280e686cf0c3f5d5a86aff3ca12020c923adc6c92,CUSTOMER,2025-05-27 20:03:27
647,Ngo Trung,trungngo647@gmail.com,8d969eef6ecad3c29a3a629280e686cf0c3f5d5a86aff3ca12020c923adc6c92,CUSTOMER,2024-04-19 21:51:54
648,Ngo Tung,tungngo648@gmail.com,8d969eef6ecad3c29a3a629280e686cf0c3f5d5a86aff3ca12020c923adc6c92,CUSTOMER,2024-08-15 14:45:58
649,Ngo Van,vanngo649@gmail.com,8d969eef6ecad3c29a3a629280e686cf0c3f5d5a86aff3ca12020c923adc6c92,CUSTOMER,2025-03-19 21:44:41
650,Ngo Vy,vyngo650@gmail.com,8d969eef6ecad3c29a3a629280e686cf0c3f5d5a86aff3ca12020c923adc6c92,CUSTOMER,2026-01-29 17:09:18
651,Duong Anh,anhduong651@gmail.com,8d969eef6ecad3c29a3a629280e686cf0c3f5d5a86aff3ca12020c923adc6c92,CUSTOMER,2025-10-25 15:22:56
652,Duong Binh,binhduong652@gmail.com,8d969eef6ecad3c29a3a629280e686cf0c3f5d5a86aff3ca12020c923adc6c92,CUSTOMER,2025-08-28 04:00:30
653,Duong Chi,chiduong653@gmail.com,8d969eef6ecad3c29a3a629280e686cf0c3f5d5a86aff3ca12020c923adc6c92,CUSTOMER,2024-08-29 02:21:37
654,Duong Dung,dungduong654@gmail.com,8d969eef6ecad3c29a3a629280e686cf0c3f5d5a86aff3ca12020c923adc6c92,CUSTOMER,2025-11-23 17:35:37
655,Duong Hanh,hanhduong655@gmail.com,8d969eef6ecad3c29a3a629280e686cf0c3f5d5a86aff3ca12020c923adc6c92,CUSTOMER,2024-09-28 08:37:56
656,Duong Hieu,hieuduong656@gmail.com,8d969eef6ecad3c29a3a629280e686cf0c3f5d5a86aff3ca12020c923adc6c92,CUSTOMER,2025-08-08 20:01:34
657,Duong Hoa,hoaduong657@gmail.com,8d969eef6ecad3c29a3a629280e686cf0c3f5d5a86aff3ca12020c923adc6c92,CUSTOMER,2026-01-20 19:12:24
658,Duong Khanh,khanhduong658@gmail.com,8d969eef6ecad3c29a3a629280e686cf0c3f5d5a86aff3ca12020c923adc6c92,CUSTOMER,2024-04-12 13:58:39
659,Duong Lam,lamduong659@gmail.com,8d969eef6ecad3c29a3a629280e686cf0c3f5d5a86aff3ca12020c923adc6c92,CUSTOMER,2025-06-13 14:16:56
660,Duong Linh,linhduong660@gmail.com,8d969eef6ecad3c29a3a629280e686cf0c3f5d5a86aff3ca12020c923adc6c92,CUSTOMER,2024-05-23 13:22:49
661,Duong Long,longduong661@gmail.com,8d969eef6ecad3c29a3a629280e686cf0c3f5d5a86aff3ca12020c923adc6c92,CUSTOMER,2024-09-22 18:26:28
662,Duong Mai,maiduong662@gmail.com,8d969eef6ecad3c29a3a629280e686cf0c3f5d5a86aff3ca12020c923adc6c92,CUSTOMER,2024-03-20 16:46:16
663,Duong Minh,minhduong663@gmail.com,8d969eef6ecad3c29a3a629280e686cf0c3f5d5a86aff3ca12020c923adc6c92,CUSTOMER,2024-08-12 21:11:13
664,Duong Nam,namduong664@gmail.com,8d969eef6ecad3c29a3a629280e686cf0c3f5d5a86aff3ca12020c923adc6c92,CUSTOMER,2025-03-04 19:03:02
665,Duong Nga,ngaduong665@gmail.com,8d969eef6ecad3c29a3a629280e686cf0c3f5d5a86aff3ca12020c923adc6c92,CUSTOMER,2025-05-20 10:04:35
666,Duong Nhi,nhiduong666@gmail.com,8d969eef6ecad3c29a3a629280e686cf0c3f5d5a86aff3ca12020c923adc6c92,CUSTOMER,2025-05-09 19:54:05
667,Duong Phong,phongduong667@gmail.com,8d969eef6ecad3c29a3a629280e686cf0c3f5d5a86aff3ca12020c923adc6c92,CUSTOMER,2025-08-16 10:49:08
668,Duong Quang,quangduong668@gmail.com,8d969eef6ecad3c29a3a629280e686cf0c3f5d5a86aff3ca12020c923adc6c92,CUSTOMER,2025-09-15 07:09:01
669,Duong Son,sonduong669@gmail.com,8d969eef6ecad3c29a3a629280e686cf0c3f5d5a86aff3ca12020c923adc6c92,CUSTOMER,2025-05-06 20:35:11
670,Duong Thao,thaoduong670@gmail.com,8d969eef6ecad3c29a3a629280e686cf0c3f5d5a86aff3ca12020c923adc6c92,CUSTOMER,2024-04-16 02:20:17
671,Duong Trang,trangduong671@gmail.com,8d969eef6ecad3c29a3a629280e686cf0c3f5d5a86aff3ca12020c923adc6c92,CUSTOMER,2024-10-24 22:06:54
672,Duong Tuan,tuanduong672@gmail.com,8d969eef6ecad3c29a3a629280e686cf0c3f5d5a86aff3ca12020c923adc6c92,CUSTOMER,2024-09-26 20:57:22
673,Duong Viet,vietduong673@gmail.com,8d969eef6ecad3c29a3a629280e686cf0c3f5d5a86aff3ca12020c923adc6c92,CUSTOMER,2026-01-13 02:32:18
674,Duong Yen,yenduong674@gmail.com,8d969eef6ecad3c29a3a629280e686cf0c3f5d5a86aff3ca12020c923adc6c92,CUSTOMER,2025-12-18 02:37:53
675,Duong An,anduong675@gmail.com,8d969eef6ecad3c29a3a629280e686cf0c3f5d5a86aff3ca12020c923adc6c92,CUSTOMER,2024-09-16 20:47:05
676,Duong Bao,baoduong676@gmail.com,8d969eef6ecad3c29a3a629280e686cf0c3f5d5a86aff3ca12020c923adc6c92,CUSTOMER,2025-09-10 00:11:57
677,Duong Cuong,cuongduong677@gmail.com,8d969eef6ecad3c29a3a629280e686cf0c3f5d5a86aff3ca12020c923adc6c92,CUSTOMER,2024-07-08 18:44:50
678,Duong Dao,daoduong678@gmail.com,8d969eef6ecad3c29a3a629280e686cf0c3f5d5a86aff3ca12020c923adc6c92,CUSTOMER,2025-07-19 22:47:28
679,Duong Giang,giangduong679@gmail.com,8d969eef6ecad3c29a3a629280e686cf0c3f5d5a86aff3ca12020c923adc6c92,CUSTOMER,2024-02-20 02:59:33
680,Duong Hai,haiduong680@gmail.com,8d969eef6ecad3c29a3a629280e686cf0c3f5d5a86aff3ca12020c923adc6c92,CUSTOMER,2024-07-17 13:28:34
681,Duong Hong,hongduong681@gmail.com,8d969eef6ecad3c29a3a629280e686cf0c3f5d5a86aff3ca12020c923adc6c92,CUSTOMER,2024-09-22 10:08:20
682,Duong Huy,huyduong682@gmail.com,8d969eef6ecad3c29a3a629280e686cf0c3f5d5a86aff3ca12020c923adc6c92,CUSTOMER,2024-02-18 23:12:24
683,Duong Kiet,kietduong683@gmail.com,8d969eef6ecad3c29a3a629280e686cf0c3f5d5a86aff3ca12020c923adc6c92,CUSTOMER,2026-01-23 20:34:21
684,Duong Le,leduong684@gmail.com,8d969eef6ecad3c29a3a629280e686cf0c3f5d5a86aff3ca12020c923adc6c92,CUSTOMER,2025-04-14 01:12:25
685,Duong Ly,lyduong685@gmail.com,8d969eef6ecad3c29a3a629280e686cf0c3f5d5a86aff3ca12020c923adc6c92,CUSTOMER,2024-04-03 17:59:33
686,Duong My,myduong686@gmail.com,8d969eef6ecad3c29a3a629280e686cf0c3f5d5a86aff3ca12020c923adc6c92,CUSTOMER,2025-05-26 04:43:49
687,Duong Phuc,phucduong687@gmail.com,8d969eef6ecad3c29a3a629280e686cf0c3f5d5a86aff3ca12020c923adc6c92,CUSTOMER,2024-08-30 13:06:00
688,Duong Phuong,phuongduong688@gmail.com,8d969eef6ecad3c29a3a629280e686cf0c3f5d5a86aff3ca12020c923adc6c92,CUSTOMER,2024-03-21 21:28:24
689,Duong Quan,quanduong689@gmail.com,8d969eef6ecad3c29a3a629280e686cf0c3f5d5a86aff3ca12020c923adc6c92,CUSTOMER,2025-07-31 16:16:29
690,Duong Quyen,quyenduong690@gmail.com,8d969eef6ecad3c29a3a629280e686cf0c3f5d5a86aff3ca12020c923adc6c92,CUSTOMER,2025-07-24 17:39:54
691,Duong Tam,tamduong691@gmail.com,8d969eef6ecad3c29a3a629280e686cf0c3f5d5a86aff3ca12020c923adc6c92,CUSTOMER,2024-03-19 21:02:07
692,Duong Thi,thiduong692@gmail.com,8d969eef6ecad3c29a3a629280e686cf0c3f5d5a86aff3ca12020c923adc6c92,CUSTOMER,2024-06-07 21:42:15
693,Duong Thien,thienduong693@gmail.com,8d969eef6ecad3c29a3a629280e686cf0c3f5d5a86aff3ca12020c923adc6c92,CUSTOMER,2025-12-27 08:59:06
694,Duong Thu,thuduong694@gmail.com,8d969eef6ecad3c29a3a629280e686cf0c3f5d5a86aff3ca12020c923adc6c92,CUSTOMER,2025-02-14 03:06:05
695,Duong Thuy,thuyduong695@gmail.com,8d969eef6ecad3c29a3a629280e686cf0c3f5d5a86aff3ca12020c923adc6c92,CUSTOMER,2025-12-06 15:37:41
696,Duong Tien,tienduong696@gmail.com,8d969eef6ecad3c29a3a629280e686cf0c3f5d5a86aff3ca12020c923adc6c92,CUSTOMER,2025-08-29 05:38:24
697,Duong Trung,trungduong697@gmail.com,8d969eef6ecad3c29a3a629280e686cf0c3f5d5a86aff3ca12020c923adc6c92,CUSTOMER,2024-08-13 01:09:09
698,Duong Tung,tungduong698@gmail.com,8d969eef6ecad3c29a3a629280e686cf0c3f5d5a86aff3ca12020c923adc6c92,CUSTOMER,2024-01-04 13:25:21
699,Duong Van,vanduong699@gmail.com,8d969eef6ecad3c29a3a629280e686cf0c3f5d5a86aff3ca12020c923adc6c92,CUSTOMER,2024-01-11 16:26:11
700,Duong Vy,vyduong700@gmail.com,8d969eef6ecad3c29a3a629280e686cf0c3f5d5a86aff3ca12020c923adc6c92,CUSTOMER,2025-02-15 21:17:52
701,Ly Anh,anhly701@gmail.com,8d969eef6ecad3c29a3a629280e686cf0c3f5d5a86aff3ca12020c923adc6c92,CUSTOMER,2024-05-19 11:24:38
702,Ly Binh,binhly702@gmail.com,8d969eef6ecad3c29a3a629280e686cf0c3f5d5a86aff3ca12020c923adc6c92,CUSTOMER,2025-02-23 04:12:52
703,Ly Chi,chily703@gmail.com,8d969eef6ecad3c29a3a629280e686cf0c3f5d5a86aff3ca12020c923adc6c92,CUSTOMER,2025-06-12 23:45:29
704,Ly Dung,dungly704@gmail.com,8d969eef6ecad3c29a3a629280e686cf0c3f5d5a86aff3ca12020c923adc6c92,CUSTOMER,2024-05-29 23:42:51
705,Ly Hanh,hanhly705@gmail.com,8d969eef6ecad3c29a3a629280e686cf0c3f5d5a86aff3ca12020c923adc6c92,CUSTOMER,2025-11-21 22:12:08
706,Ly Hieu,hieuly706@gmail.com,8d969eef6ecad3c29a3a629280e686cf0c3f5d5a86aff3ca12020c923adc6c92,CUSTOMER,2024-06-04 18:47:58
707,Ly Hoa,hoaly707@gmail.com,8d969eef6ecad3c29a3a629280e686cf0c3f5d5a86aff3ca12020c923adc6c92,CUSTOMER,2024-12-14 21:42:23
708,Ly Khanh,khanhly708@gmail.com,8d969eef6ecad3c29a3a629280e686cf0c3f5d5a86aff3ca12020c923adc6c92,CUSTOMER,2024-02-14 23:38:29
709,Ly Lam,lamly709@gmail.com,8d969eef6ecad3c29a3a629280e686cf0c3f5d5a86aff3ca12020c923adc6c92,CUSTOMER,2025-03-08 21:01:36
710,Ly Linh,linhly710@gmail.com,8d969eef6ecad3c29a3a629280e686cf0c3f5d5a86aff3ca12020c923adc6c92,CUSTOMER,2025-04-08 00:56:43
711,Ly Long,longly711@gmail.com,8d969eef6ecad3c29a3a629280e686cf0c3f5d5a86aff3ca12020c923adc6c92,CUSTOMER,2025-12-03 13:41:09
712,Ly Mai,maily712@gmail.com,8d969eef6ecad3c29a3a629280e686cf0c3f5d5a86aff3ca12020c923adc6c92,CUSTOMER,2025-08-24 05:55:29
713,Ly Minh,minhly713@gmail.com,8d969eef6ecad3c29a3a629280e686cf0c3f5d5a86aff3ca12020c923adc6c92,CUSTOMER,2025-07-13 00:54:05
714,Ly Nam,namly714@gmail.com,8d969eef6ecad3c29a3a629280e686cf0c3f5d5a86aff3ca12020c923adc6c92,CUSTOMER,2025-09-26 03:39:35
715,Ly Nga,ngaly715@gmail.com,8d969eef6ecad3c29a3a629280e686cf0c3f5d5a86aff3ca12020c923adc6c92,CUSTOMER,2025-05-20 22:33:11
716,Ly Nhi,nhily716@gmail.com,8d969eef6ecad3c29a3a629280e686cf0c3f5d5a86aff3ca12020c923adc6c92,CUSTOMER,2025-09-28 05:15:52
717,Ly Phong,phongly717@gmail.com,8d969eef6ecad3c29a3a629280e686cf0c3f5d5a86aff3ca12020c923adc6c92,CUSTOMER,2024-04-28 11:59:15
718,Ly Quang,quangly718@gmail.com,8d969eef6ecad3c29a3a629280e686cf0c3f5d5a86aff3ca12020c923adc6c92,CUSTOMER,2025-01-19 09:43:30
719,Ly Son,sonly719@gmail.com,8d969eef6ecad3c29a3a629280e686cf0c3f5d5a86aff3ca12020c923adc6c92,CUSTOMER,2024-05-28 14:11:00
720,Ly Thao,thaoly720@gmail.com,8d969eef6ecad3c29a3a629280e686cf0c3f5d5a86aff3ca12020c923adc6c92,CUSTOMER,2024-12-02 22:34:45
721,Ly Trang,trangly721@gmail.com,8d969eef6ecad3c29a3a629280e686cf0c3f5d5a86aff3ca12020c923adc6c92,CUSTOMER,2025-11-19 22:47:55
722,Ly Tuan,tuanly722@gmail.com,8d969eef6ecad3c29a3a629280e686cf0c3f5d5a86aff3ca12020c923adc6c92,CUSTOMER,2025-11-13 07:42:43
723,Ly Viet,vietly723@gmail.com,8d969eef6ecad3c29a3a629280e686cf0c3f5d5a86aff3ca12020c923adc6c92,CUSTOMER,2024-11-30 21:52:56
724,Ly Yen,yenly724@gmail.com,8d969eef6ecad3c29a3a629280e686cf0c3f5d5a86aff3ca12020c923adc6c92,CUSTOMER,2025-12-09 07:04:21
725,Ly An,anly725@gmail.com,8d969eef6ecad3c29a3a629280e686cf0c3f5d5a86aff3ca12020c923adc6c92,CUSTOMER,2024-01-09 06:44:36
726,Ly Bao,baoly726@gmail.com,8d969eef6ecad3c29a3a629280e686cf0c3f5d5a86aff3ca12020c923adc6c92,CUSTOMER,2024-02-16 14:47:36
727,Ly Cuong,cuongly727@gmail.com,8d969eef6ecad3c29a3a629280e686cf0c3f5d5a86aff3ca12020c923adc6c92,CUSTOMER,2025-04-15 15:55:38
728,Ly Dao,daoly728@gmail.com,8d969eef6ecad3c29a3a629280e686cf0c3f5d5a86aff3ca12020c923adc6c92,CUSTOMER,2024-02-04 20:00:59
729,Ly Giang,giangly729@gmail.com,8d969eef6ecad3c29a3a629280e686cf0c3f5d5a86aff3ca12020c923adc6c92,CUSTOMER,2026-01-09 02:48:44
730,Ly Hai,haily730@gmail.com,8d969eef6ecad3c29a3a629280e686cf0c3f5d5a86aff3ca12020c923adc6c92,CUSTOMER,2024-10-29 19:12:16
731,Ly Hong,hongly731@gmail.com,8d969eef6ecad3c29a3a629280e686cf0c3f5d5a86aff3ca12020c923adc6c92,CUSTOMER,2024-04-06 14:20:38
732,Ly Huy,huyly732@gmail.com,8d969eef6ecad3c29a3a629280e686cf0c3f5d5a86aff3ca12020c923adc6c92,CUSTOMER,2024-06-03 15:38:12
733,Ly Kiet,kietly733@gmail.com,8d969eef6ecad3c29a3a629280e686cf0c3f5d5a86aff3ca12020c923adc6c92,CUSTOMER,2024-12-05 03:31:28
734,Ly Le,lely734@gmail.com,8d969eef6ecad3c29a3a629280e686cf0c3f5d5a86aff3ca12020c923adc6c92,CUSTOMER,2025-01-02 22:41:52
735,Ly Ly,lyly735@gmail.com,8d969eef6ecad3c29a3a629280e686cf0c3f5d5a86aff3ca12020c923adc6c92,CUSTOMER,2025-06-05 11:57:01
736,Ly My,myly736@gmail.com,8d969eef6ecad3c29a3a629280e686cf0c3f5d5a86aff3ca12020c923adc6c92,CUSTOMER,2025-10-18 21:12:35
737,Ly Phuc,phucly737@gmail.com,8d969eef6ecad3c29a3a629280e686cf0c3f5d5a86aff3ca12020c923adc6c92,CUSTOMER,2024-07-09 09:58:42
738,Ly Phuong,phuongly738@gmail.com,8d969eef6ecad3c29a3a629280e686cf0c3f5d5a86aff3ca12020c923adc6c92,CUSTOMER,2025-08-11 10:58:56
739,Ly Quan,quanly739@gmail.com,8d969eef6ecad3c29a3a629280e686cf0c3f5d5a86aff3ca12020c923adc6c92,CUSTOMER,2025-12-30 03:25:20
740,Ly Quyen,quyenly740@gmail.com,8d969eef6ecad3c29a3a629280e686cf0c3f5d5a86aff3ca12020c923adc6c92,CUSTOMER,2025-12-20 05:03:15
741,Ly Tam,tamly741@gmail.com,8d969eef6ecad3c29a3a629280e686cf0c3f5d5a86aff3ca12020c923adc6c92,CUSTOMER,2025-04-06 08:40:15
742,Ly Thi,thily742@gmail.com,8d969eef6ecad3c29a3a629280e686cf0c3f5d5a86aff3ca12020c923adc6c92,CUSTOMER,2024-07-11 03:37:44
743,Ly Thien,thienly743@gmail.com,8d969eef6ecad3c29a3a629280e686cf0c3f5d5a86aff3ca12020c923adc6c92,CUSTOMER,2024-10-08 14:52:51
744,Ly Thu,thuly744@gmail.com,8d969eef6ecad3c29a3a629280e686cf0c3f5d5a86aff3ca12020c923adc6c92,CUSTOMER,2025-01-05 10:45:59
745,Ly Thuy,thuyly745@gmail.com,8d969eef6ecad3c29a3a629280e686cf0c3f5d5a86aff3ca12020c923adc6c92,CUSTOMER,2024-09-27 03:47:53
746,Ly Tien,tienly746@gmail.com,8d969eef6ecad3c29a3a629280e686cf0c3f5d5a86aff3ca12020c923adc6c92,CUSTOMER,2024-06-10 10:08:42
747,Ly Trung,trungly747@gmail.com,8d969eef6ecad3c29a3a629280e686cf0c3f5d5a86aff3ca12020c923adc6c92,CUSTOMER,2024-08-12 01:22:10
748,Ly Tung,tungly748@gmail.com,8d969eef6ecad3c29a3a629280e686cf0c3f5d5a86aff3ca12020c923adc6c92,CUSTOMER,2026-01-28 15:58:19
749,Ly Van,vanly749@gmail.com,8d969eef6ecad3c29a3a629280e686cf0c3f5d5a86aff3ca12020c923adc6c92,CUSTOMER,2025-01-08 20:27:14
750,Ly Vy,vyly750@gmail.com,8d969eef6ecad3c29a3a629280e686cf0c3f5d5a86aff3ca12020c923adc6c92,CUSTOMER,2025-12-04 13:59:11
751,Truong Anh,anhtruong751@gmail.com,8d969eef6ecad3c29a3a629280e686cf0c3f5d5a86aff3ca12020c923adc6c92,CUSTOMER,2024-12-17 17:20:06
752,Truong Binh,binhtruong752@gmail.com,8d969eef6ecad3c29a3a629280e686cf0c3f5d5a86aff3ca12020c923adc6c92,CUSTOMER,2025-07-28 23:52:10
753,Truong Chi,chitruong753@gmail.com,8d969eef6ecad3c29a3a629280e686cf0c3f5d5a86aff3ca12020c923adc6c92,CUSTOMER,2024-03-11 22:53:54
754,Truong Dung,dungtruong754@gmail.com,8d969eef6ecad3c29a3a629280e686cf0c3f5d5a86aff3ca12020c923adc6c92,CUSTOMER,2025-07-14 05:13:02
755,Truong Hanh,hanhtruong755@gmail.com,8d969eef6ecad3c29a3a629280e686cf0c3f5d5a86aff3ca12020c923adc6c92,CUSTOMER,2025-10-19 22:59:26
756,Truong Hieu,hieutruong756@gmail.com,8d969eef6ecad3c29a3a629280e686cf0c3f5d5a86aff3ca12020c923adc6c92,CUSTOMER,2024-06-04 03:27:41
757,Truong Hoa,hoatruong757@gmail.com,8d969eef6ecad3c29a3a629280e686cf0c3f5d5a86aff3ca12020c923adc6c92,CUSTOMER,2024-01-05 15:42:57
758,Truong Khanh,khanhtruong758@gmail.com,8d969eef6ecad3c29a3a629280e686cf0c3f5d5a86aff3ca12020c923adc6c92,CUSTOMER,2025-02-10 02:41:09
759,Truong Lam,lamtruong759@gmail.com,8d969eef6ecad3c29a3a629280e686cf0c3f5d5a86aff3ca12020c923adc6c92,CUSTOMER,2025-07-15 19:28:41
760,Truong Linh,linhtruong760@gmail.com,8d969eef6ecad3c29a3a629280e686cf0c3f5d5a86aff3ca12020c923adc6c92,CUSTOMER,2025-11-24 10:51:04
761,Truong Long,longtruong761@gmail.com,8d969eef6ecad3c29a3a629280e686cf0c3f5d5a86aff3ca12020c923adc6c92,CUSTOMER,2024-05-19 01:11:31
762,Truong Mai,maitruong762@gmail.com,8d969eef6ecad3c29a3a629280e686cf0c3f5d5a86aff3ca12020c923adc6c92,CUSTOMER,2024-11-16 22:39:00
763,Truong Minh,minhtruong763@gmail.com,8d969eef6ecad3c29a3a629280e686cf0c3f5d5a86aff3ca12020c923adc6c92,CUSTOMER,2024-07-10 14:22:34
764,Truong Nam,namtruong764@gmail.com,8d969eef6ecad3c29a3a629280e686cf0c3f5d5a86aff3ca12020c923adc6c92,CUSTOMER,2024-03-13 11:09:17
765,Truong Nga,ngatruong765@gmail.com,8d969eef6ecad3c29a3a629280e686cf0c3f5d5a86aff3ca12020c923adc6c92,CUSTOMER,2024-05-23 15:16:05
766,Truong Nhi,nhitruong766@gmail.com,8d969eef6ecad3c29a3a629280e686cf0c3f5d5a86aff3ca12020c923adc6c92,CUSTOMER,2024-01-26 11:45:31
767,Truong Phong,phongtruong767@gmail.com,8d969eef6ecad3c29a3a629280e686cf0c3f5d5a86aff3ca12020c923adc6c92,CUSTOMER,2024-03-19 15:24:14
768,Truong Quang,quangtruong768@gmail.com,8d969eef6ecad3c29a3a629280e686cf0c3f5d5a86aff3ca12020c923adc6c92,CUSTOMER,2025-04-07 10:46:57
769,Truong Son,sontruong769@gmail.com,8d969eef6ecad3c29a3a629280e686cf0c3f5d5a86aff3ca12020c923adc6c92,CUSTOMER,2025-09-01 09:10:44
770,Truong Thao,thaotruong770@gmail.com,8d969eef6ecad3c29a3a629280e686cf0c3f5d5a86aff3ca12020c923adc6c92,CUSTOMER,2026-01-01 08:29:51
771,Truong Trang,trangtruong771@gmail.com,8d969eef6ecad3c29a3a629280e686cf0c3f5d5a86aff3ca12020c923adc6c92,CUSTOMER,2025-12-25 16:19:26
772,Truong Tuan,tuantruong772@gmail.com,8d969eef6ecad3c29a3a629280e686cf0c3f5d5a86aff3ca12020c923adc6c92,CUSTOMER,2025-10-28 13:44:34
773,Truong Viet,viettruong773@gmail.com,8d969eef6ecad3c29a3a629280e686cf0c3f5d5a86aff3ca12020c923adc6c92,CUSTOMER,2024-07-10 18:34:50
774,Truong Yen,yentruong774@gmail.com,8d969eef6ecad3c29a3a629280e686cf0c3f5d5a86aff3ca12020c923adc6c92,CUSTOMER,2026-01-30 19:44:14
775,Truong An,antruong775@gmail.com,8d969eef6ecad3c29a3a629280e686cf0c3f5d5a86aff3ca12020c923adc6c92,CUSTOMER,2024-08-31 00:25:28
776,Truong Bao,baotruong776@gmail.com,8d969eef6ecad3c29a3a629280e686cf0c3f5d5a86aff3ca12020c923adc6c92,CUSTOMER,2025-01-24 19:54:46
777,Truong Cuong,cuongtruong777@gmail.com,8d969eef6ecad3c29a3a629280e686cf0c3f5d5a86aff3ca12020c923adc6c92,CUSTOMER,2025-05-14 19:12:02
778,Truong Dao,daotruong778@gmail.com,8d969eef6ecad3c29a3a629280e686cf0c3f5d5a86aff3ca12020c923adc6c92,CUSTOMER,2024-02-09 04:27:16
779,Truong Giang,giangtruong779@gmail.com,8d969eef6ecad3c29a3a629280e686cf0c3f5d5a86aff3ca12020c923adc6c92,CUSTOMER,2024-11-08 15:55:42
780,Truong Hai,haitruong780@gmail.com,8d969eef6ecad3c29a3a629280e686cf0c3f5d5a86aff3ca12020c923adc6c92,CUSTOMER,2025-11-19 16:54:26
781,Truong Hong,hongtruong781@gmail.com,8d969eef6ecad3c29a3a629280e686cf0c3f5d5a86aff3ca12020c923adc6c92,CUSTOMER,2024-07-27 17:56:18
782,Truong Huy,huytruong782@gmail.com,8d969eef6ecad3c29a3a629280e686cf0c3f5d5a86aff3ca12020c923adc6c92,CUSTOMER,2025-09-22 00:53:08
783,Truong Kiet,kiettruong783@gmail.com,8d969eef6ecad3c29a3a629280e686cf0c3f5d5a86aff3ca12020c923adc6c92,CUSTOMER,2024-07-31 05:14:33
784,Truong Le,letruong784@gmail.com,8d969eef6ecad3c29a3a629280e686cf0c3f5d5a86aff3ca12020c923adc6c92,CUSTOMER,2024-03-02 09:18:18
785,Truong Ly,lytruong785@gmail.com,8d969eef6ecad3c29a3a629280e686cf0c3f5d5a86aff3ca12020c923adc6c92,CUSTOMER,2025-08-13 14:52:16
786,Truong My,mytruong786@gmail.com,8d969eef6ecad3c29a3a629280e686cf0c3f5d5a86aff3ca12020c923adc6c92,CUSTOMER,2025-11-13 19:01:22
787,Truong Phuc,phuctruong787@gmail.com,8d969eef6ecad3c29a3a629280e686cf0c3f5d5a86aff3ca12020c923adc6c92,CUSTOMER,2025-02-08 05:25:46
788,Truong Phuong,phuongtruong788@gmail.com,8d969eef6ecad3c29a3a629280e686cf0c3f5d5a86aff3ca12020c923adc6c92,CUSTOMER,2025-07-14 12:15:07
789,Truong Quan,quantruong789@gmail.com,8d969eef6ecad3c29a3a629280e686cf0c3f5d5a86aff3ca12020c923adc6c92,CUSTOMER,2025-01-25 04:59:50
790,Truong Quyen,quyentruong790@gmail.com,8d969eef6ecad3c29a3a629280e686cf0c3f5d5a86aff3ca12020c923adc6c92,CUSTOMER,2024-12-20 04:53:40
791,Truong Tam,tamtruong791@gmail.com,8d969eef6ecad3c29a3a629280e686cf0c3f5d5a86aff3ca12020c923adc6c92,CUSTOMER,2025-02-26 00:10:59
792,Truong Thi,thitruong792@gmail.com,8d969eef6ecad3c29a3a629280e686cf0c3f5d5a86aff3ca12020c923adc6c92,CUSTOMER,2024-03-15 05:03:56
793,Truong Thien,thientruong793@gmail.com,8d969eef6ecad3c29a3a629280e686cf0c3f5d5a86aff3ca12020c923adc6c92,CUSTOMER,2024-02-06 16:01:25
794,Truong Thu,thutruong794@gmail.com,8d969eef6ecad3c29a3a629280e686cf0c3f5d5a86aff3ca12020c923adc6c92,CUSTOMER,2026-01-12 09:17:16
795,Truong Thuy,thuytruong795@gmail.com,8d969eef6ecad3c29a3a629280e686cf0c3f5d5a86aff3ca12020c923adc6c92,CUSTOMER,2025-01-21 15:46:59
796,Truong Tien,tientruong796@gmail.com,8d969eef6ecad3c29a3a629280e686cf0c3f5d5a86aff3ca12020c923adc6c92,CUSTOMER,2025-03-09 12:53:51
797,Truong Trung,trungtruong797@gmail.com,8d969eef6ecad3c29a3a629280e686cf0c3f5d5a86aff3ca12020c923adc6c92,CUSTOMER,2024-11-28 13:16:05
798,Truong Tung,tungtruong798@gmail.com,8d969eef6ecad3c29a3a629280e686cf0c3f5d5a86aff3ca12020c923adc6c92,CUSTOMER,2025-12-20 14:46:52
799,Truong Van,vantruong799@gmail.com,8d969eef6ecad3c29a3a629280e686cf0c3f5d5a86aff3ca12020c923adc6c92,CUSTOMER,2024-01-04 21:00:34
800,Truong Vy,vytruong800@gmail.com,8d969eef6ecad3c29a3a629280e686cf0c3f5d5a86aff3ca12020c923adc6c92,CUSTOMER,2026-01-16 18:31:04
801,Dinh Anh,anhdinh801@gmail.com,8d969eef6ecad3c29a3a629280e686cf0c3f5d5a86aff3ca12020c923adc6c92,CUSTOMER,2025-10-20 07:15:26
802,Dinh Binh,binhdinh802@gmail.com,8d969eef6ecad3c29a3a629280e686cf0c3f5d5a86aff3ca12020c923adc6c92,CUSTOMER,2025-07-04 18:19:07
803,Dinh Chi,chidinh803@gmail.com,8d969eef6ecad3c29a3a629280e686cf0c3f5d5a86aff3ca12020c923adc6c92,CUSTOMER,2025-11-03 15:51:24
804,Dinh Dung,dungdinh804@gmail.com,8d969eef6ecad3c29a3a629280e686cf0c3f5d5a86aff3ca12020c923adc6c92,CUSTOMER,2024-08-09 06:43:50
805,Dinh Hanh,hanhdinh805@gmail.com,8d969eef6ecad3c29a3a629280e686cf0c3f5d5a86aff3ca12020c923adc6c92,CUSTOMER,2025-04-25 21:08:49
806,Dinh Hieu,hieudinh806@gmail.com,8d969eef6ecad3c29a3a629280e686cf0c3f5d5a86aff3ca12020c923adc6c92,CUSTOMER,2025-01-02 07:57:52
807,Dinh Hoa,hoadinh807@gmail.com,8d969eef6ecad3c29a3a629280e686cf0c3f5d5a86aff3ca12020c923adc6c92,CUSTOMER,2025-04-17 03:06:42
808,Dinh Khanh,khanhdinh808@gmail.com,8d969eef6ecad3c29a3a629280e686cf0c3f5d5a86aff3ca12020c923adc6c92,CUSTOMER,2025-09-13 15:38:27
809,Dinh Lam,lamdinh809@gmail.com,8d969eef6ecad3c29a3a629280e686cf0c3f5d5a86aff3ca12020c923adc6c92,CUSTOMER,2024-04-19 11:35:27
810,Dinh Linh,linhdinh810@gmail.com,8d969eef6ecad3c29a3a629280e686cf0c3f5d5a86aff3ca12020c923adc6c92,CUSTOMER,2024-09-16 12:15:34
811,Dinh Long,longdinh811@gmail.com,8d969eef6ecad3c29a3a629280e686cf0c3f5d5a86aff3ca12020c923adc6c92,CUSTOMER,2025-08-06 11:17:18
812,Dinh Mai,maidinh812@gmail.com,8d969eef6ecad3c29a3a629280e686cf0c3f5d5a86aff3ca12020c923adc6c92,CUSTOMER,2024-02-06 04:22:50
813,Dinh Minh,minhdinh813@gmail.com,8d969eef6ecad3c29a3a629280e686cf0c3f5d5a86aff3ca12020c923adc6c92,CUSTOMER,2026-01-21 21:20:32
814,Dinh Nam,namdinh814@gmail.com,8d969eef6ecad3c29a3a629280e686cf0c3f5d5a86aff3ca12020c923adc6c92,CUSTOMER,2024-05-21 09:53:31
815,Dinh Nga,ngadinh815@gmail.com,8d969eef6ecad3c29a3a629280e686cf0c3f5d5a86aff3ca12020c923adc6c92,CUSTOMER,2024-01-23 16:37:26
816,Dinh Nhi,nhidinh816@gmail.com,8d969eef6ecad3c29a3a629280e686cf0c3f5d5a86aff3ca12020c923adc6c92,CUSTOMER,2025-08-10 20:44:18
817,Dinh Phong,phongdinh817@gmail.com,8d969eef6ecad3c29a3a629280e686cf0c3f5d5a86aff3ca12020c923adc6c92,CUSTOMER,2025-07-07 02:49:38
818,Dinh Quang,quangdinh818@gmail.com,8d969eef6ecad3c29a3a629280e686cf0c3f5d5a86aff3ca12020c923adc6c92,CUSTOMER,2024-04-16 03:41:01
819,Dinh Son,sondinh819@gmail.com,8d969eef6ecad3c29a3a629280e686cf0c3f5d5a86aff3ca12020c923adc6c92,CUSTOMER,2024-03-02 22:47:56
820,Dinh Thao,thaodinh820@gmail.com,8d969eef6ecad3c29a3a629280e686cf0c3f5d5a86aff3ca12020c923adc6c92,CUSTOMER,2024-08-26 11:51:51
821,Dinh Trang,trangdinh821@gmail.com,8d969eef6ecad3c29a3a629280e686cf0c3f5d5a86aff3ca12020c923adc6c92,CUSTOMER,2024-05-11 21:21:54
822,Dinh Tuan,tuandinh822@gmail.com,8d969eef6ecad3c29a3a629280e686cf0c3f5d5a86aff3ca12020c923adc6c92,CUSTOMER,2024-12-04 22:43:40
823,Dinh Viet,vietdinh823@gmail.com,8d969eef6ecad3c29a3a629280e686cf0c3f5d5a86aff3ca12020c923adc6c92,CUSTOMER,2024-12-17 22:35:29
824,Dinh Yen,yendinh824@gmail.com,8d969eef6ecad3c29a3a629280e686cf0c3f5d5a86aff3ca12020c923adc6c92,CUSTOMER,2024-12-21 08:34:45
825,Dinh An,andinh825@gmail.com,8d969eef6ecad3c29a3a629280e686cf0c3f5d5a86aff3ca12020c923adc6c92,CUSTOMER,2024-01-13 03:09:41
826,Dinh Bao,baodinh826@gmail.com,8d969eef6ecad3c29a3a629280e686cf0c3f5d5a86aff3ca12020c923adc6c92,CUSTOMER,2025-06-06 22:26:30
827,Dinh Cuong,cuongdinh827@gmail.com,8d969eef6ecad3c29a3a629280e686cf0c3f5d5a86aff3ca12020c923adc6c92,CUSTOMER,2025-09-24 17:43:31
828,Dinh Dao,daodinh828@gmail.com,8d969eef6ecad3c29a3a629280e686cf0c3f5d5a86aff3ca12020c923adc6c92,CUSTOMER,2025-06-25 13:28:59
829,Dinh Giang,giangdinh829@gmail.com,8d969eef6ecad3c29a3a629280e686cf0c3f5d5a86aff3ca12020c923adc6c92,CUSTOMER,2025-09-15 12:53:12
830,Dinh Hai,haidinh830@gmail.com,8d969eef6ecad3c29a3a629280e686cf0c3f5d5a86aff3ca12020c923adc6c92,CUSTOMER,2024-06-27 15:22:52
831,Dinh Hong,hongdinh831@gmail.com,8d969eef6ecad3c29a3a629280e686cf0c3f5d5a86aff3ca12020c923adc6c92,CUSTOMER,2024-02-21 03:59:20
832,Dinh Huy,huydinh832@gmail.com,8d969eef6ecad3c29a3a629280e686cf0c3f5d5a86aff3ca12020c923adc6c92,CUSTOMER,2024-11-17 11:35:28
833,Dinh Kiet,kietdinh833@gmail.com,8d969eef6ecad3c29a3a629280e686cf0c3f5d5a86aff3ca12020c923adc6c92,CUSTOMER,2025-10-16 03:01:25
834,Dinh Le,ledinh834@gmail.com,8d969eef6ecad3c29a3a629280e686cf0c3f5d5a86aff3ca12020c923adc6c92,CUSTOMER,2025-02-09 00:05:05
835,Dinh Ly,lydinh835@gmail.com,8d969eef6ecad3c29a3a629280e686cf0c3f5d5a86aff3ca12020c923adc6c92,CUSTOMER,2024-05-31 05:53:42
836,Dinh My,mydinh836@gmail.com,8d969eef6ecad3c29a3a629280e686cf0c3f5d5a86aff3ca12020c923adc6c92,CUSTOMER,2025-09-22 16:44:50
837,Dinh Phuc,phucdinh837@gmail.com,8d969eef6ecad3c29a3a629280e686cf0c3f5d5a86aff3ca12020c923adc6c92,CUSTOMER,2024-12-30 09:39:53
838,Dinh Phuong,phuongdinh838@gmail.com,8d969eef6ecad3c29a3a629280e686cf0c3f5d5a86aff3ca12020c923adc6c92,CUSTOMER,2024-01-01 16:53:34
839,Dinh Quan,quandinh839@gmail.com,8d969eef6ecad3c29a3a629280e686cf0c3f5d5a86aff3ca12020c923adc6c92,CUSTOMER,2025-06-14 05:13:19
840,Dinh Quyen,quyendinh840@gmail.com,8d969eef6ecad3c29a3a629280e686cf0c3f5d5a86aff3ca12020c923adc6c92,CUSTOMER,2024-12-05 11:47:27
841,Dinh Tam,tamdinh841@gmail.com,8d969eef6ecad3c29a3a629280e686cf0c3f5d5a86aff3ca12020c923adc6c92,CUSTOMER,2024-05-26 01:42:11
842,Dinh Thi,thidinh842@gmail.com,8d969eef6ecad3c29a3a629280e686cf0c3f5d5a86aff3ca12020c923adc6c92,CUSTOMER,2024-03-13 16:17:09
843,Dinh Thien,thiendinh843@gmail.com,8d969eef6ecad3c29a3a629280e686cf0c3f5d5a86aff3ca12020c923adc6c92,CUSTOMER,2025-03-11 20:07:27
844,Dinh Thu,thudinh844@gmail.com,8d969eef6ecad3c29a3a629280e686cf0c3f5d5a86aff3ca12020c923adc6c92,CUSTOMER,2024-04-02 07:56:17
845,Dinh Thuy,thuydinh845@gmail.com,8d969eef6ecad3c29a3a629280e686cf0c3f5d5a86aff3ca12020c923adc6c92,CUSTOMER,2025-06-14 16:13:33
846,Dinh Tien,tiendinh846@gmail.com,8d969eef6ecad3c29a3a629280e686cf0c3f5d5a86aff3ca12020c923adc6c92,CUSTOMER,2024-06-23 03:20:14
847,Dinh Trung,trungdinh847@gmail.com,8d969eef6ecad3c29a3a629280e686cf0c3f5d5a86aff3ca12020c923adc6c92,CUSTOMER,2024-06-24 06:38:41
848,Dinh Tung,tungdinh848@gmail.com,8d969eef6ecad3c29a3a629280e686cf0c3f5d5a86aff3ca12020c923adc6c92,CUSTOMER,2024-06-04 17:44:06
849,Dinh Van,vandinh849@gmail.com,8d969eef6ecad3c29a3a629280e686cf0c3f5d5a86aff3ca12020c923adc6c92,CUSTOMER,2024-01-24 14:13:58
850,Dinh Vy,vydinh850@gmail.com,8d969eef6ecad3c29a3a629280e686cf0c3f5d5a86aff3ca12020c923adc6c92,CUSTOMER,2025-09-22 13:53:52
851,Huynh Anh,anhhuynh851@gmail.com,8d969eef6ecad3c29a3a629280e686cf0c3f5d5a86aff3ca12020c923adc6c92,CUSTOMER,2024-03-13 23:59:11
852,Huynh Binh,binhhuynh852@gmail.com,8d969eef6ecad3c29a3a629280e686cf0c3f5d5a86aff3ca12020c923adc6c92,CUSTOMER,2025-03-14 13:43:58
853,Huynh Chi,chihuynh853@gmail.com,8d969eef6ecad3c29a3a629280e686cf0c3f5d5a86aff3ca12020c923adc6c92,CUSTOMER,2025-02-17 16:36:07
854,Huynh Dung,dunghuynh854@gmail.com,8d969eef6ecad3c29a3a629280e686cf0c3f5d5a86aff3ca12020c923adc6c92,CUSTOMER,2025-05-06 02:51:02
855,Huynh Hanh,hanhhuynh855@gmail.com,8d969eef6ecad3c29a3a629280e686cf0c3f5d5a86aff3ca12020c923adc6c92,CUSTOMER,2024-02-03 19:21:29
856,Huynh Hieu,hieuhuynh856@gmail.com,8d969eef6ecad3c29a3a629280e686cf0c3f5d5a86aff3ca12020c923adc6c92,CUSTOMER,2024-07-02 05:34:46
857,Huynh Hoa,hoahuynh857@gmail.com,8d969eef6ecad3c29a3a629280e686cf0c3f5d5a86aff3ca12020c923adc6c92,CUSTOMER,2024-02-24 19:39:37
858,Huynh Khanh,khanhhuynh858@gmail.com,8d969eef6ecad3c29a3a629280e686cf0c3f5d5a86aff3ca12020c923adc6c92,CUSTOMER,2024-08-26 07:50:12
859,Huynh Lam,lamhuynh859@gmail.com,8d969eef6ecad3c29a3a629280e686cf0c3f5d5a86aff3ca12020c923adc6c92,CUSTOMER,2024-08-04 13:54:13
860,Huynh Linh,linhhuynh860@gmail.com,8d969eef6ecad3c29a3a629280e686cf0c3f5d5a86aff3ca12020c923adc6c92,CUSTOMER,2025-05-14 19:26:30
861,Huynh Long,longhuynh861@gmail.com,8d969eef6ecad3c29a3a629280e686cf0c3f5d5a86aff3ca12020c923adc6c92,CUSTOMER,2024-09-19 17:19:10
862,Huynh Mai,maihuynh862@gmail.com,8d969eef6ecad3c29a3a629280e686cf0c3f5d5a86aff3ca12020c923adc6c92,CUSTOMER,2024-12-18 17:57:29
863,Huynh Minh,minhhuynh863@gmail.com,8d969eef6ecad3c29a3a629280e686cf0c3f5d5a86aff3ca12020c923adc6c92,CUSTOMER,2025-12-13 17:56:37
864,Huynh Nam,namhuynh864@gmail.com,8d969eef6ecad3c29a3a629280e686cf0c3f5d5a86aff3ca12020c923adc6c92,CUSTOMER,2024-06-24 02:44:37
865,Huynh Nga,ngahuynh865@gmail.com,8d969eef6ecad3c29a3a629280e686cf0c3f5d5a86aff3ca12020c923adc6c92,CUSTOMER,2025-01-07 17:40:47
866,Huynh Nhi,nhihuynh866@gmail.com,8d969eef6ecad3c29a3a629280e686cf0c3f5d5a86aff3ca12020c923adc6c92,CUSTOMER,2025-07-25 09:38:35
867,Huynh Phong,phonghuynh867@gmail.com,8d969eef6ecad3c29a3a629280e686cf0c3f5d5a86aff3ca12020c923adc6c92,CUSTOMER,2025-09-17 14:16:51
868,Huynh Quang,quanghuynh868@gmail.com,8d969eef6ecad3c29a3a629280e686cf0c3f5d5a86aff3ca12020c923adc6c92,CUSTOMER,2025-03-25 02:43:51
869,Huynh Son,sonhuynh869@gmail.com,8d969eef6ecad3c29a3a629280e686cf0c3f5d5a86aff3ca12020c923adc6c92,CUSTOMER,2024-12-18 13:12:05
870,Huynh Thao,thaohuynh870@gmail.com,8d969eef6ecad3c29a3a629280e686cf0c3f5d5a86aff3ca12020c923adc6c92,CUSTOMER,2024-07-27 07:51:25
871,Huynh Trang,tranghuynh871@gmail.com,8d969eef6ecad3c29a3a629280e686cf0c3f5d5a86aff3ca12020c923adc6c92,CUSTOMER,2024-10-23 21:03:25
872,Huynh Tuan,tuanhuynh872@gmail.com,8d969eef6ecad3c29a3a629280e686cf0c3f5d5a86aff3ca12020c923adc6c92,CUSTOMER,2025-10-10 20:48:23
873,Huynh Viet,viethuynh873@gmail.com,8d969eef6ecad3c29a3a629280e686cf0c3f5d5a86aff3ca12020c923adc6c92,CUSTOMER,2025-05-22 00:58:11
874,Huynh Yen,yenhuynh874@gmail.com,8d969eef6ecad3c29a3a629280e686cf0c3f5d5a86aff3ca12020c923adc6c92,CUSTOMER,2025-04-11 19:10:26
875,Huynh An,anhuynh875@gmail.com,8d969eef6ecad3c29a3a629280e686cf0c3f5d5a86aff3ca12020c923adc6c92,CUSTOMER,2024-03-13 22:07:15
876,Huynh Bao,baohuynh876@gmail.com,8d969eef6ecad3c29a3a629280e686cf0c3f5d5a86aff3ca12020c923adc6c92,CUSTOMER,2024-01-29 00:38:07
877,Huynh Cuong,cuonghuynh877@gmail.com,8d969eef6ecad3c29a3a629280e686cf0c3f5d5a86aff3ca12020c923adc6c92,CUSTOMER,2025-12-16 03:05:44
878,Huynh Dao,daohuynh878@gmail.com,8d969eef6ecad3c29a3a629280e686cf0c3f5d5a86aff3ca12020c923adc6c92,CUSTOMER,2025-08-02 12:17:20
879,Huynh Giang,gianghuynh879@gmail.com,8d969eef6ecad3c29a3a629280e686cf0c3f5d5a86aff3ca12020c923adc6c92,CUSTOMER,2025-03-18 03:09:12
880,Huynh Hai,haihuynh880@gmail.com,8d969eef6ecad3c29a3a629280e686cf0c3f5d5a86aff3ca12020c923adc6c92,CUSTOMER,2024-09-18 19:22:17
881,Huynh Hong,honghuynh881@gmail.com,8d969eef6ecad3c29a3a629280e686cf0c3f5d5a86aff3ca12020c923adc6c92,CUSTOMER,2024-11-13 12:48:30
882,Huynh Huy,huyhuynh882@gmail.com,8d969eef6ecad3c29a3a629280e686cf0c3f5d5a86aff3ca12020c923adc6c92,CUSTOMER,2026-01-08 01:36:13
883,Huynh Kiet,kiethuynh883@gmail.com,8d969eef6ecad3c29a3a629280e686cf0c3f5d5a86aff3ca12020c923adc6c92,CUSTOMER,2024-11-17 02:49:02
884,Huynh Le,lehuynh884@gmail.com,8d969eef6ecad3c29a3a629280e686cf0c3f5d5a86aff3ca12020c923adc6c92,CUSTOMER,2025-06-30 00:53:25
885,Huynh Ly,lyhuynh885@gmail.com,8d969eef6ecad3c29a3a629280e686cf0c3f5d5a86aff3ca12020c923adc6c92,CUSTOMER,2024-12-18 16:53:04
886,Huynh My,myhuynh886@gmail.com,8d969eef6ecad3c29a3a629280e686cf0c3f5d5a86aff3ca12020c923adc6c92,CUSTOMER,2024-10-13 08:19:09
887,Huynh Phuc,phuchuynh887@gmail.com,8d969eef6ecad3c29a3a629280e686cf0c3f5d5a86aff3ca12020c923adc6c92,CUSTOMER,2024-03-10 14:55:24
888,Huynh Phuong,phuonghuynh888@gmail.com,8d969eef6ecad3c29a3a629280e686cf0c3f5d5a86aff3ca12020c923adc6c92,CUSTOMER,2024-05-12 10:26:46
889,Huynh Quan,quanhuynh889@gmail.com,8d969eef6ecad3c29a3a629280e686cf0c3f5d5a86aff3ca12020c923adc6c92,CUSTOMER,2024-06-04 02:32:32
890,Huynh Quyen,quyenhuynh890@gmail.com,8d969eef6ecad3c29a3a629280e686cf0c3f5d5a86aff3ca12020c923adc6c92,CUSTOMER,2025-07-18 02:57:34
891,Huynh Tam,tamhuynh891@gmail.com,8d969eef6ecad3c29a3a629280e686cf0c3f5d5a86aff3ca12020c923adc6c92,CUSTOMER,2025-06-13 08:55:44
892,Huynh Thi,thihuynh892@gmail.com,8d969eef6ecad3c29a3a629280e686cf0c3f5d5a86aff3ca12020c923adc6c92,CUSTOMER,2025-07-18 08:09:42
893,Huynh Thien,thienhuynh893@gmail.com,8d969eef6ecad3c29a3a629280e686cf0c3f5d5a86aff3ca12020c923adc6c92,CUSTOMER,2024-06-13 11:39:05
894,Huynh Thu,thuhuynh894@gmail.com,8d969eef6ecad3c29a3a629280e686cf0c3f5d5a86aff3ca12020c923adc6c92,CUSTOMER,2025-10-19 07:10:07
895,Huynh Thuy,thuyhuynh895@gmail.com,8d969eef6ecad3c29a3a629280e686cf0c3f5d5a86aff3ca12020c923adc6c92,CUSTOMER,2024-06-27 09:33:13
896,Huynh Tien,tienhuynh896@gmail.com,8d969eef6ecad3c29a3a629280e686cf0c3f5d5a86aff3ca12020c923adc6c92,CUSTOMER,2024-03-07 20:50:57
897,Huynh Trung,trunghuynh897@gmail.com,8d969eef6ecad3c29a3a629280e686cf0c3f5d5a86aff3ca12020c923adc6c92,CUSTOMER,2026-01-07 20:06:58
898,Huynh Tung,tunghuynh898@gmail.com,8d969eef6ecad3c29a3a629280e686cf0c3f5d5a86aff3ca12020c923adc6c92,CUSTOMER,2025-05-05 13:57:44
899,Huynh Van,vanhuynh899@gmail.com,8d969eef6ecad3c29a3a629280e686cf0c3f5d5a86aff3ca12020c923adc6c92,CUSTOMER,2024-04-29 20:14:19
900,Huynh Vy,vyhuynh900@gmail.com,8d969eef6ecad3c29a3a629280e686cf0c3f5d5a86aff3ca12020c923adc6c92,CUSTOMER,2024-10-13 14:29:20
901,Mai Anh,anhmai901@gmail.com,8d969eef6ecad3c29a3a629280e686cf0c3f5d5a86aff3ca12020c923adc6c92,CUSTOMER,2025-11-17 16:11:43
902,Mai Binh,binhmai902@gmail.com,8d969eef6ecad3c29a3a629280e686cf0c3f5d5a86aff3ca12020c923adc6c92,CUSTOMER,2025-04-02 13:48:37
903,Mai Chi,chimai903@gmail.com,8d969eef6ecad3c29a3a629280e686cf0c3f5d5a86aff3ca12020c923adc6c92,CUSTOMER,2025-01-31 13:29:04
904,Mai Dung,dungmai904@gmail.com,8d969eef6ecad3c29a3a629280e686cf0c3f5d5a86aff3ca12020c923adc6c92,CUSTOMER,2025-10-01 23:48:23
905,Mai Hanh,hanhmai905@gmail.com,8d969eef6ecad3c29a3a629280e686cf0c3f5d5a86aff3ca12020c923adc6c92,CUSTOMER,2024-01-02 13:18:15
906,Mai Hieu,hieumai906@gmail.com,8d969eef6ecad3c29a3a629280e686cf0c3f5d5a86aff3ca12020c923adc6c92,CUSTOMER,2025-02-26 05:04:10
907,Mai Hoa,hoamai907@gmail.com,8d969eef6ecad3c29a3a629280e686cf0c3f5d5a86aff3ca12020c923adc6c92,CUSTOMER,2025-08-01 07:11:11
908,Mai Khanh,khanhmai908@gmail.com,8d969eef6ecad3c29a3a629280e686cf0c3f5d5a86aff3ca12020c923adc6c92,CUSTOMER,2024-09-28 05:53:18
909,Mai Lam,lammai909@gmail.com,8d969eef6ecad3c29a3a629280e686cf0c3f5d5a86aff3ca12020c923adc6c92,CUSTOMER,2025-05-06 18:19:26
910,Mai Linh,linhmai910@gmail.com,8d969eef6ecad3c29a3a629280e686cf0c3f5d5a86aff3ca12020c923adc6c92,CUSTOMER,2024-03-14 09:34:11
911,Mai Long,longmai911@gmail.com,8d969eef6ecad3c29a3a629280e686cf0c3f5d5a86aff3ca12020c923adc6c92,CUSTOMER,2024-01-30 02:14:03
912,Mai Mai,maimai912@gmail.com,8d969eef6ecad3c29a3a629280e686cf0c3f5d5a86aff3ca12020c923adc6c92,CUSTOMER,2025-06-22 08:41:11
913,Mai Minh,minhmai913@gmail.com,8d969eef6ecad3c29a3a629280e686cf0c3f5d5a86aff3ca12020c923adc6c92,CUSTOMER,2025-07-16 20:38:39
914,Mai Nam,nammai914@gmail.com,8d969eef6ecad3c29a3a629280e686cf0c3f5d5a86aff3ca12020c923adc6c92,CUSTOMER,2025-12-10 11:49:30
915,Mai Nga,ngamai915@gmail.com,8d969eef6ecad3c29a3a629280e686cf0c3f5d5a86aff3ca12020c923adc6c92,CUSTOMER,2025-03-04 11:31:39
916,Mai Nhi,nhimai916@gmail.com,8d969eef6ecad3c29a3a629280e686cf0c3f5d5a86aff3ca12020c923adc6c92,CUSTOMER,2024-10-10 17:43:38
917,Mai Phong,phongmai917@gmail.com,8d969eef6ecad3c29a3a629280e686cf0c3f5d5a86aff3ca12020c923adc6c92,CUSTOMER,2024-07-14 09:04:23
918,Mai Quang,quangmai918@gmail.com,8d969eef6ecad3c29a3a629280e686cf0c3f5d5a86aff3ca12020c923adc6c92,CUSTOMER,2024-07-26 04:17:25
919,Mai Son,sonmai919@gmail.com,8d969eef6ecad3c29a3a629280e686cf0c3f5d5a86aff3ca12020c923adc6c92,CUSTOMER,2024-07-23 18:56:45
920,Mai Thao,thaomai920@gmail.com,8d969eef6ecad3c29a3a629280e686cf0c3f5d5a86aff3ca12020c923adc6c92,CUSTOMER,2025-11-10 18:57:18
921,Mai Trang,trangmai921@gmail.com,8d969eef6ecad3c29a3a629280e686cf0c3f5d5a86aff3ca12020c923adc6c92,CUSTOMER,2025-06-02 22:10:46
922,Mai Tuan,tuanmai922@gmail.com,8d969eef6ecad3c29a3a629280e686cf0c3f5d5a86aff3ca12020c923adc6c92,CUSTOMER,2024-02-02 21:13:06
923,Mai Viet,vietmai923@gmail.com,8d969eef6ecad3c29a3a629280e686cf0c3f5d5a86aff3ca12020c923adc6c92,CUSTOMER,2024-08-07 08:47:40
924,Mai Yen,yenmai924@gmail.com,8d969eef6ecad3c29a3a629280e686cf0c3f5d5a86aff3ca12020c923adc6c92,CUSTOMER,2025-12-27 03:06:25
925,Mai An,anmai925@gmail.com,8d969eef6ecad3c29a3a629280e686cf0c3f5d5a86aff3ca12020c923adc6c92,CUSTOMER,2024-12-29 13:48:14
926,Mai Bao,baomai926@gmail.com,8d969eef6ecad3c29a3a629280e686cf0c3f5d5a86aff3ca12020c923adc6c92,CUSTOMER,2024-02-07 21:01:34
927,Mai Cuong,cuongmai927@gmail.com,8d969eef6ecad3c29a3a629280e686cf0c3f5d5a86aff3ca12020c923adc6c92,CUSTOMER,2026-01-01 01:49:39
928,Mai Dao,daomai928@gmail.com,8d969eef6ecad3c29a3a629280e686cf0c3f5d5a86aff3ca12020c923adc6c92,CUSTOMER,2024-05-24 03:19:05
929,Mai Giang,giangmai929@gmail.com,8d969eef6ecad3c29a3a629280e686cf0c3f5d5a86aff3ca12020c923adc6c92,CUSTOMER,2025-07-05 12:25:06
930,Mai Hai,haimai930@gmail.com,8d969eef6ecad3c29a3a629280e686cf0c3f5d5a86aff3ca12020c923adc6c92,CUSTOMER,2025-06-02 01:50:35
931,Mai Hong,hongmai931@gmail.com,8d969eef6ecad3c29a3a629280e686cf0c3f5d5a86aff3ca12020c923adc6c92,CUSTOMER,2025-11-09 23:07:03
932,Mai Huy,huymai932@gmail.com,8d969eef6ecad3c29a3a629280e686cf0c3f5d5a86aff3ca12020c923adc6c92,CUSTOMER,2025-09-05 22:41:05
933,Mai Kiet,kietmai933@gmail.com,8d969eef6ecad3c29a3a629280e686cf0c3f5d5a86aff3ca12020c923adc6c92,CUSTOMER,2025-10-20 15:38:30
934,Mai Le,lemai934@gmail.com,8d969eef6ecad3c29a3a629280e686cf0c3f5d5a86aff3ca12020c923adc6c92,CUSTOMER,2024-03-18 11:17:02
935,Mai Ly,lymai935@gmail.com,8d969eef6ecad3c29a3a629280e686cf0c3f5d5a86aff3ca12020c923adc6c92,CUSTOMER,2026-01-22 05:51:20
936,Mai My,mymai936@gmail.com,8d969eef6ecad3c29a3a629280e686cf0c3f5d5a86aff3ca12020c923adc6c92,CUSTOMER,2024-01-26 15:41:02
937,Mai Phuc,phucmai937@gmail.com,8d969eef6ecad3c29a3a629280e686cf0c3f5d5a86aff3ca12020c923adc6c92,CUSTOMER,2024-05-26 16:57:54
938,Mai Phuong,phuongmai938@gmail.com,8d969eef6ecad3c29a3a629280e686cf0c3f5d5a86aff3ca12020c923adc6c92,CUSTOMER,2025-04-12 01:18:22
939,Mai Quan,quanmai939@gmail.com,8d969eef6ecad3c29a3a629280e686cf0c3f5d5a86aff3ca12020c923adc6c92,CUSTOMER,2025-08-21 19:19:49
940,Mai Quyen,quyenmai940@gmail.com,8d969eef6ecad3c29a3a629280e686cf0c3f5d5a86aff3ca12020c923adc6c92,CUSTOMER,2025-08-28 18:33:44
941,Mai Tam,tammai941@gmail.com,8d969eef6ecad3c29a3a629280e686cf0c3f5d5a86aff3ca12020c923adc6c92,CUSTOMER,2024-09-22 23:20:15
942,Mai Thi,thimai942@gmail.com,8d969eef6ecad3c29a3a629280e686cf0c3f5d5a86aff3ca12020c923adc6c92,CUSTOMER,2025-02-11 02:29:23
943,Mai Thien,thienmai943@gmail.com,8d969eef6ecad3c29a3a629280e686cf0c3f5d5a86aff3ca12020c923adc6c92,CUSTOMER,2026-01-20 03:30:37
944,Mai Thu,thumai944@gmail.com,8d969eef6ecad3c29a3a629280e686cf0c3f5d5a86aff3ca12020c923adc6c92,CUSTOMER,2024-04-08 13:32:49
945,Mai Thuy,thuymai945@gmail.com,8d969eef6ecad3c29a3a629280e686cf0c3f5d5a86aff3ca12020c923adc6c92,CUSTOMER,2025-11-25 04:26:22
946,Mai Tien,tienmai946@gmail.com,8d969eef6ecad3c29a3a629280e686cf0c3f5d5a86aff3ca12020c923adc6c92,CUSTOMER,2024-04-07 06:19:25
947,Mai Trung,trungmai947@gmail.com,8d969eef6ecad3c29a3a629280e686cf0c3f5d5a86aff3ca12020c923adc6c92,CUSTOMER,2024-08-24 00:37:48
948,Mai Tung,tungmai948@gmail.com,8d969eef6ecad3c29a3a629280e686cf0c3f5d5a86aff3ca12020c923adc6c92,CUSTOMER,2025-01-12 08:26:16
949,Mai Van,vanmai949@gmail.com,8d969eef6ecad3c29a3a629280e686cf0c3f5d5a86aff3ca12020c923adc6c92,CUSTOMER,2025-11-06 04:55:48
950,Mai Vy,vymai950@gmail.com,8d969eef6ecad3c29a3a629280e686cf0c3f5d5a86aff3ca12020c923adc6c92,CUSTOMER,2024-03-10 16:35:37
951,Ta Anh,anhta951@gmail.com,8d969eef6ecad3c29a3a629280e686cf0c3f5d5a86aff3ca12020c923adc6c92,CUSTOMER,2025-05-08 08:55:18
952,Ta Binh,binhta952@gmail.com,8d969eef6ecad3c29a3a629280e686cf0c3f5d5a86aff3ca12020c923adc6c92,CUSTOMER,2024-03-30 15:00:54
953,Ta Chi,chita953@gmail.com,8d969eef6ecad3c29a3a629280e686cf0c3f5d5a86aff3ca12020c923adc6c92,CUSTOMER,2025-09-02 19:24:49
954,Ta Dung,dungta954@gmail.com,8d969eef6ecad3c29a3a629280e686cf0c3f5d5a86aff3ca12020c923adc6c92,CUSTOMER,2025-11-14 20:40:47
955,Ta Hanh,hanhta955@gmail.com,8d969eef6ecad3c29a3a629280e686cf0c3f5d5a86aff3ca12020c923adc6c92,CUSTOMER,2024-04-25 02:11:58
956,Ta Hieu,hieuta956@gmail.com,8d969eef6ecad3c29a3a629280e686cf0c3f5d5a86aff3ca12020c923adc6c92,CUSTOMER,2024-10-09 04:14:14
957,Ta Hoa,hoata957@gmail.com,8d969eef6ecad3c29a3a629280e686cf0c3f5d5a86aff3ca12020c923adc6c92,CUSTOMER,2026-01-09 05:08:25
958,Ta Khanh,khanhta958@gmail.com,8d969eef6ecad3c29a3a629280e686cf0c3f5d5a86aff3ca12020c923adc6c92,CUSTOMER,2026-01-17 06:13:00
959,Ta Lam,lamta959@gmail.com,8d969eef6ecad3c29a3a629280e686cf0c3f5d5a86aff3ca12020c923adc6c92,CUSTOMER,2025-04-21 06:53:59
960,Ta Linh,linhta960@gmail.com,8d969eef6ecad3c29a3a629280e686cf0c3f5d5a86aff3ca12020c923adc6c92,CUSTOMER,2024-07-25 17:40:20
961,Ta Long,longta961@gmail.com,8d969eef6ecad3c29a3a629280e686cf0c3f5d5a86aff3ca12020c923adc6c92,CUSTOMER,2024-01-02 23:51:05
962,Ta Mai,maita962@gmail.com,8d969eef6ecad3c29a3a629280e686cf0c3f5d5a86aff3ca12020c923adc6c92,CUSTOMER,2026-01-23 00:43:30
963,Ta Minh,minhta963@gmail.com,8d969eef6ecad3c29a3a629280e686cf0c3f5d5a86aff3ca12020c923adc6c92,CUSTOMER,2025-02-16 00:52:10
964,Ta Nam,namta964@gmail.com,8d969eef6ecad3c29a3a629280e686cf0c3f5d5a86aff3ca12020c923adc6c92,CUSTOMER,2024-10-06 21:52:12
965,Ta Nga,ngata965@gmail.com,8d969eef6ecad3c29a3a629280e686cf0c3f5d5a86aff3ca12020c923adc6c92,CUSTOMER,2024-03-21 09:51:18
966,Ta Nhi,nhita966@gmail.com,8d969eef6ecad3c29a3a629280e686cf0c3f5d5a86aff3ca12020c923adc6c92,CUSTOMER,2025-02-19 08:24:54
967,Ta Phong,phongta967@gmail.com,8d969eef6ecad3c29a3a629280e686cf0c3f5d5a86aff3ca12020c923adc6c92,CUSTOMER,2025-04-29 14:26:01
968,Ta Quang,quangta968@gmail.com,8d969eef6ecad3c29a3a629280e686cf0c3f5d5a86aff3ca12020c923adc6c92,CUSTOMER,2025-05-11 16:35:45
969,Ta Son,sonta969@gmail.com,8d969eef6ecad3c29a3a629280e686cf0c3f5d5a86aff3ca12020c923adc6c92,CUSTOMER,2024-01-23 06:50:24
970,Ta Thao,thaota970@gmail.com,8d969eef6ecad3c29a3a629280e686cf0c3f5d5a86aff3ca12020c923adc6c92,CUSTOMER,2026-01-19 03:49:37
971,Ta Trang,trangta971@gmail.com,8d969eef6ecad3c29a3a629280e686cf0c3f5d5a86aff3ca12020c923adc6c92,CUSTOMER,2024-05-14 14:04:17
972,Ta Tuan,tuanta972@gmail.com,8d969eef6ecad3c29a3a629280e686cf0c3f5d5a86aff3ca12020c923adc6c92,CUSTOMER,2025-04-30 01:32:42
973,Ta Viet,vietta973@gmail.com,8d969eef6ecad3c29a3a629280e686cf0c3f5d5a86aff3ca12020c923adc6c92,CUSTOMER,2025-02-14 13:36:18
974,Ta Yen,yenta974@gmail.com,8d969eef6ecad3c29a3a629280e686cf0c3f5d5a86aff3ca12020c923adc6c92,CUSTOMER,2024-09-08 05:14:18
975,Ta An,anta975@gmail.com,8d969eef6ecad3c29a3a629280e686cf0c3f5d5a86aff3ca12020c923adc6c92,CUSTOMER,2025-01-10 03:43:59
976,Ta Bao,baota976@gmail.com,8d969eef6ecad3c29a3a629280e686cf0c3f5d5a86aff3ca12020c923adc6c92,CUSTOMER,2024-09-10 13:12:48
977,Ta Cuong,cuongta977@gmail.com,8d969eef6ecad3c29a3a629280e686cf0c3f5d5a86aff3ca12020c923adc6c92,CUSTOMER,2024-03-23 16:15:34
978,Ta Dao,daota978@gmail.com,8d969eef6ecad3c29a3a629280e686cf0c3f5d5a86aff3ca12020c923adc6c92,CUSTOMER,2025-09-13 01:19:00
979,Ta Giang,giangta979@gmail.com,8d969eef6ecad3c29a3a629280e686cf0c3f5d5a86aff3ca12020c923adc6c92,CUSTOMER,2024-02-25 18:32:10
980,Ta Hai,haita980@gmail.com,8d969eef6ecad3c29a3a629280e686cf0c3f5d5a86aff3ca12020c923adc6c92,CUSTOMER,2025-09-05 15:15:10
981,Ta Hong,hongta981@gmail.com,8d969eef6ecad3c29a3a629280e686cf0c3f5d5a86aff3ca12020c923adc6c92,CUSTOMER,2024-07-23 01:48:34
982,Ta Huy,huyta982@gmail.com,8d969eef6ecad3c29a3a629280e686cf0c3f5d5a86aff3ca12020c923adc6c92,CUSTOMER,2025-11-19 05:32:26
983,Ta Kiet,kietta983@gmail.com,8d969eef6ecad3c29a3a629280e686cf0c3f5d5a86aff3ca12020c923adc6c92,CUSTOMER,2025-07-07 12:11:26
984,Ta Le,leta984@gmail.com,8d969eef6ecad3c29a3a629280e686cf0c3f5d5a86aff3ca12020c923adc6c92,CUSTOMER,2025-11-05 18:50:11
985,Ta Ly,lyta985@gmail.com,8d969eef6ecad3c29a3a629280e686cf0c3f5d5a86aff3ca12020c923adc6c92,CUSTOMER,2025-07-11 20:19:08
986,Ta My,myta986@gmail.com,8d969eef6ecad3c29a3a629280e686cf0c3f5d5a86aff3ca12020c923adc6c92,CUSTOMER,2024-08-28 19:47:41
987,Ta Phuc,phucta987@gmail.com,8d969eef6ecad3c29a3a629280e686cf0c3f5d5a86aff3ca12020c923adc6c92,CUSTOMER,2024-08-17 00:05:40
988,Ta Phuong,phuongta988@gmail.com,8d969eef6ecad3c29a3a629280e686cf0c3f5d5a86aff3ca12020c923adc6c92,CUSTOMER,2025-11-28 06:44:02
989,Ta Quan,quanta989@gmail.com,8d969eef6ecad3c29a3a629280e686cf0c3f5d5a86aff3ca12020c923adc6c92,CUSTOMER,2025-12-22 00:31:32
990,Ta Quyen,quyenta990@gmail.com,8d969eef6ecad3c29a3a629280e686cf0c3f5d5a86aff3ca12020c923adc6c92,CUSTOMER,2025-04-14 23:19:15
991,Ta Tam,tamta991@gmail.com,8d969eef6ecad3c29a3a629280e686cf0c3f5d5a86aff3ca12020c923adc6c92,CUSTOMER,2024-09-27 20:47:35
992,Ta Thi,thita992@gmail.com,8d969eef6ecad3c29a3a629280e686cf0c3f5d5a86aff3ca12020c923adc6c92,CUSTOMER,2025-07-13 06:34:12
993,Ta Thien,thienta993@gmail.com,8d969eef6ecad3c29a3a629280e686cf0c3f5d5a86aff3ca12020c923adc6c92,CUSTOMER,2024-01-06 02:16:21
994,Ta Thu,thuta994@gmail.com,8d969eef6ecad3c29a3a629280e686cf0c3f5d5a86aff3ca12020c923adc6c92,CUSTOMER,2025-11-09 18:51:31
995,Ta Thuy,thuyta995@gmail.com,8d969eef6ecad3c29a3a629280e686cf0c3f5d5a86aff3ca12020c923adc6c92,CUSTOMER,2025-12-12 00:46:54
996,Ta Tien,tienta996@gmail.com,8d969eef6ecad3c29a3a629280e686cf0c3f5d5a86aff3ca12020c923adc6c92,CUSTOMER,2025-11-12 20:47:48
997,Ta Trung,trungta997@gmail.com,8d969eef6ecad3c29a3a629280e686cf0c3f5d5a86aff3ca12020c923adc6c92,CUSTOMER,2024-07-08 08:39:49
998,Ta Tung,tungta998@gmail.com,8d969eef6ecad3c29a3a629280e686cf0c3f5d5a86aff3ca12020c923adc6c92,CUSTOMER,2024-06-17 08:50:33
999,Ta Van,vanta999@gmail.com,8d969eef6ecad3c29a3a629280e686cf0c3f5d5a86aff3ca12020c923adc6c92,CUSTOMER,2024-03-17 00:53:50
1000,Ta Vy,vyta1000@gmail.com,8d969eef6ecad3c29a3a629280e686cf0c3f5d5a86aff3ca12020c923adc6c92,CUSTOMER,2025-11-20 02:04:27
